# rinf: amplitudes  shape=(nroots=16, nocc_full=16, nvirt=80)
# nfrozen=4 (rows 0..3 are zero)  nocc_active=12
# Each block: root N (1-based), energy, then nocc_full rows of nvirt values

# Root 1  E=0.2992998635 Ha  8.144368 eV
  0.0000000000    0.0000000000    0.0000000000    0.0000000000    0.0000000000    0.0000000000    0.0000000000    0.0000000000    0.0000000000    0.0000000000    0.0000000000    0.0000000000    0.0000000000    0.0000000000    0.0000000000    0.0000000000    0.0000000000    0.0000000000    0.0000000000    0.0000000000    0.0000000000    0.0000000000    0.0000000000    0.0000000000    0.0000000000    0.0000000000    0.0000000000    0.0000000000    0.0000000000    0.0000000000    0.0000000000    0.0000000000    0.0000000000    0.0000000000    0.0000000000    0.0000000000    0.0000000000    0.0000000000    0.0000000000    0.0000000000    0.0000000000    0.0000000000    0.0000000000    0.0000000000    0.0000000000    0.0000000000    0.0000000000    0.0000000000    0.0000000000    0.0000000000    0.0000000000    0.0000000000    0.0000000000    0.0000000000    0.0000000000    0.0000000000    0.0000000000    0.0000000000    0.0000000000    0.0000000000    0.0000000000    0.0000000000    0.0000000000    0.0000000000    0.0000000000    0.0000000000    0.0000000000    0.0000000000    0.0000000000    0.0000000000    0.0000000000    0.0000000000    0.0000000000    0.0000000000    0.0000000000    0.0000000000    0.0000000000    0.0000000000    0.0000000000    0.0000000000
  0.0000000000    0.0000000000    0.0000000000    0.0000000000    0.0000000000    0.0000000000    0.0000000000    0.0000000000    0.0000000000    0.0000000000    0.0000000000    0.0000000000    0.0000000000    0.0000000000    0.0000000000    0.0000000000    0.0000000000    0.0000000000    0.0000000000    0.0000000000    0.0000000000    0.0000000000    0.0000000000    0.0000000000    0.0000000000    0.0000000000    0.0000000000    0.0000000000    0.0000000000    0.0000000000    0.0000000000    0.0000000000    0.0000000000    0.0000000000    0.0000000000    0.0000000000    0.0000000000    0.0000000000    0.0000000000    0.0000000000    0.0000000000    0.0000000000    0.0000000000    0.0000000000    0.0000000000    0.0000000000    0.0000000000    0.0000000000    0.0000000000    0.0000000000    0.0000000000    0.0000000000    0.0000000000    0.0000000000    0.0000000000    0.0000000000    0.0000000000    0.0000000000    0.0000000000    0.0000000000    0.0000000000    0.0000000000    0.0000000000    0.0000000000    0.0000000000    0.0000000000    0.0000000000    0.0000000000    0.0000000000    0.0000000000    0.0000000000    0.0000000000    0.0000000000    0.0000000000    0.0000000000    0.0000000000    0.0000000000    0.0000000000    0.0000000000    0.0000000000
  0.0000000000    0.0000000000    0.0000000000    0.0000000000    0.0000000000    0.0000000000    0.0000000000    0.0000000000    0.0000000000    0.0000000000    0.0000000000    0.0000000000    0.0000000000    0.0000000000    0.0000000000    0.0000000000    0.0000000000    0.0000000000    0.0000000000    0.0000000000    0.0000000000    0.0000000000    0.0000000000    0.0000000000    0.0000000000    0.0000000000    0.0000000000    0.0000000000    0.0000000000    0.0000000000    0.0000000000    0.0000000000    0.0000000000    0.0000000000    0.0000000000    0.0000000000    0.0000000000    0.0000000000    0.0000000000    0.0000000000    0.0000000000    0.0000000000    0.0000000000    0.0000000000    0.0000000000    0.0000000000    0.0000000000    0.0000000000    0.0000000000    0.0000000000    0.0000000000    0.0000000000    0.0000000000    0.0000000000    0.0000000000    0.0000000000    0.0000000000    0.0000000000    0.0000000000    0.0000000000    0.0000000000    0.0000000000    0.0000000000    0.0000000000    0.0000000000    0.0000000000    0.0000000000    0.0000000000    0.0000000000    0.0000000000    0.0000000000    0.0000000000    0.0000000000    0.0000000000    0.0000000000    0.0000000000    0.0000000000    0.0000000000    0.0000000000    0.0000000000
  0.0000000000    0.0000000000    0.0000000000    0.0000000000    0.0000000000    0.0000000000    0.0000000000    0.0000000000    0.0000000000    0.0000000000    0.0000000000    0.0000000000    0.0000000000    0.0000000000    0.0000000000    0.0000000000    0.0000000000    0.0000000000    0.0000000000    0.0000000000    0.0000000000    0.0000000000    0.0000000000    0.0000000000    0.0000000000    0.0000000000    0.0000000000    0.0000000000    0.0000000000    0.0000000000    0.0000000000    0.0000000000    0.0000000000    0.0000000000    0.0000000000    0.0000000000    0.0000000000    0.0000000000    0.0000000000    0.0000000000    0.0000000000    0.0000000000    0.0000000000    0.0000000000    0.0000000000    0.0000000000    0.0000000000    0.0000000000    0.0000000000    0.0000000000    0.0000000000    0.0000000000    0.0000000000    0.0000000000    0.0000000000    0.0000000000    0.0000000000    0.0000000000    0.0000000000    0.0000000000    0.0000000000    0.0000000000    0.0000000000    0.0000000000    0.0000000000    0.0000000000    0.0000000000    0.0000000000    0.0000000000    0.0000000000    0.0000000000    0.0000000000    0.0000000000    0.0000000000    0.0000000000    0.0000000000    0.0000000000    0.0000000000    0.0000000000    0.0000000000
  0.0000032761   -0.0000000000    0.0000000198    0.0000000000   -0.0000000076   -0.0000000000   -0.0000000000    0.0283936904    0.0000000000    0.0000000087   -0.0000000208    0.0168579715    0.0000000021    0.0000000000   -0.0000000140   -0.0000000000   -0.0000000000    0.0000000098   -0.0000000082    0.0000000000   -0.0000000000    0.0041835756    0.0000001853    0.0000000000   -0.0000000085    0.0000000000   -0.0000000000   -0.0140921821   -0.0000000017   -0.0000000000    0.0000000026    0.0000000000    0.0191056039   -0.0000000011   -0.0000000030   -0.0000000000   -0.0000000000   -0.0000000045   -0.0000000043    0.0000000000    0.0000000110   -0.0000000000   -0.0000000000    0.0000000024    0.0000000014   -0.0000000000   -0.0000000003    0.0000000000    0.0000000000    0.0000001785    0.0023076983   -0.0000000000   -0.0000000000   -0.0000000000    0.0000000000   -0.0000000017    0.0000000026   -0.0000000000   -0.0000000010   -0.0000000000   -0.0016959553   -0.0000000000    0.0000000000   -0.0000000002    0.0000000000   -0.0000000008   -0.0000000002    0.0000000000   -0.0000000240    0.0000000000   -0.0000000000    0.0000000001   -0.0000000002   -0.0000000000    0.0000000004   -0.0021092127    0.0004917612    0.0000000000   -0.0000000000    0.0000000005
  0.0000000000   -0.0000031459    0.0000000000   -0.0000000079    0.0000000000    0.0000000021    0.0284147438    0.0000000000   -0.0000000042   -0.0000000000    0.0168704359    0.0000000208    0.0000000000   -0.0000000003   -0.0000000000   -0.0000000043   -0.0000000014   -0.0000000000   -0.0000000000    0.0000000028    0.0041866265    0.0000000000    0.0000000000   -0.0000001894   -0.0000000000    0.0000000015    0.0141026511   -0.0000000000    0.0000000000   -0.0000000008    0.0000000000    0.0000000009    0.0000000012    0.0191197751    0.0000000000   -0.0000000007   -0.0000000010    0.0000000000   -0.0000000000   -0.0000000004    0.0000000000    0.0000000063   -0.0000000002   -0.0000000000    0.0000000000    0.0000000001   -0.0000000000    0.0000000004    0.0000001757    0.0000000000    0.0000000000    0.0023094051    0.0000000000    0.0000000000   -0.0000000001    0.0000000000   -0.0000000000   -0.0000000023   -0.0000000000    0.0000000004   -0.0000000000    0.0016972148    0.0000000001   -0.0000000000   -0.0000000009   -0.0000000000   -0.0000000000   -0.0000000000    0.0000000000    0.0000000258   -0.0000000006   -0.0000000000    0.0000000000   -0.0000000001   -0.0021107802   -0.0000000004    0.0000000000   -0.0004921263   -0.0000000000   -0.0000000000
 -0.0000000000    0.0000001265   -0.0000000001   -0.0584679754    0.0000000000    0.0000000021    0.0000000078    0.0000000000   -0.0000000010   -0.0000000000   -0.0000000063   -0.0000000000   -0.0000000000   -0.0081713302    0.0000000000   -0.0085161392    0.0000000045   -0.0000000000    0.0000000000   -0.0000023033   -0.0000000044    0.0000000000    0.0000000000   -0.0000000023    0.0000000000    0.0144605340    0.0000000043    0.0000000000   -0.0000000000    0.0000000001   -0.0000000000    0.0000000002   -0.0000000000   -0.0000000017    0.0000000000    0.0000000006    0.0000000004   -0.0000000000   -0.0000000000    0.0000000010   -0.0000000000   -0.0000012118   -0.0000000006   -0.0000000000    0.0000000000   -0.0000000008    0.0000000000   -0.0005515995    0.0000000131    0.0000000000   -0.0000000000    0.0000000057    0.0000000004   -0.0000000000    0.0008686924   -0.0000000000    0.0000000000    0.0000001225   -0.0000000000    0.0000000001   -0.0000000000    0.0000000030   -0.0000000005   -0.0000000000   -0.0001785135   -0.0000000004    0.0000000000   -0.0000000000   -0.0000000000   -0.0000000031   -0.0002214610   -0.0000000001    0.0000000000    0.0000000002    0.0000000009    0.0000000000    0.0000000000    0.0000000025    0.0000000003    0.0000000000
 -0.0000005246   -0.0000000000   -0.0584246448    0.0000000001    0.0000000090   -0.0000000000    0.0000000000   -0.0000000034    0.0000000000   -0.0000000083   -0.0000000000    0.0000000150   -0.0081652396    0.0000000000    0.0085098084    0.0000000000    0.0000000000   -0.0000000138    0.0000023083    0.0000000000   -0.0000000000    0.0000000210    0.0000000159    0.0000000000    0.0144498129   -0.0000000000   -0.0000000000    0.0000000043    0.0000000018    0.0000000000   -0.0000000011   -0.0000000000    0.0000000021   -0.0000000000    0.0000000034    0.0000000000   -0.0000000000   -0.0000000011   -0.0000000092   -0.0000000000   -0.0000012062    0.0000000000    0.0000000000   -0.0000000010    0.0000000003   -0.0000000000    0.0005511821    0.0000000000   -0.0000000000    0.0000000050    0.0000000002   -0.0000000000    0.0000000000   -0.0000000003   -0.0000000000   -0.0008680523    0.0000001143   -0.0000000000    0.0000000003    0.0000000000   -0.0000000011   -0.0000000000   -0.0000000000    0.0000000003   -0.0000000004    0.0001783832   -0.0000000016   -0.0000000000   -0.0000000007    0.0000000000    0.0000000001   -0.0002213032    0.0000000000   -0.0000000000   -0.0000000000    0.0000000022    0.0000000017    0.0000000000    0.0000000000    0.0000000002
  0.0000000183   -0.0000000000    0.0000000043    0.0000000000   -0.0000000049   -0.0000000000   -0.0000000000    0.0000000032    0.0000000193    0.0519218709    0.0000000000   -0.0000000010   -0.0000000013   -0.0000000000   -0.0000000009   -0.0000000000   -0.0000000000    0.0000000009   -0.0000000032    0.0000000000    0.0000000000    0.0000000015   -0.0000000009    0.0000000000    0.0000000013   -0.0000000000   -0.0000000000   -0.0000000009   -0.0000000047   -0.0000000000    0.0172832088   -0.0000000064   -0.0000000006    0.0000000000   -0.0030927160    0.0000000011    0.0000000000   -0.0000000083   -0.0000013172   -0.0000000000   -0.0000000020   -0.0000000000    0.0000000011   -0.0027871817    0.0000000019    0.0000000000    0.0000000013    0.0000000000   -0.0000000000   -0.0000000003    0.0000000020   -0.0000000000    0.0000000000   -0.0000000018   -0.0000000000    0.0000000014   -0.0000000038   -0.0000000000    0.0000000003    0.0000000000   -0.0000000017   -0.0000000000   -0.0000000000   -0.0001974898    0.0000000000   -0.0000000020    0.0000002060    0.0000000000    0.0000000000   -0.0000000000    0.0000000000   -0.0000000002   -0.0000000001    0.0000000000   -0.0000000000    0.0000000008   -0.0000000002   -0.0000000000    0.0000000005    0.0013483440
 -0.0000000000   -0.0000000096   -0.0000000000    0.0000000008    0.0000000000   -0.0000000020   -0.0000000006   -0.0000000000    0.0519603130   -0.0000000193    0.0000000010    0.0000000000    0.0000000000   -0.0000000002    0.0000000000   -0.0000000000   -0.0000000029   -0.0000000000    0.0000000000    0.0000000014    0.0000000009   -0.0000000000    0.0000000000    0.0000000003   -0.0000000000   -0.0000000005   -0.0000000005    0.0000000000    0.0000000000   -0.0000000003   -0.0000000064   -0.0172960142    0.0000000000    0.0000000009    0.0000000011    0.0030950124    0.0000000018    0.0000000000    0.0000000000   -0.0000013164    0.0000000000   -0.0000000008    0.0027892538    0.0000000011   -0.0000000000    0.0000000001   -0.0000000000    0.0000000002   -0.0000000001    0.0000000000   -0.0000000000   -0.0000000000    0.0000000004    0.0000000000   -0.0000000000   -0.0000000000    0.0000000000   -0.0000000011    0.0000000000   -0.0000000001    0.0000000000   -0.0000000001   -0.0001976380    0.0000000000   -0.0000000001    0.0000000000   -0.0000000000    0.0000002053   -0.0000000000    0.0000000000    0.0000000000    0.0000000000    0.0000000000    0.0000000001   -0.0000000000   -0.0000000000    0.0000000000    0.0000000000    0.0013493435   -0.0000000005
  0.0000267323    0.0000000000    0.0000000247   -0.0000000000   -0.0000000048   -0.0000000000   -0.0000000001    0.0101016471    0.0000000000    0.0000000071    0.0000000897   -0.0720756853   -0.0000000006   -0.0000000000   -0.0000000010    0.0000000000    0.0000000000    0.0000000021    0.0000000076    0.0000000000    0.0000000003   -0.0214283105    0.0000045051    0.0000000000   -0.0000000026   -0.0000000000    0.0000000000    0.0011994940   -0.0000000010    0.0000000000    0.0000000003   -0.0000000000   -0.0436997608    0.0000000032   -0.0000000009    0.0000000000    0.0000000000    0.0000000007   -0.0000000000   -0.0000000000   -0.0000000018   -0.0000000000    0.0000000000   -0.0000000014   -0.0000000008   -0.0000000000   -0.0000000005   -0.0000000000   -0.0000000000    0.0000003468   -0.0028626290    0.0000000000   -0.0000000000    0.0000000015   -0.0000000000   -0.0000000006   -0.0000000002    0.0000000000   -0.0000000001   -0.0000000000    0.0017731165    0.0000000001    0.0000000000   -0.0000000015   -0.0000000000    0.0000000019    0.0000000004    0.0000000000   -0.0000000609    0.0000000000   -0.0000000000    0.0000000005   -0.0000000009    0.0000000000   -0.0000000003    0.0017210656   -0.0007865186   -0.0000000000   -0.0000000000    0.0000000000
  0.0000000000   -0.0000267355    0.0000000000   -0.0000000095   -0.0000000000    0.0000000017    0.0101090303    0.0000000001    0.0000000020   -0.0000000000   -0.0721291628   -0.0000000898    0.0000000000    0.0000000026   -0.0000000000    0.0000000026   -0.0000000030    0.0000000000    0.0000000000   -0.0000000029   -0.0214441883   -0.0000000003    0.0000000000   -0.0000045048   -0.0000000000    0.0000000015   -0.0012003885    0.0000000000   -0.0000000000    0.0000000001   -0.0000000000   -0.0000000003   -0.0000000032   -0.0437321621   -0.0000000000    0.0000000007    0.0000000003   -0.0000000000    0.0000000000    0.0000000009    0.0000000000    0.0000000049   -0.0000000005   -0.0000000000   -0.0000000000   -0.0000000014   -0.0000000000    0.0000000011    0.0000003418    0.0000000000   -0.0000000000   -0.0028647483    0.0000000005    0.0000000000    0.0000000001    0.0000000000   -0.0000000000   -0.0000000058    0.0000000000   -0.0000000002    0.0000000001   -0.0017744276   -0.0000000002   -0.0000000000    0.0000000004    0.0000000000    0.0000000000   -0.0000000000    0.0000000000    0.0000000631   -0.0000000010   -0.0000000000   -0.0000000000   -0.0000000006    0.0017223431    0.0000000003   -0.0000000000    0.0007871006    0.0000000003    0.0000000000
  0.0000003627    0.0000000000   -0.0000000266   -0.0000000000    0.0146404977    0.0000000001    0.0000000000   -0.0000000338    0.0000000000    0.0000000044    0.0000000000   -0.0000000018    0.0000000002    0.0000000000   -0.0000000630    0.0000000000    0.0000000004   -0.0533195652   -0.0000000003    0.0000000000   -0.0000000000   -0.0000000001   -0.0000000146   -0.0000000000   -0.0000000004    0.0000000000    0.0000000000    0.0000000024    0.0134452678    0.0000000001    0.0000000025    0.0000000000   -0.0000000004   -0.0000000000   -0.0000000011    0.0000000000   -0.0000000000   -0.0000015466   -0.0000000042    0.0000000000   -0.0000000006    0.0000000000    0.0000000000   -0.0000000005   -0.0051438262    0.0000000001    0.0000000011   -0.0000000000    0.0000000000   -0.0000000007   -0.0000000004    0.0000000000    0.0000000001   -0.0065027686    0.0000000000   -0.0000000002    0.0000000003   -0.0000000000   -0.0000004823   -0.0000000000    0.0000000001    0.0000000000    0.0000000000   -0.0000000005   -0.0000000000    0.0000000003   -0.0000000001   -0.0000000000    0.0000000007   -0.0000000000    0.0000000000   -0.0000000002   -0.0027567069   -0.0000000000    0.0000000000   -0.0000000001    0.0000000002   -0.0000000000    0.0000000000    0.0000000004
  0.0000000000   -0.0000001257   -0.0000000000    0.0000000130    0.0000000001   -0.0146511530   -0.0000000027   -0.0000000000    0.0000000014   -0.0000000000   -0.0000000031   -0.0000000000    0.0000000000   -0.0000000007   -0.0000000000    0.0000000383    0.0533591257    0.0000000004    0.0000000000    0.0000000002    0.0000000006   -0.0000000000   -0.0000000000    0.0000000055    0.0000000000    0.0000000003   -0.0000000002    0.0000000000    0.0000000001   -0.0134552367    0.0000000000   -0.0000000019   -0.0000000000   -0.0000000018   -0.0000000000   -0.0000000008    0.0000015492   -0.0000000000   -0.0000000000   -0.0000000016   -0.0000000000   -0.0000000006    0.0000000002    0.0000000000   -0.0000000001   -0.0051476424   -0.0000000000   -0.0000000003    0.0000000001    0.0000000000   -0.0000000000    0.0000000013   -0.0065075882   -0.0000000001   -0.0000000005   -0.0000000000    0.0000000000    0.0000000006   -0.0000000000    0.0000004824   -0.0000000000    0.0000000009   -0.0000000005   -0.0000000000    0.0000000008    0.0000000000   -0.0000000000    0.0000000002   -0.0000000000   -0.0000000001    0.0000000003    0.0000000000   -0.0000000000    0.0027587511    0.0000000005    0.0000000000    0.0000000000    0.0000000003    0.0000000001   -0.0000000000
 -0.7026780034   -0.0000000002   -0.0000007438   -0.0000000000   -0.0000001159    0.0000000000    0.0000000000   -0.0000096471    0.0000000000   -0.0000000068   -0.0000000000    0.0000008183   -0.0000000049   -0.0000000000   -0.0000000167    0.0000000000   -0.0000000000   -0.0000000077   -0.0000000004   -0.0000000000   -0.0000000000    0.0000037645   -0.0118951311    0.0000000000    0.0000000401    0.0000000000    0.0000000000    0.0000026423   -0.0000000060    0.0000000000    0.0000000001    0.0000000000   -0.0000009827    0.0000000000   -0.0000000008   -0.0000000000    0.0000000000    0.0000000002    0.0000000006    0.0000000000   -0.0000000016    0.0000000000    0.0000000000   -0.0000000019   -0.0000000009    0.0000000000    0.0000000021    0.0000000000   -0.0000000000   -0.0009734635   -0.0000000287    0.0000000000    0.0000000000   -0.0000000002    0.0000000000   -0.0000000073    0.0000000002    0.0000000000    0.0000000001    0.0000000000   -0.0000000104   -0.0000000000   -0.0000000000    0.0000000005   -0.0000000000    0.0000000001    0.0000000002   -0.0000000000   -0.0008560220    0.0000000003   -0.0000000000    0.0000000018    0.0000000007   -0.0000000000    0.0000000000    0.0000000473   -0.0000000379   -0.0000000000   -0.0000000000   -0.0000000008
 -0.0000000002    0.7031988714    0.0000000000   -0.0000001915   -0.0000000000    0.0000000123   -0.0000095633   -0.0000000000   -0.0000000002    0.0000000000    0.0000008096    0.0000000000    0.0000000000   -0.0000000005    0.0000000000    0.0000000110    0.0000000013    0.0000000000   -0.0000000000   -0.0000000051    0.0000037531   -0.0000000000    0.0000000000    0.0119039419   -0.0000000000    0.0000000103   -0.0000026279   -0.0000000000   -0.0000000000    0.0000000005    0.0000000000   -0.0000000007   -0.0000000000   -0.0000009814    0.0000000000    0.0000000006   -0.0000000002    0.0000000000   -0.0000000000    0.0000000001    0.0000000000    0.0000000150    0.0000000006    0.0000000000   -0.0000000000    0.0000000009   -0.0000000000    0.0000000042   -0.0009742086    0.0000000000   -0.0000000000   -0.0000000331   -0.0000000006   -0.0000000000    0.0000000025   -0.0000000000   -0.0000000000   -0.0000000174    0.0000000000   -0.0000000003   -0.0000000000    0.0000000102    0.0000000007    0.0000000000   -0.0000000011   -0.0000000000   -0.0000000000    0.0000000002    0.0000000003    0.0008566634   -0.0000000036   -0.0000000000   -0.0000000000   -0.0000000002    0.0000000482    0.0000000000   -0.0000000000    0.0000000343   -0.0000000006   -0.0000000000

# Root 2  E=0.3075862447 Ha  8.369852 eV
  0.0000000000    0.0000000000    0.0000000000    0.0000000000    0.0000000000    0.0000000000    0.0000000000    0.0000000000    0.0000000000    0.0000000000    0.0000000000    0.0000000000    0.0000000000    0.0000000000    0.0000000000    0.0000000000    0.0000000000    0.0000000000    0.0000000000    0.0000000000    0.0000000000    0.0000000000    0.0000000000    0.0000000000    0.0000000000    0.0000000000    0.0000000000    0.0000000000    0.0000000000    0.0000000000    0.0000000000    0.0000000000    0.0000000000    0.0000000000    0.0000000000    0.0000000000    0.0000000000    0.0000000000    0.0000000000    0.0000000000    0.0000000000    0.0000000000    0.0000000000    0.0000000000    0.0000000000    0.0000000000    0.0000000000    0.0000000000    0.0000000000    0.0000000000    0.0000000000    0.0000000000    0.0000000000    0.0000000000    0.0000000000    0.0000000000    0.0000000000    0.0000000000    0.0000000000    0.0000000000    0.0000000000    0.0000000000    0.0000000000    0.0000000000    0.0000000000    0.0000000000    0.0000000000    0.0000000000    0.0000000000    0.0000000000    0.0000000000    0.0000000000    0.0000000000    0.0000000000    0.0000000000    0.0000000000    0.0000000000    0.0000000000    0.0000000000    0.0000000000
  0.0000000000    0.0000000000    0.0000000000    0.0000000000    0.0000000000    0.0000000000    0.0000000000    0.0000000000    0.0000000000    0.0000000000    0.0000000000    0.0000000000    0.0000000000    0.0000000000    0.0000000000    0.0000000000    0.0000000000    0.0000000000    0.0000000000    0.0000000000    0.0000000000    0.0000000000    0.0000000000    0.0000000000    0.0000000000    0.0000000000    0.0000000000    0.0000000000    0.0000000000    0.0000000000    0.0000000000    0.0000000000    0.0000000000    0.0000000000    0.0000000000    0.0000000000    0.0000000000    0.0000000000    0.0000000000    0.0000000000    0.0000000000    0.0000000000    0.0000000000    0.0000000000    0.0000000000    0.0000000000    0.0000000000    0.0000000000    0.0000000000    0.0000000000    0.0000000000    0.0000000000    0.0000000000    0.0000000000    0.0000000000    0.0000000000    0.0000000000    0.0000000000    0.0000000000    0.0000000000    0.0000000000    0.0000000000    0.0000000000    0.0000000000    0.0000000000    0.0000000000    0.0000000000    0.0000000000    0.0000000000    0.0000000000    0.0000000000    0.0000000000    0.0000000000    0.0000000000    0.0000000000    0.0000000000    0.0000000000    0.0000000000    0.0000000000    0.0000000000
  0.0000000000    0.0000000000    0.0000000000    0.0000000000    0.0000000000    0.0000000000    0.0000000000    0.0000000000    0.0000000000    0.0000000000    0.0000000000    0.0000000000    0.0000000000    0.0000000000    0.0000000000    0.0000000000    0.0000000000    0.0000000000    0.0000000000    0.0000000000    0.0000000000    0.0000000000    0.0000000000    0.0000000000    0.0000000000    0.0000000000    0.0000000000    0.0000000000    0.0000000000    0.0000000000    0.0000000000    0.0000000000    0.0000000000    0.0000000000    0.0000000000    0.0000000000    0.0000000000    0.0000000000    0.0000000000    0.0000000000    0.0000000000    0.0000000000    0.0000000000    0.0000000000    0.0000000000    0.0000000000    0.0000000000    0.0000000000    0.0000000000    0.0000000000    0.0000000000    0.0000000000    0.0000000000    0.0000000000    0.0000000000    0.0000000000    0.0000000000    0.0000000000    0.0000000000    0.0000000000    0.0000000000    0.0000000000    0.0000000000    0.0000000000    0.0000000000    0.0000000000    0.0000000000    0.0000000000    0.0000000000    0.0000000000    0.0000000000    0.0000000000    0.0000000000    0.0000000000    0.0000000000    0.0000000000    0.0000000000    0.0000000000    0.0000000000    0.0000000000
  0.0000000000    0.0000000000    0.0000000000    0.0000000000    0.0000000000    0.0000000000    0.0000000000    0.0000000000    0.0000000000    0.0000000000    0.0000000000    0.0000000000    0.0000000000    0.0000000000    0.0000000000    0.0000000000    0.0000000000    0.0000000000    0.0000000000    0.0000000000    0.0000000000    0.0000000000    0.0000000000    0.0000000000    0.0000000000    0.0000000000    0.0000000000    0.0000000000    0.0000000000    0.0000000000    0.0000000000    0.0000000000    0.0000000000    0.0000000000    0.0000000000    0.0000000000    0.0000000000    0.0000000000    0.0000000000    0.0000000000    0.0000000000    0.0000000000    0.0000000000    0.0000000000    0.0000000000    0.0000000000    0.0000000000    0.0000000000    0.0000000000    0.0000000000    0.0000000000    0.0000000000    0.0000000000    0.0000000000    0.0000000000    0.0000000000    0.0000000000    0.0000000000    0.0000000000    0.0000000000    0.0000000000    0.0000000000    0.0000000000    0.0000000000    0.0000000000    0.0000000000    0.0000000000    0.0000000000    0.0000000000    0.0000000000    0.0000000000    0.0000000000    0.0000000000    0.0000000000    0.0000000000    0.0000000000    0.0000000000    0.0000000000    0.0000000000    0.0000000000
  0.0000027720   -0.0000000000   -0.0000000199    0.0000000000    0.0000000077   -0.0000000000    0.0000000000   -0.0284089269   -0.0000000000   -0.0000000086    0.0000000208   -0.0168752385   -0.0000000023    0.0000000000    0.0000000141   -0.0000000000    0.0000000000   -0.0000000098    0.0000000082   -0.0000000000    0.0000000000   -0.0041954999    0.0000023394   -0.0000000000    0.0000000086    0.0000000000    0.0000000000    0.0141040027    0.0000000017    0.0000000000   -0.0000000026    0.0000000000   -0.0191309177    0.0000000012    0.0000000030    0.0000000000    0.0000000000    0.0000000045    0.0000000043    0.0000000000   -0.0000000110    0.0000000000    0.0000000000   -0.0000000024   -0.0000000014    0.0000000000    0.0000000003    0.0000000000    0.0000000000    0.0000001678   -0.0023116857    0.0000000000    0.0000000000    0.0000000000    0.0000000000    0.0000000017   -0.0000000026    0.0000000000    0.0000000010    0.0000000000    0.0016980478    0.0000000000   -0.0000000000    0.0000000002   -0.0000000000    0.0000000008    0.0000000002    0.0000000000   -0.0000000034    0.0000000000    0.0000000000   -0.0000000001    0.0000000002    0.0000000000   -0.0000000004    0.0021116397   -0.0004921046   -0.0000000000   -0.0000000000   -0.0000000005
 -0.0000000000    0.0000029026   -0.0000000000   -0.0000000078   -0.0000000000    0.0000000019    0.0283878914    0.0000000000   -0.0000000042   -0.0000000000    0.0168627076    0.0000000208   -0.0000000000   -0.0000000003   -0.0000000000   -0.0000000043   -0.0000000014   -0.0000000000    0.0000000000    0.0000000027    0.0041923422    0.0000000000   -0.0000000000    0.0000023336   -0.0000000000    0.0000000014    0.0140935792   -0.0000000000    0.0000000000   -0.0000000008    0.0000000000    0.0000000009    0.0000000012    0.0191167568    0.0000000000   -0.0000000007   -0.0000000011    0.0000000000   -0.0000000000   -0.0000000004    0.0000000000    0.0000000063   -0.0000000002   -0.0000000000    0.0000000000    0.0000000001   -0.0000000000    0.0000000004   -0.0000001705    0.0000000000    0.0000000000    0.0023099696    0.0000000000    0.0000000000   -0.0000000001    0.0000000000   -0.0000000000   -0.0000000023   -0.0000000000    0.0000000003   -0.0000000000    0.0016967924    0.0000000001   -0.0000000000   -0.0000000009   -0.0000000000   -0.0000000000   -0.0000000000   -0.0000000000   -0.0000000016   -0.0000000006   -0.0000000000    0.0000000000   -0.0000000001   -0.0021100797   -0.0000000004    0.0000000000   -0.0004917406   -0.0000000000   -0.0000000000
  0.0000000000    0.0000001264    0.0000000001   -0.0584032406   -0.0000000000    0.0000000021    0.0000000076    0.0000000000   -0.0000000007   -0.0000000000   -0.0000000064   -0.0000000000    0.0000000000   -0.0082045783   -0.0000000000   -0.0084956280    0.0000000045   -0.0000000000    0.0000000000    0.0000011347   -0.0000000044   -0.0000000000   -0.0000000000   -0.0000000023   -0.0000000000    0.0144464017    0.0000000043    0.0000000000   -0.0000000000    0.0000000001   -0.0000000000    0.0000000002   -0.0000000000   -0.0000000017   -0.0000000000    0.0000000006    0.0000000004   -0.0000000000    0.0000000000    0.0000000011    0.0000000000    0.0000011442   -0.0000000006   -0.0000000000    0.0000000000   -0.0000000008   -0.0000000000   -0.0005539866    0.0000000131   -0.0000000000   -0.0000000000    0.0000000057    0.0000000004   -0.0000000000    0.0008679537    0.0000000000   -0.0000000000   -0.0000001128   -0.0000000000    0.0000000001   -0.0000000000    0.0000000030   -0.0000000005   -0.0000000000   -0.0001785396   -0.0000000004    0.0000000000   -0.0000000001   -0.0000000000   -0.0000000031   -0.0002209585   -0.0000000001    0.0000000000    0.0000000002    0.0000000009    0.0000000000   -0.0000000000    0.0000000025    0.0000000003   -0.0000000000
  0.0000005252   -0.0000000000    0.0584465080    0.0000000001   -0.0000000090   -0.0000000000    0.0000000000    0.0000000038   -0.0000000000    0.0000000085    0.0000000000   -0.0000000149    0.0082106217    0.0000000000   -0.0085019024    0.0000000000   -0.0000000000    0.0000000138    0.0000011288   -0.0000000000   -0.0000000000   -0.0000000210   -0.0000000160    0.0000000000   -0.0144570998   -0.0000000000   -0.0000000000   -0.0000000044   -0.0000000019    0.0000000000    0.0000000011   -0.0000000000   -0.0000000021   -0.0000000000   -0.0000000034   -0.0000000000    0.0000000000    0.0000000011    0.0000000092   -0.0000000000   -0.0000011498    0.0000000000   -0.0000000000    0.0000000010   -0.0000000003    0.0000000000   -0.0005543884    0.0000000000   -0.0000000000   -0.0000000050   -0.0000000002   -0.0000000000   -0.0000000000    0.0000000003   -0.0000000000    0.0008686004    0.0000001210   -0.0000000000   -0.0000000003   -0.0000000000    0.0000000011   -0.0000000000    0.0000000000   -0.0000000003    0.0000000004   -0.0001786739    0.0000000016    0.0000000000    0.0000000007   -0.0000000000   -0.0000000001    0.0002211285   -0.0000000000    0.0000000000    0.0000000000   -0.0000000022   -0.0000000017   -0.0000000000    0.0000000000   -0.0000000002
 -0.0000000184   -0.0000000000   -0.0000000041    0.0000000000    0.0000000059   -0.0000000000   -0.0000000000   -0.0000000032    0.0000000199   -0.0519142849   -0.0000000000    0.0000000010    0.0000000014    0.0000000000    0.0000000011   -0.0000000000   -0.0000000000   -0.0000000008    0.0000000033    0.0000000000    0.0000000000   -0.0000000015    0.0000000009    0.0000000000   -0.0000000014   -0.0000000000   -0.0000000000    0.0000000009    0.0000000050   -0.0000000000   -0.0172897674   -0.0000000066    0.0000000006    0.0000000000    0.0030994490    0.0000000012    0.0000000000    0.0000000083   -0.0000012784    0.0000000000    0.0000000020   -0.0000000000    0.0000000010    0.0027942757   -0.0000000019    0.0000000000   -0.0000000014    0.0000000000   -0.0000000000    0.0000000003   -0.0000000020   -0.0000000000    0.0000000000    0.0000000018   -0.0000000000   -0.0000000013    0.0000000038   -0.0000000000   -0.0000000003   -0.0000000000    0.0000000017    0.0000000000   -0.0000000001    0.0001986603   -0.0000000000    0.0000000020    0.0000001737   -0.0000000000   -0.0000000000    0.0000000000   -0.0000000000    0.0000000002    0.0000000001    0.0000000000    0.0000000000   -0.0000000008    0.0000000002    0.0000000000    0.0000000005   -0.0013502186
  0.0000000000   -0.0000000096    0.0000000000    0.0000000013   -0.0000000000   -0.0000000018   -0.0000000006    0.0000000000    0.0518757877    0.0000000199    0.0000000010    0.0000000000   -0.0000000000   -0.0000000000   -0.0000000000   -0.0000000003   -0.0000000029    0.0000000000   -0.0000000000    0.0000000015    0.0000000009    0.0000000000   -0.0000000000    0.0000000003    0.0000000000   -0.0000000005   -0.0000000005   -0.0000000000   -0.0000000000   -0.0000000003    0.0000000066   -0.0172769553   -0.0000000000    0.0000000009   -0.0000000012    0.0030971573    0.0000000018   -0.0000000000    0.0000000000    0.0000012793   -0.0000000000   -0.0000000009    0.0027922121   -0.0000000010    0.0000000000    0.0000000001    0.0000000000    0.0000000001   -0.0000000001   -0.0000000000    0.0000000000   -0.0000000000    0.0000000004   -0.0000000000    0.0000000000    0.0000000000   -0.0000000000   -0.0000000011    0.0000000000   -0.0000000001   -0.0000000000   -0.0000000001   -0.0001985150   -0.0000000001   -0.0000000002   -0.0000000000   -0.0000000000   -0.0000001745    0.0000000000    0.0000000000    0.0000000000   -0.0000000000   -0.0000000000    0.0000000001   -0.0000000000    0.0000000000   -0.0000000000    0.0000000000    0.0013492186    0.0000000005
  0.0000322218   -0.0000000000   -0.0000000240   -0.0000000000    0.0000000044   -0.0000000000   -0.0000000001   -0.0099735981    0.0000000000   -0.0000000071   -0.0000000881    0.0722291942    0.0000000011   -0.0000000000    0.0000000011    0.0000000000    0.0000000000   -0.0000000024   -0.0000000075    0.0000000000    0.0000000003    0.0214533727   -0.0000020413    0.0000000000    0.0000000028    0.0000000000    0.0000000000   -0.0012129157    0.0000000009   -0.0000000000   -0.0000000003   -0.0000000000    0.0437528956   -0.0000000021    0.0000000009    0.0000000000   -0.0000000000   -0.0000000007    0.0000000000   -0.0000000000    0.0000000018   -0.0000000000   -0.0000000000    0.0000000015    0.0000000008    0.0000000000    0.0000000005   -0.0000000000    0.0000000000    0.0000003496    0.0028639944    0.0000000000   -0.0000000000   -0.0000000016   -0.0000000000    0.0000000006    0.0000000002    0.0000000000    0.0000000001    0.0000000000   -0.0017746623   -0.0000000000   -0.0000000000    0.0000000015    0.0000000000   -0.0000000019   -0.0000000004    0.0000000000   -0.0000000892    0.0000000000    0.0000000000   -0.0000000005    0.0000000009   -0.0000000000    0.0000000003   -0.0017220248    0.0007873609   -0.0000000000   -0.0000000000   -0.0000000000
  0.0000000000    0.0000322145   -0.0000000000   -0.0000000097    0.0000000000    0.0000000027    0.0099661062   -0.0000000001    0.0000000020    0.0000000000   -0.0721757463   -0.0000000881   -0.0000000000    0.0000000025    0.0000000000    0.0000000026   -0.0000000025   -0.0000000000   -0.0000000000   -0.0000000029   -0.0214374764    0.0000000003   -0.0000000000   -0.0000020362    0.0000000000    0.0000000015   -0.0012120227   -0.0000000000    0.0000000000    0.0000000001    0.0000000000   -0.0000000003   -0.0000000021   -0.0437204972   -0.0000000000    0.0000000007    0.0000000002   -0.0000000000    0.0000000000    0.0000000009    0.0000000000    0.0000000049   -0.0000000005    0.0000000000   -0.0000000000   -0.0000000013    0.0000000000    0.0000000011   -0.0000003546    0.0000000000    0.0000000000   -0.0028618705    0.0000000006   -0.0000000000    0.0000000001   -0.0000000000   -0.0000000000   -0.0000000058    0.0000000000   -0.0000000002    0.0000000000   -0.0017733447   -0.0000000002    0.0000000000    0.0000000004    0.0000000000   -0.0000000000   -0.0000000000   -0.0000000000   -0.0000000870   -0.0000000010   -0.0000000000    0.0000000000   -0.0000000007    0.0017207511    0.0000000003    0.0000000000    0.0007867767    0.0000000003    0.0000000000
 -0.0000003666    0.0000000000    0.0000000266   -0.0000000000   -0.0143734255    0.0000000001    0.0000000000    0.0000000339   -0.0000000000   -0.0000000035   -0.0000000000    0.0000000021   -0.0000000002   -0.0000000000    0.0000000631   -0.0000000000   -0.0000000015    0.0534247097    0.0000000003   -0.0000000000   -0.0000000000   -0.0000000002    0.0000000147   -0.0000000000    0.0000000004   -0.0000000000   -0.0000000000   -0.0000000023   -0.0134561178    0.0000000001   -0.0000000022    0.0000000000    0.0000000005   -0.0000000000    0.0000000011    0.0000000000   -0.0000000000   -0.0000015384    0.0000000042    0.0000000000    0.0000000006   -0.0000000000   -0.0000000000    0.0000000005    0.0051525928    0.0000000001   -0.0000000011    0.0000000000   -0.0000000000    0.0000000007    0.0000000004   -0.0000000000    0.0000000001    0.0065071433    0.0000000000    0.0000000002   -0.0000000003    0.0000000000   -0.0000004373   -0.0000000000   -0.0000000001   -0.0000000000   -0.0000000000    0.0000000005    0.0000000000   -0.0000000003    0.0000000001   -0.0000000000   -0.0000000007    0.0000000000   -0.0000000000    0.0000000002    0.0027604356   -0.0000000000   -0.0000000000    0.0000000001   -0.0000000002    0.0000000000    0.0000000000   -0.0000000004
 -0.0000000000   -0.0000001268    0.0000000000    0.0000000130   -0.0000000001   -0.0143625823   -0.0000000027    0.0000000000    0.0000000011   -0.0000000000   -0.0000000022   -0.0000000000   -0.0000000000   -0.0000000007    0.0000000000    0.0000000383    0.0533851760    0.0000000015    0.0000000000    0.0000000002    0.0000000004    0.0000000000    0.0000000000    0.0000000055    0.0000000000    0.0000000003   -0.0000000003    0.0000000000   -0.0000000001   -0.0134461537   -0.0000000000   -0.0000000018   -0.0000000000   -0.0000000018    0.0000000000   -0.0000000008   -0.0000015358    0.0000000000    0.0000000000   -0.0000000016   -0.0000000000   -0.0000000006    0.0000000002    0.0000000000    0.0000000001   -0.0051487797   -0.0000000000   -0.0000000003   -0.0000000000    0.0000000000   -0.0000000000    0.0000000014   -0.0065023229    0.0000000001   -0.0000000005   -0.0000000000   -0.0000000000    0.0000000006    0.0000000000   -0.0000004373   -0.0000000000    0.0000000009   -0.0000000005   -0.0000000000    0.0000000008    0.0000000000   -0.0000000000    0.0000000002   -0.0000000000   -0.0000000002    0.0000000003    0.0000000000    0.0000000000    0.0027583918    0.0000000005    0.0000000000   -0.0000000000    0.0000000003    0.0000000001   -0.0000000000
  0.7032080540    0.0000000002    0.0000007466   -0.0000000000    0.0000001166    0.0000000000    0.0000000000   -0.0000122594   -0.0000000000    0.0000000068   -0.0000000000    0.0000019938    0.0000000050   -0.0000000000    0.0000000167   -0.0000000000   -0.0000000000    0.0000000078   -0.0000000002   -0.0000000000   -0.0000000000    0.0000074057    0.0118973172   -0.0000000000   -0.0000000402    0.0000000000    0.0000000000    0.0000024062    0.0000000061    0.0000000000   -0.0000000001    0.0000000000   -0.0000006263    0.0000000000    0.0000000008   -0.0000000000   -0.0000000000   -0.0000000004   -0.0000000006    0.0000000000    0.0000000017   -0.0000000000   -0.0000000000    0.0000000019    0.0000000009    0.0000000000   -0.0000000021   -0.0000000000    0.0000000000    0.0009745092    0.0000000759    0.0000000000    0.0000000000    0.0000000003    0.0000000000    0.0000000073   -0.0000000002    0.0000000000   -0.0000000000   -0.0000000000   -0.0000000127   -0.0000000000    0.0000000000   -0.0000000005    0.0000000000   -0.0000000001   -0.0000000002   -0.0000000000    0.0008582301   -0.0000000003    0.0000000000   -0.0000000018   -0.0000000007   -0.0000000000    0.0000000000    0.0000000302   -0.0000000052   -0.0000000000   -0.0000000000    0.0000000008
 -0.0000000002    0.7026872042    0.0000000000   -0.0000001918    0.0000000000    0.0000000125    0.0000123414    0.0000000000   -0.0000000002    0.0000000000   -0.0000020017   -0.0000000000   -0.0000000000   -0.0000000004    0.0000000000    0.0000000111    0.0000000012    0.0000000000    0.0000000000   -0.0000000052   -0.0000074144    0.0000000000    0.0000000000    0.0118884985   -0.0000000000    0.0000000103    0.0000024207    0.0000000000    0.0000000000    0.0000000005    0.0000000000   -0.0000000007    0.0000000000    0.0000006277    0.0000000000    0.0000000006   -0.0000000002    0.0000000000    0.0000000000    0.0000000001    0.0000000000    0.0000000150    0.0000000006    0.0000000000   -0.0000000000    0.0000000008   -0.0000000000    0.0000000041   -0.0009738110   -0.0000000000    0.0000000000   -0.0000000802   -0.0000000008   -0.0000000000    0.0000000025    0.0000000000   -0.0000000000   -0.0000000174    0.0000000000   -0.0000000002    0.0000000000   -0.0000000128    0.0000000007    0.0000000000   -0.0000000011   -0.0000000000   -0.0000000000    0.0000000002    0.0000000003    0.0008576013   -0.0000000036   -0.0000000000   -0.0000000000   -0.0000000003   -0.0000000293   -0.0000000000   -0.0000000000   -0.0000000089   -0.0000000006    0.0000000000

# Root 3  E=0.3223342637 Ha  8.771167 eV
  0.0000000000    0.0000000000    0.0000000000    0.0000000000    0.0000000000    0.0000000000    0.0000000000    0.0000000000    0.0000000000    0.0000000000    0.0000000000    0.0000000000    0.0000000000    0.0000000000    0.0000000000    0.0000000000    0.0000000000    0.0000000000    0.0000000000    0.0000000000    0.0000000000    0.0000000000    0.0000000000    0.0000000000    0.0000000000    0.0000000000    0.0000000000    0.0000000000    0.0000000000    0.0000000000    0.0000000000    0.0000000000    0.0000000000    0.0000000000    0.0000000000    0.0000000000    0.0000000000    0.0000000000    0.0000000000    0.0000000000    0.0000000000    0.0000000000    0.0000000000    0.0000000000    0.0000000000    0.0000000000    0.0000000000    0.0000000000    0.0000000000    0.0000000000    0.0000000000    0.0000000000    0.0000000000    0.0000000000    0.0000000000    0.0000000000    0.0000000000    0.0000000000    0.0000000000    0.0000000000    0.0000000000    0.0000000000    0.0000000000    0.0000000000    0.0000000000    0.0000000000    0.0000000000    0.0000000000    0.0000000000    0.0000000000    0.0000000000    0.0000000000    0.0000000000    0.0000000000    0.0000000000    0.0000000000    0.0000000000    0.0000000000    0.0000000000    0.0000000000
  0.0000000000    0.0000000000    0.0000000000    0.0000000000    0.0000000000    0.0000000000    0.0000000000    0.0000000000    0.0000000000    0.0000000000    0.0000000000    0.0000000000    0.0000000000    0.0000000000    0.0000000000    0.0000000000    0.0000000000    0.0000000000    0.0000000000    0.0000000000    0.0000000000    0.0000000000    0.0000000000    0.0000000000    0.0000000000    0.0000000000    0.0000000000    0.0000000000    0.0000000000    0.0000000000    0.0000000000    0.0000000000    0.0000000000    0.0000000000    0.0000000000    0.0000000000    0.0000000000    0.0000000000    0.0000000000    0.0000000000    0.0000000000    0.0000000000    0.0000000000    0.0000000000    0.0000000000    0.0000000000    0.0000000000    0.0000000000    0.0000000000    0.0000000000    0.0000000000    0.0000000000    0.0000000000    0.0000000000    0.0000000000    0.0000000000    0.0000000000    0.0000000000    0.0000000000    0.0000000000    0.0000000000    0.0000000000    0.0000000000    0.0000000000    0.0000000000    0.0000000000    0.0000000000    0.0000000000    0.0000000000    0.0000000000    0.0000000000    0.0000000000    0.0000000000    0.0000000000    0.0000000000    0.0000000000    0.0000000000    0.0000000000    0.0000000000    0.0000000000
  0.0000000000    0.0000000000    0.0000000000    0.0000000000    0.0000000000    0.0000000000    0.0000000000    0.0000000000    0.0000000000    0.0000000000    0.0000000000    0.0000000000    0.0000000000    0.0000000000    0.0000000000    0.0000000000    0.0000000000    0.0000000000    0.0000000000    0.0000000000    0.0000000000    0.0000000000    0.0000000000    0.0000000000    0.0000000000    0.0000000000    0.0000000000    0.0000000000    0.0000000000    0.0000000000    0.0000000000    0.0000000000    0.0000000000    0.0000000000    0.0000000000    0.0000000000    0.0000000000    0.0000000000    0.0000000000    0.0000000000    0.0000000000    0.0000000000    0.0000000000    0.0000000000    0.0000000000    0.0000000000    0.0000000000    0.0000000000    0.0000000000    0.0000000000    0.0000000000    0.0000000000    0.0000000000    0.0000000000    0.0000000000    0.0000000000    0.0000000000    0.0000000000    0.0000000000    0.0000000000    0.0000000000    0.0000000000    0.0000000000    0.0000000000    0.0000000000    0.0000000000    0.0000000000    0.0000000000    0.0000000000    0.0000000000    0.0000000000    0.0000000000    0.0000000000    0.0000000000    0.0000000000    0.0000000000    0.0000000000    0.0000000000    0.0000000000    0.0000000000
  0.0000000000    0.0000000000    0.0000000000    0.0000000000    0.0000000000    0.0000000000    0.0000000000    0.0000000000    0.0000000000    0.0000000000    0.0000000000    0.0000000000    0.0000000000    0.0000000000    0.0000000000    0.0000000000    0.0000000000    0.0000000000    0.0000000000    0.0000000000    0.0000000000    0.0000000000    0.0000000000    0.0000000000    0.0000000000    0.0000000000    0.0000000000    0.0000000000    0.0000000000    0.0000000000    0.0000000000    0.0000000000    0.0000000000    0.0000000000    0.0000000000    0.0000000000    0.0000000000    0.0000000000    0.0000000000    0.0000000000    0.0000000000    0.0000000000    0.0000000000    0.0000000000    0.0000000000    0.0000000000    0.0000000000    0.0000000000    0.0000000000    0.0000000000    0.0000000000    0.0000000000    0.0000000000    0.0000000000    0.0000000000    0.0000000000    0.0000000000    0.0000000000    0.0000000000    0.0000000000    0.0000000000    0.0000000000    0.0000000000    0.0000000000    0.0000000000    0.0000000000    0.0000000000    0.0000000000    0.0000000000    0.0000000000    0.0000000000    0.0000000000    0.0000000000    0.0000000000    0.0000000000    0.0000000000    0.0000000000    0.0000000000    0.0000000000    0.0000000000
  0.0000001795   -0.0000000000    0.0000000017   -0.0000000000   -0.0000003462   -0.0000000000    0.0000000000    0.0000000148   -0.0000000000    0.0000000055   -0.0000000000    0.0000000175   -0.0000000007    0.0000000000   -0.0000000039    0.0000000000   -0.0000000000    0.0000004037   -0.0000000018   -0.0000000000   -0.0000000000    0.0000000262   -0.0000000067    0.0000000000   -0.0000000003    0.0000000000   -0.0000000000   -0.0000000002   -0.0000001549    0.0000000000    0.0000000016    0.0000000000    0.0000000078   -0.0000000000   -0.0000000007   -0.0000000000   -0.0000000003   -0.0041212105   -0.0000000021   -0.0000000000    0.0000000046   -0.0000000000   -0.0000000000    0.0000000009    0.0000000420    0.0000000000   -0.0000000001    0.0000000000   -0.0000000000   -0.0000000009    0.0000000032    0.0000000000    0.0000000000    0.0000000427    0.0000000000   -0.0000000005    0.0000000016   -0.0000000000    0.0016870873    0.0000000356    0.0000000005    0.0000000000    0.0000000000   -0.0000000001    0.0000000000   -0.0000000001   -0.0000000002   -0.0000000000   -0.0000000001    0.0000000000    0.0000000000   -0.0000000003    0.0000000132    0.0000000000   -0.0000000000    0.0000000005    0.0000000008   -0.0000000000   -0.0000000000    0.0000000002
  0.0000000000    0.0000000268    0.0000000000   -0.0000000005    0.0000000000   -0.0000003219   -0.0000000054    0.0000000000   -0.0000000023   -0.0000000000   -0.0000000030   -0.0000000000   -0.0000000000    0.0000000002   -0.0000000000   -0.0000000004    0.0000003859    0.0000000000   -0.0000000000    0.0000000005    0.0000000003   -0.0000000000    0.0000000000   -0.0000000011    0.0000000000    0.0000000000   -0.0000000029   -0.0000000000   -0.0000000000   -0.0000001483   -0.0000000000    0.0000000005   -0.0000000000   -0.0000000036    0.0000000000   -0.0000000000   -0.0043827250    0.0000000003    0.0000000000   -0.0000000016    0.0000000000    0.0000000018    0.0000000002    0.0000000000    0.0000000000   -0.0000000394   -0.0000000000    0.0000000001   -0.0000000002   -0.0000000000   -0.0000000000   -0.0000000006   -0.0000000415    0.0000000000    0.0000000001   -0.0000000000    0.0000000000    0.0000000004   -0.0000000379    0.0017941389    0.0000000000   -0.0000000006   -0.0000000000   -0.0000000000   -0.0000000002   -0.0000000000    0.0000000000   -0.0000000002    0.0000000000    0.0000000001   -0.0000000000   -0.0000000000   -0.0000000000    0.0000000115    0.0000000003    0.0000000000    0.0000000000   -0.0000000000   -0.0000000000    0.0000000000
 -0.0000000000    0.0000000632    0.0000000000    0.0000000112    0.0000000000    0.0000000098   -0.0000000000    0.0000000000    0.0000011117    0.0000000000   -0.0000000011   -0.0000000000    0.0000000000    0.0000000014   -0.0000000000    0.0000000023    0.0000000011    0.0000000000    0.0000000000   -0.0000000007   -0.0000000013    0.0000000000    0.0000000000   -0.0000000030    0.0000000000   -0.0000000025    0.0000000004    0.0000000000    0.0000000000    0.0000000007    0.0000000000   -0.0000002582    0.0000000000    0.0000000001   -0.0000000000    0.0000001318    0.0000000005   -0.0000000000   -0.0000000000    0.0021351105    0.0000000000    0.0000000000    0.0000000459    0.0000000000    0.0000000000   -0.0000000000    0.0000000000   -0.0000000002    0.0000000008    0.0000000000    0.0000000000    0.0000000001   -0.0000000001    0.0000000000   -0.0000000002   -0.0000000000    0.0000000000    0.0000000003   -0.0000000000    0.0000000001   -0.0000000000    0.0000000002    0.0000000033    0.0000000000    0.0000000001    0.0000000000    0.0000000000   -0.0004786177    0.0000000000    0.0000000004    0.0000000001   -0.0000000000    0.0000000000    0.0000000000   -0.0000000000   -0.0000000000    0.0000000000    0.0000000001   -0.0000000147    0.0000000000
 -0.0000001345    0.0000000000   -0.0000000257    0.0000000000    0.0000000384   -0.0000000000   -0.0000000000    0.0000000004    0.0000000000   -0.0000011793   -0.0000000000    0.0000000034   -0.0000000055    0.0000000000   -0.0000000071    0.0000000000   -0.0000000000    0.0000000046    0.0000000012    0.0000000000    0.0000000000    0.0000000082    0.0000000050   -0.0000000000    0.0000000062   -0.0000000000   -0.0000000000    0.0000000024    0.0000000031   -0.0000000000   -0.0000002757   -0.0000000000   -0.0000000006    0.0000000000    0.0000001374    0.0000000000   -0.0000000000   -0.0000000002   -0.0020077099   -0.0000000000   -0.0000000024   -0.0000000000   -0.0000000000    0.0000000459    0.0000000001    0.0000000000   -0.0000000001   -0.0000000000    0.0000000000    0.0000000010    0.0000000004    0.0000000000    0.0000000000    0.0000000005    0.0000000000   -0.0000000024   -0.0000000014    0.0000000000   -0.0000000002   -0.0000000000    0.0000000007    0.0000000000    0.0000000000   -0.0000000002   -0.0000000000    0.0000000003    0.0004500575    0.0000000000   -0.0000000002    0.0000000000    0.0000000000   -0.0000000005    0.0000000001    0.0000000000   -0.0000000000    0.0000000003    0.0000000001   -0.0000000000    0.0000000000    0.0000000162
  0.0000000847   -0.0000000000    0.0000049355   -0.0000000000   -0.0000000003   -0.0000000000    0.0000000000   -0.0000000010   -0.0000000000    0.0000000272   -0.0000000000    0.0000000001    0.0000008142   -0.0000000000   -0.0000000482   -0.0000000000   -0.0000000000   -0.0000000004    0.0067122519    0.0000000027    0.0000000000    0.0000000003   -0.0000000037    0.0000000000   -0.0000003644    0.0000000000    0.0000000000    0.0000000002   -0.0000000001   -0.0000000000    0.0000000086    0.0000000000    0.0000000000    0.0000000000   -0.0000000016   -0.0000000000    0.0000000000   -0.0000000024    0.0000000029   -0.0000000000    0.0053062093   -0.0000000022   -0.0000000000   -0.0000000012    0.0000000003   -0.0000000000   -0.0000000667   -0.0000000000   -0.0000000000   -0.0000000002    0.0000000002   -0.0000000000    0.0000000000   -0.0000000000    0.0000000000    0.0000000075    0.0049218262   -0.0000000020    0.0000000007    0.0000000000   -0.0000000003   -0.0000000000    0.0000000000   -0.0000000001   -0.0000000000    0.0000000034    0.0000000006   -0.0000000000    0.0000000000    0.0000000000   -0.0000000000    0.0000000427   -0.0000000002    0.0000000000   -0.0000000000    0.0000000002    0.0000000002   -0.0000000000   -0.0000000000    0.0000000008
 -0.0000000000   -0.0000000067   -0.0000000000   -0.0000046143    0.0000000000   -0.0000000004    0.0000000005    0.0000000000   -0.0000000098   -0.0000000000    0.0000000000   -0.0000000000   -0.0000000000   -0.0000007841    0.0000000000   -0.0000001190   -0.0000000003    0.0000000000   -0.0000000025    0.0071381916    0.0000000001   -0.0000000000    0.0000000000    0.0000000003    0.0000000000    0.0000003262    0.0000000001   -0.0000000000    0.0000000000   -0.0000000001   -0.0000000000    0.0000000032   -0.0000000000    0.0000000001    0.0000000000   -0.0000000006    0.0000000016    0.0000000000   -0.0000000000   -0.0000000009   -0.0000000020   -0.0056429060   -0.0000000004    0.0000000000   -0.0000000000   -0.0000000000    0.0000000000   -0.0000000557   -0.0000000004    0.0000000000   -0.0000000000   -0.0000000004    0.0000000000    0.0000000000    0.0000000063   -0.0000000000   -0.0000000019   -0.0052341421    0.0000000000   -0.0000000002    0.0000000000   -0.0000000004    0.0000000000    0.0000000000    0.0000000065    0.0000000000   -0.0000000000   -0.0000000001    0.0000000000    0.0000000001   -0.0000000410   -0.0000000000    0.0000000000    0.0000000000   -0.0000000002   -0.0000000000   -0.0000000000   -0.0000000001   -0.0000000002   -0.0000000000
  0.0000002319   -0.0000000000   -0.0000000004    0.0000000000   -0.0000042391    0.0000000000   -0.0000000000    0.0000000032   -0.0000000000    0.0000000008    0.0000000000   -0.0000000396    0.0000000005    0.0000000000    0.0000000011   -0.0000000000    0.0000000000   -0.0000006233    0.0000000027    0.0000000000   -0.0000000000   -0.0000000137   -0.0000000122    0.0000000000   -0.0000000001    0.0000000000   -0.0000000000    0.0000000007   -0.0000002800    0.0000000000    0.0000000006    0.0000000000   -0.0000000229    0.0000000000    0.0000000006    0.0000000000   -0.0000000001   -0.0014391453   -0.0000000015   -0.0000000000   -0.0000000005    0.0000000000    0.0000000000   -0.0000000003    0.0000000022    0.0000000000    0.0000000000    0.0000000000   -0.0000000000   -0.0000000024   -0.0000000015   -0.0000000000   -0.0000000000   -0.0000000918    0.0000000000   -0.0000000000   -0.0000000000   -0.0000000000   -0.0023369000   -0.0000000493    0.0000000009    0.0000000000   -0.0000000000    0.0000000001   -0.0000000000    0.0000000000   -0.0000000002   -0.0000000000    0.0000000021   -0.0000000000   -0.0000000000    0.0000000002   -0.0000000483    0.0000000000   -0.0000000000    0.0000000007   -0.0000000005    0.0000000000    0.0000000000   -0.0000000002
  0.0000000000    0.0000001084   -0.0000000000    0.0000000006   -0.0000000000   -0.0000039544   -0.0000000016    0.0000000000    0.0000000000    0.0000000000    0.0000000122    0.0000000000    0.0000000000   -0.0000000003    0.0000000000    0.0000000011   -0.0000005580   -0.0000000000    0.0000000000   -0.0000000015    0.0000000025   -0.0000000000   -0.0000000000   -0.0000000052   -0.0000000000    0.0000000001    0.0000000008    0.0000000000   -0.0000000000   -0.0000002583    0.0000000000    0.0000000000    0.0000000000    0.0000000083    0.0000000000    0.0000000002   -0.0015304739    0.0000000001    0.0000000000    0.0000000004   -0.0000000000   -0.0000000012   -0.0000000000   -0.0000000000    0.0000000000   -0.0000000067   -0.0000000000   -0.0000000003    0.0000000011   -0.0000000000   -0.0000000000    0.0000000007    0.0000000820   -0.0000000000   -0.0000000001    0.0000000000   -0.0000000000   -0.0000000000    0.0000000525   -0.0024851876   -0.0000000000    0.0000000006    0.0000000000    0.0000000000    0.0000000002    0.0000000000   -0.0000000000    0.0000000000    0.0000000000    0.0000000004    0.0000000000    0.0000000000   -0.0000000000   -0.0000000456   -0.0000000003   -0.0000000000   -0.0000000000   -0.0000000000   -0.0000000000   -0.0000000000
 -0.6793900660    0.0000000071   -0.0000000033    0.0000000000    0.0000000024   -0.0000000000   -0.0000000000   -0.0000083195    0.0000000000    0.0000000009   -0.0000000000    0.0000020734    0.0000000005   -0.0000000000   -0.0000000008    0.0000000000    0.0000000000   -0.0000000301   -0.0000000025    0.0000000000    0.0000000000    0.0000032372    0.0271566829   -0.0000000003   -0.0000000005    0.0000000000    0.0000000000   -0.0000000827    0.0000000062   -0.0000000000   -0.0000000001    0.0000000000    0.0000001297   -0.0000000000   -0.0000000001    0.0000000000    0.0000000000    0.0000000055   -0.0000000028    0.0000000000    0.0000000001   -0.0000000000   -0.0000000000    0.0000000000   -0.0000000026    0.0000000000    0.0000000000   -0.0000000000    0.0000000000    0.0041963002   -0.0000000755   -0.0000000000    0.0000000000   -0.0000000036   -0.0000000000    0.0000000001   -0.0000000005    0.0000000000   -0.0000000002   -0.0000000000    0.0000000162    0.0000000000   -0.0000000000    0.0000000000    0.0000000000   -0.0000000000   -0.0000000002   -0.0000000000    0.0010395685   -0.0000000003    0.0000000000   -0.0000000000   -0.0000000014    0.0000000000    0.0000000000   -0.0000000173   -0.0000000368    0.0000000000    0.0000000000   -0.0000000000
 -0.0000000067   -0.7225001409   -0.0000000000    0.0000000006    0.0000000000    0.0000000006    0.0000079549   -0.0000000000   -0.0000000006   -0.0000000000   -0.0000019509   -0.0000000000    0.0000000000   -0.0000000002   -0.0000000000    0.0000000000   -0.0000000105   -0.0000000000   -0.0000000000   -0.0000000000   -0.0000035260    0.0000000000    0.0000000003    0.0288799027   -0.0000000000    0.0000000005   -0.0000001465   -0.0000000000    0.0000000000    0.0000000023   -0.0000000000   -0.0000000000   -0.0000000000   -0.0000001230   -0.0000000000   -0.0000000001    0.0000000011   -0.0000000000   -0.0000000000   -0.0000000015    0.0000000000    0.0000000009    0.0000000002    0.0000000000   -0.0000000000    0.0000000009   -0.0000000000    0.0000000002   -0.0044625805    0.0000000000   -0.0000000000    0.0000000692    0.0000000012   -0.0000000000   -0.0000000000    0.0000000000   -0.0000000000   -0.0000000013    0.0000000000   -0.0000000000   -0.0000000000    0.0000000178    0.0000000000   -0.0000000000   -0.0000000000   -0.0000000000   -0.0000000000   -0.0000000001    0.0000000003    0.0011055347   -0.0000000003   -0.0000000000    0.0000000000   -0.0000000005    0.0000000190    0.0000000000   -0.0000000000   -0.0000000352   -0.0000000000   -0.0000000000
 -0.0000003634    0.0000000000   -0.0000001105    0.0000000000    0.0835710146    0.0000000000    0.0000000000   -0.0000000630    0.0000000000   -0.0000000021    0.0000000000   -0.0000000081    0.0000000031   -0.0000000000    0.0000000067   -0.0000000000   -0.0000000002    0.0126883309   -0.0000000008   -0.0000000000   -0.0000000000   -0.0000000097   -0.0000000064    0.0000000000    0.0000000076   -0.0000000000    0.0000000000    0.0000000060    0.0028619145   -0.0000000000    0.0000000001   -0.0000000000   -0.0000000029    0.0000000000    0.0000000004    0.0000000000   -0.0000000000   -0.0000004809    0.0000000002    0.0000000000   -0.0000000000    0.0000000000   -0.0000000000    0.0000000018   -0.0010694328   -0.0000000000    0.0000000025   -0.0000000000    0.0000000000   -0.0000000002   -0.0000000004   -0.0000000000    0.0000000000    0.0006088670   -0.0000000000   -0.0000000015    0.0000000003   -0.0000000000    0.0000001008    0.0000000000   -0.0000000026   -0.0000000000   -0.0000000000    0.0000000003    0.0000000000   -0.0000000014   -0.0000000001   -0.0000000000   -0.0000000004    0.0000000000   -0.0000000000   -0.0000000000   -0.0002699887   -0.0000000000    0.0000000000   -0.0000000004   -0.0000000006   -0.0000000000    0.0000000000    0.0000000003
  0.0000000000   -0.0000001317    0.0000000000   -0.0000000521   -0.0000000000    0.0888739235    0.0000000131   -0.0000000000    0.0000000037    0.0000000000    0.0000000006    0.0000000000   -0.0000000000    0.0000000022    0.0000000000    0.0000000156    0.0134934968    0.0000000002    0.0000000000   -0.0000000008    0.0000000007   -0.0000000000    0.0000000000   -0.0000000028    0.0000000000    0.0000000035    0.0000000016   -0.0000000000    0.0000000000    0.0030435031   -0.0000000000   -0.0000000007    0.0000000000    0.0000000005   -0.0000000000    0.0000000000   -0.0000004392    0.0000000000    0.0000000000    0.0000000002    0.0000000000   -0.0000000000    0.0000000002    0.0000000000   -0.0000000000    0.0011372984    0.0000000000   -0.0000000003   -0.0000000003   -0.0000000000   -0.0000000000   -0.0000000003   -0.0006475061    0.0000000000    0.0000000013   -0.0000000000   -0.0000000000   -0.0000000005   -0.0000000000    0.0000000922   -0.0000000000   -0.0000000007    0.0000000001    0.0000000000    0.0000000000    0.0000000000   -0.0000000000   -0.0000000000   -0.0000000000   -0.0000000000   -0.0000000004   -0.0000000000    0.0000000000   -0.0002871228   -0.0000000000   -0.0000000000   -0.0000000000   -0.0000000002   -0.0000000001   -0.0000000000

# Root 4  E=0.3383003355 Ha  9.205626 eV
  0.0000000000    0.0000000000    0.0000000000    0.0000000000    0.0000000000    0.0000000000    0.0000000000    0.0000000000    0.0000000000    0.0000000000    0.0000000000    0.0000000000    0.0000000000    0.0000000000    0.0000000000    0.0000000000    0.0000000000    0.0000000000    0.0000000000    0.0000000000    0.0000000000    0.0000000000    0.0000000000    0.0000000000    0.0000000000    0.0000000000    0.0000000000    0.0000000000    0.0000000000    0.0000000000    0.0000000000    0.0000000000    0.0000000000    0.0000000000    0.0000000000    0.0000000000    0.0000000000    0.0000000000    0.0000000000    0.0000000000    0.0000000000    0.0000000000    0.0000000000    0.0000000000    0.0000000000    0.0000000000    0.0000000000    0.0000000000    0.0000000000    0.0000000000    0.0000000000    0.0000000000    0.0000000000    0.0000000000    0.0000000000    0.0000000000    0.0000000000    0.0000000000    0.0000000000    0.0000000000    0.0000000000    0.0000000000    0.0000000000    0.0000000000    0.0000000000    0.0000000000    0.0000000000    0.0000000000    0.0000000000    0.0000000000    0.0000000000    0.0000000000    0.0000000000    0.0000000000    0.0000000000    0.0000000000    0.0000000000    0.0000000000    0.0000000000    0.0000000000
  0.0000000000    0.0000000000    0.0000000000    0.0000000000    0.0000000000    0.0000000000    0.0000000000    0.0000000000    0.0000000000    0.0000000000    0.0000000000    0.0000000000    0.0000000000    0.0000000000    0.0000000000    0.0000000000    0.0000000000    0.0000000000    0.0000000000    0.0000000000    0.0000000000    0.0000000000    0.0000000000    0.0000000000    0.0000000000    0.0000000000    0.0000000000    0.0000000000    0.0000000000    0.0000000000    0.0000000000    0.0000000000    0.0000000000    0.0000000000    0.0000000000    0.0000000000    0.0000000000    0.0000000000    0.0000000000    0.0000000000    0.0000000000    0.0000000000    0.0000000000    0.0000000000    0.0000000000    0.0000000000    0.0000000000    0.0000000000    0.0000000000    0.0000000000    0.0000000000    0.0000000000    0.0000000000    0.0000000000    0.0000000000    0.0000000000    0.0000000000    0.0000000000    0.0000000000    0.0000000000    0.0000000000    0.0000000000    0.0000000000    0.0000000000    0.0000000000    0.0000000000    0.0000000000    0.0000000000    0.0000000000    0.0000000000    0.0000000000    0.0000000000    0.0000000000    0.0000000000    0.0000000000    0.0000000000    0.0000000000    0.0000000000    0.0000000000    0.0000000000
  0.0000000000    0.0000000000    0.0000000000    0.0000000000    0.0000000000    0.0000000000    0.0000000000    0.0000000000    0.0000000000    0.0000000000    0.0000000000    0.0000000000    0.0000000000    0.0000000000    0.0000000000    0.0000000000    0.0000000000    0.0000000000    0.0000000000    0.0000000000    0.0000000000    0.0000000000    0.0000000000    0.0000000000    0.0000000000    0.0000000000    0.0000000000    0.0000000000    0.0000000000    0.0000000000    0.0000000000    0.0000000000    0.0000000000    0.0000000000    0.0000000000    0.0000000000    0.0000000000    0.0000000000    0.0000000000    0.0000000000    0.0000000000    0.0000000000    0.0000000000    0.0000000000    0.0000000000    0.0000000000    0.0000000000    0.0000000000    0.0000000000    0.0000000000    0.0000000000    0.0000000000    0.0000000000    0.0000000000    0.0000000000    0.0000000000    0.0000000000    0.0000000000    0.0000000000    0.0000000000    0.0000000000    0.0000000000    0.0000000000    0.0000000000    0.0000000000    0.0000000000    0.0000000000    0.0000000000    0.0000000000    0.0000000000    0.0000000000    0.0000000000    0.0000000000    0.0000000000    0.0000000000    0.0000000000    0.0000000000    0.0000000000    0.0000000000    0.0000000000
  0.0000000000    0.0000000000    0.0000000000    0.0000000000    0.0000000000    0.0000000000    0.0000000000    0.0000000000    0.0000000000    0.0000000000    0.0000000000    0.0000000000    0.0000000000    0.0000000000    0.0000000000    0.0000000000    0.0000000000    0.0000000000    0.0000000000    0.0000000000    0.0000000000    0.0000000000    0.0000000000    0.0000000000    0.0000000000    0.0000000000    0.0000000000    0.0000000000    0.0000000000    0.0000000000    0.0000000000    0.0000000000    0.0000000000    0.0000000000    0.0000000000    0.0000000000    0.0000000000    0.0000000000    0.0000000000    0.0000000000    0.0000000000    0.0000000000    0.0000000000    0.0000000000    0.0000000000    0.0000000000    0.0000000000    0.0000000000    0.0000000000    0.0000000000    0.0000000000    0.0000000000    0.0000000000    0.0000000000    0.0000000000    0.0000000000    0.0000000000    0.0000000000    0.0000000000    0.0000000000    0.0000000000    0.0000000000    0.0000000000    0.0000000000    0.0000000000    0.0000000000    0.0000000000    0.0000000000    0.0000000000    0.0000000000    0.0000000000    0.0000000000    0.0000000000    0.0000000000    0.0000000000    0.0000000000    0.0000000000    0.0000000000    0.0000000000    0.0000000000
  0.0000001909   -0.0000000000    0.0000000018    0.0000000000    0.0000001938   -0.0000000000    0.0000000000    0.0000000157   -0.0000000000    0.0000000058   -0.0000000000    0.0000000186   -0.0000000007   -0.0000000000   -0.0000000041    0.0000000000    0.0000000000   -0.0000002904   -0.0000000019    0.0000000000   -0.0000000000    0.0000000279   -0.0000000070   -0.0000000000   -0.0000000003   -0.0000000000    0.0000000000   -0.0000000002    0.0000000775    0.0000000000    0.0000000017    0.0000000000    0.0000000083   -0.0000000000   -0.0000000008   -0.0000000000   -0.0000000003   -0.0043828775   -0.0000000023   -0.0000000000    0.0000000049   -0.0000000000   -0.0000000000    0.0000000010   -0.0000000407   -0.0000000000   -0.0000000001   -0.0000000000   -0.0000000000   -0.0000000009    0.0000000034   -0.0000000000   -0.0000000000   -0.0000000216    0.0000000000   -0.0000000006    0.0000000017   -0.0000000000    0.0017941077    0.0000000379    0.0000000005    0.0000000000    0.0000000000   -0.0000000001    0.0000000000   -0.0000000001   -0.0000000002   -0.0000000000   -0.0000000001    0.0000000000    0.0000000000   -0.0000000003   -0.0000000319   -0.0000000000   -0.0000000000    0.0000000005    0.0000000008   -0.0000000000    0.0000000000    0.0000000002
 -0.0000000000   -0.0000000252   -0.0000000000    0.0000000005    0.0000000000   -0.0000002258    0.0000000049   -0.0000000000    0.0000000022    0.0000000000    0.0000000028    0.0000000000   -0.0000000000   -0.0000000002    0.0000000000    0.0000000003    0.0000003139    0.0000000000   -0.0000000000   -0.0000000004   -0.0000000003    0.0000000000    0.0000000000    0.0000000010   -0.0000000000   -0.0000000000    0.0000000026    0.0000000000   -0.0000000000   -0.0000000884    0.0000000000   -0.0000000005    0.0000000000    0.0000000033   -0.0000000000    0.0000000000    0.0041213673   -0.0000000003   -0.0000000000    0.0000000015   -0.0000000000   -0.0000000017   -0.0000000001   -0.0000000000    0.0000000000   -0.0000000431    0.0000000000   -0.0000000001    0.0000000002    0.0000000000    0.0000000000    0.0000000005   -0.0000000239    0.0000000000   -0.0000000001    0.0000000000   -0.0000000000   -0.0000000004    0.0000000356   -0.0016870564   -0.0000000000    0.0000000005    0.0000000000    0.0000000000    0.0000000002    0.0000000000   -0.0000000000    0.0000000002   -0.0000000000   -0.0000000001    0.0000000000    0.0000000000   -0.0000000000    0.0000000324   -0.0000000003   -0.0000000000   -0.0000000000    0.0000000000    0.0000000000   -0.0000000000
 -0.0000000000   -0.0000000594    0.0000000000   -0.0000000103    0.0000000000   -0.0000000093    0.0000000001    0.0000000000    0.0000010944    0.0000000000    0.0000000010    0.0000000000    0.0000000000   -0.0000000013    0.0000000000   -0.0000000021   -0.0000000011   -0.0000000000    0.0000000000    0.0000000007    0.0000000012    0.0000000000    0.0000000000    0.0000000028    0.0000000000    0.0000000023   -0.0000000004    0.0000000000    0.0000000000   -0.0000000006    0.0000000000   -0.0000002824   -0.0000000000   -0.0000000001   -0.0000000000    0.0000000687   -0.0000000005    0.0000000000   -0.0000000000   -0.0020078496    0.0000000000   -0.0000000000    0.0000000167    0.0000000000    0.0000000000    0.0000000000   -0.0000000000    0.0000000002   -0.0000000007    0.0000000000    0.0000000000   -0.0000000001    0.0000000001    0.0000000000    0.0000000002    0.0000000000   -0.0000000000   -0.0000000003    0.0000000000   -0.0000000001    0.0000000000   -0.0000000002   -0.0000000513   -0.0000000000   -0.0000000001   -0.0000000000   -0.0000000000    0.0004500822   -0.0000000000   -0.0000000004   -0.0000000001   -0.0000000000    0.0000000000   -0.0000000000    0.0000000000    0.0000000000    0.0000000000   -0.0000000001   -0.0000000263   -0.0000000000
 -0.0000001431   -0.0000000000   -0.0000000272    0.0000000000    0.0000000409    0.0000000000    0.0000000000    0.0000000005   -0.0000000000    0.0000010214   -0.0000000000    0.0000000036   -0.0000000059    0.0000000000   -0.0000000075   -0.0000000000   -0.0000000000    0.0000000049    0.0000000012   -0.0000000000   -0.0000000000    0.0000000088    0.0000000054    0.0000000000    0.0000000066    0.0000000000    0.0000000000    0.0000000024    0.0000000033    0.0000000000    0.0000002653    0.0000000000   -0.0000000007    0.0000000000   -0.0000000587   -0.0000000000   -0.0000000000   -0.0000000002   -0.0021352536    0.0000000000   -0.0000000026    0.0000000000    0.0000000000   -0.0000000148    0.0000000001    0.0000000000   -0.0000000001    0.0000000000   -0.0000000000    0.0000000010    0.0000000004    0.0000000000    0.0000000000    0.0000000005    0.0000000000   -0.0000000026   -0.0000000015    0.0000000000   -0.0000000002   -0.0000000000    0.0000000007    0.0000000000    0.0000000000   -0.0000000514   -0.0000000000    0.0000000003    0.0004786398    0.0000000000   -0.0000000003    0.0000000000    0.0000000000   -0.0000000006    0.0000000001    0.0000000000   -0.0000000000    0.0000000003    0.0000000001   -0.0000000000    0.0000000000   -0.0000000254
  0.0000000901    0.0000000000   -0.0000050742   -0.0000000000   -0.0000000001    0.0000000000   -0.0000000000   -0.0000000010    0.0000000000    0.0000000289   -0.0000000000    0.0000000001   -0.0000004681   -0.0000000000   -0.0000011691    0.0000000000    0.0000000000   -0.0000000003    0.0071384953   -0.0000000025   -0.0000000000    0.0000000003   -0.0000000040   -0.0000000000    0.0000006155    0.0000000000   -0.0000000000    0.0000000002   -0.0000000000    0.0000000000    0.0000000091   -0.0000000000    0.0000000000   -0.0000000000   -0.0000000017    0.0000000000   -0.0000000000   -0.0000000025    0.0000000031    0.0000000000    0.0056428509    0.0000000020    0.0000000000   -0.0000000012    0.0000000003    0.0000000000    0.0000001732   -0.0000000000    0.0000000000   -0.0000000002    0.0000000002    0.0000000000   -0.0000000000   -0.0000000000    0.0000000000   -0.0000000185    0.0052342440    0.0000000018    0.0000000008    0.0000000000   -0.0000000003    0.0000000000    0.0000000000   -0.0000000001   -0.0000000000    0.0000000529    0.0000000006    0.0000000000    0.0000000000   -0.0000000000   -0.0000000000   -0.0000000310   -0.0000000002   -0.0000000000    0.0000000000    0.0000000002    0.0000000002    0.0000000000    0.0000000000    0.0000000009
 -0.0000000000    0.0000000063    0.0000000000   -0.0000053678    0.0000000000    0.0000000003   -0.0000000004    0.0000000000    0.0000000090   -0.0000000000   -0.0000000000   -0.0000000000    0.0000000000   -0.0000005169    0.0000000000    0.0000011630    0.0000000002    0.0000000000   -0.0000000027   -0.0067125748   -0.0000000001   -0.0000000000    0.0000000000   -0.0000000003   -0.0000000000    0.0000006364   -0.0000000001   -0.0000000000    0.0000000000    0.0000000001   -0.0000000000   -0.0000000029   -0.0000000000   -0.0000000001    0.0000000000    0.0000000005   -0.0000000015    0.0000000000   -0.0000000000    0.0000000008   -0.0000000021    0.0053061494    0.0000000004    0.0000000000   -0.0000000000    0.0000000000   -0.0000000000   -0.0000001771    0.0000000004    0.0000000000   -0.0000000000    0.0000000004   -0.0000000000    0.0000000000    0.0000000189    0.0000000000   -0.0000000019    0.0049219342   -0.0000000000    0.0000000002    0.0000000000    0.0000000003   -0.0000000000    0.0000000000   -0.0000000524   -0.0000000000   -0.0000000000    0.0000000001   -0.0000000000   -0.0000000001   -0.0000000333   -0.0000000000    0.0000000000   -0.0000000000    0.0000000002   -0.0000000000   -0.0000000000    0.0000000001    0.0000000002   -0.0000000000
  0.0000002467    0.0000000000   -0.0000000004   -0.0000000000    0.0000045235    0.0000000000   -0.0000000000    0.0000000034   -0.0000000000    0.0000000008    0.0000000000   -0.0000000419    0.0000000007   -0.0000000000    0.0000000012    0.0000000000   -0.0000000000    0.0000010667    0.0000000029   -0.0000000000    0.0000000000   -0.0000000146   -0.0000000130   -0.0000000000   -0.0000000001   -0.0000000000    0.0000000000    0.0000000007    0.0000003542    0.0000000000    0.0000000006    0.0000000000   -0.0000000243    0.0000000000    0.0000000006    0.0000000000   -0.0000000001   -0.0015305979   -0.0000000016    0.0000000000   -0.0000000005    0.0000000000    0.0000000000   -0.0000000003    0.0000000721   -0.0000000000    0.0000000000   -0.0000000000    0.0000000000   -0.0000000025   -0.0000000016    0.0000000000   -0.0000000000    0.0000001576   -0.0000000000   -0.0000000000   -0.0000000000    0.0000000000   -0.0024852139   -0.0000000525    0.0000000010    0.0000000000   -0.0000000000    0.0000000001   -0.0000000000    0.0000000000   -0.0000000003    0.0000000000    0.0000000023   -0.0000000000   -0.0000000000    0.0000000002    0.0000000441    0.0000000000   -0.0000000000    0.0000000007   -0.0000000006   -0.0000000000   -0.0000000000   -0.0000000002
  0.0000000000   -0.0000001020    0.0000000000   -0.0000000006    0.0000000000   -0.0000047740    0.0000000015    0.0000000000    0.0000000000    0.0000000000   -0.0000000110   -0.0000000000    0.0000000000    0.0000000003    0.0000000000   -0.0000000010   -0.0000011015   -0.0000000000    0.0000000000    0.0000000014   -0.0000000022   -0.0000000000   -0.0000000000    0.0000000049   -0.0000000000   -0.0000000001   -0.0000000008    0.0000000000    0.0000000000   -0.0000003701    0.0000000000   -0.0000000000   -0.0000000000   -0.0000000075    0.0000000000   -0.0000000002    0.0014392785   -0.0000000001    0.0000000000   -0.0000000004   -0.0000000000    0.0000000012    0.0000000000   -0.0000000000    0.0000000000    0.0000000719    0.0000000000    0.0000000003   -0.0000000011   -0.0000000000   -0.0000000000   -0.0000000006    0.0000001629    0.0000000000    0.0000000001   -0.0000000000   -0.0000000000    0.0000000000   -0.0000000494    0.0023369278    0.0000000000   -0.0000000006   -0.0000000000   -0.0000000000   -0.0000000002   -0.0000000000   -0.0000000000   -0.0000000000   -0.0000000000   -0.0000000004   -0.0000000000   -0.0000000000    0.0000000000   -0.0000000468    0.0000000003    0.0000000000   -0.0000000000    0.0000000000    0.0000000000   -0.0000000000
 -0.7225003739   -0.0000000070   -0.0000000035    0.0000000000    0.0000000026   -0.0000000000   -0.0000000000    0.0000057155   -0.0000000000    0.0000000012    0.0000000000   -0.0000019485    0.0000000005   -0.0000000000   -0.0000000009    0.0000000000    0.0000000000   -0.0000000319   -0.0000000027    0.0000000000   -0.0000000000    0.0000048383    0.0288801723    0.0000000003   -0.0000000005    0.0000000000   -0.0000000000   -0.0000010541    0.0000000066    0.0000000000    0.0000000000    0.0000000000   -0.0000001099    0.0000000000   -0.0000000001    0.0000000000    0.0000000000    0.0000000059   -0.0000000030   -0.0000000000    0.0000000001    0.0000000000    0.0000000000    0.0000000000   -0.0000000028    0.0000000000    0.0000000000   -0.0000000000   -0.0000000000    0.0044626730    0.0000000953   -0.0000000000    0.0000000000   -0.0000000038   -0.0000000000    0.0000000001   -0.0000000005   -0.0000000000   -0.0000000002   -0.0000000000    0.0000000279    0.0000000000   -0.0000000000    0.0000000000    0.0000000000   -0.0000000000   -0.0000000002   -0.0000000000    0.0011055444   -0.0000000003    0.0000000000   -0.0000000000   -0.0000000014   -0.0000000000    0.0000000000   -0.0000000288    0.0000000293    0.0000000000   -0.0000000000   -0.0000000000
 -0.0000000074    0.6793902866   -0.0000000000   -0.0000000006    0.0000000000   -0.0000000007    0.0000062138    0.0000000000    0.0000000006    0.0000000000   -0.0000020710   -0.0000000000    0.0000000000    0.0000000002   -0.0000000000   -0.0000000000    0.0000000095   -0.0000000000   -0.0000000000    0.0000000000    0.0000046279    0.0000000000    0.0000000003   -0.0271569693   -0.0000000000   -0.0000000004    0.0000010462   -0.0000000000    0.0000000000   -0.0000000021    0.0000000000    0.0000000000   -0.0000000000   -0.0000001174    0.0000000000    0.0000000001   -0.0000000011    0.0000000000   -0.0000000000    0.0000000014   -0.0000000000   -0.0000000009   -0.0000000002   -0.0000000000   -0.0000000000   -0.0000000008    0.0000000000   -0.0000000002    0.0041964012    0.0000000000    0.0000000000    0.0000001000   -0.0000000011   -0.0000000000    0.0000000000   -0.0000000000    0.0000000000    0.0000000012   -0.0000000000    0.0000000000    0.0000000000   -0.0000000267   -0.0000000000    0.0000000000    0.0000000000    0.0000000000    0.0000000000    0.0000000001   -0.0000000003   -0.0010395797    0.0000000003    0.0000000000   -0.0000000000    0.0000000004   -0.0000000276   -0.0000000000    0.0000000000   -0.0000000313    0.0000000000    0.0000000000
 -0.0000003853   -0.0000000000   -0.0000001175   -0.0000000000    0.0888719010    0.0000000000   -0.0000000000   -0.0000000670    0.0000000000   -0.0000000022    0.0000000000   -0.0000000087    0.0000000033    0.0000000000    0.0000000071   -0.0000000000   -0.0000000002    0.0134940017   -0.0000000010   -0.0000000000   -0.0000000000   -0.0000000102   -0.0000000068    0.0000000000    0.0000000081    0.0000000000    0.0000000000    0.0000000065    0.0030432182   -0.0000000000    0.0000000001    0.0000000000   -0.0000000030    0.0000000000    0.0000000004   -0.0000000000    0.0000000000    0.0000006789    0.0000000002   -0.0000000000    0.0000000000   -0.0000000000   -0.0000000000    0.0000000019   -0.0011373703   -0.0000000000    0.0000000027   -0.0000000000   -0.0000000000   -0.0000000003   -0.0000000005   -0.0000000000    0.0000000000    0.0006475424    0.0000000000   -0.0000000016    0.0000000003   -0.0000000000   -0.0000001367   -0.0000000000   -0.0000000028    0.0000000000   -0.0000000000    0.0000000003    0.0000000000   -0.0000000015   -0.0000000001   -0.0000000000   -0.0000000004    0.0000000000    0.0000000000   -0.0000000000   -0.0002871550   -0.0000000000   -0.0000000000   -0.0000000003   -0.0000000006    0.0000000000   -0.0000000000    0.0000000003
 -0.0000000000    0.0000001203    0.0000000000    0.0000000489    0.0000000000   -0.0835690878   -0.0000000124    0.0000000000   -0.0000000035   -0.0000000000   -0.0000000006   -0.0000000000   -0.0000000000   -0.0000000020   -0.0000000000   -0.0000000147   -0.0126888802   -0.0000000002   -0.0000000000    0.0000000008   -0.0000000006    0.0000000000    0.0000000000    0.0000000026   -0.0000000000   -0.0000000032   -0.0000000015    0.0000000000   -0.0000000000   -0.0028616249    0.0000000000    0.0000000006   -0.0000000000   -0.0000000005    0.0000000000   -0.0000000000   -0.0000007063    0.0000000000   -0.0000000000   -0.0000000002   -0.0000000000    0.0000000000   -0.0000000002   -0.0000000000    0.0000000000   -0.0010695116   -0.0000000000    0.0000000003    0.0000000003   -0.0000000000    0.0000000000    0.0000000003    0.0006089083   -0.0000000000   -0.0000000012    0.0000000000    0.0000000000    0.0000000005   -0.0000000000    0.0000001425    0.0000000000    0.0000000007   -0.0000000001   -0.0000000000   -0.0000000000   -0.0000000000    0.0000000000    0.0000000000    0.0000000000    0.0000000000    0.0000000003    0.0000000000   -0.0000000000    0.0002700226    0.0000000000    0.0000000000    0.0000000000    0.0000000002    0.0000000001    0.0000000000

# Root 5  E=0.3548642786 Ha  9.656354 eV
  0.0000000000    0.0000000000    0.0000000000    0.0000000000    0.0000000000    0.0000000000    0.0000000000    0.0000000000    0.0000000000    0.0000000000    0.0000000000    0.0000000000    0.0000000000    0.0000000000    0.0000000000    0.0000000000    0.0000000000    0.0000000000    0.0000000000    0.0000000000    0.0000000000    0.0000000000    0.0000000000    0.0000000000    0.0000000000    0.0000000000    0.0000000000    0.0000000000    0.0000000000    0.0000000000    0.0000000000    0.0000000000    0.0000000000    0.0000000000    0.0000000000    0.0000000000    0.0000000000    0.0000000000    0.0000000000    0.0000000000    0.0000000000    0.0000000000    0.0000000000    0.0000000000    0.0000000000    0.0000000000    0.0000000000    0.0000000000    0.0000000000    0.0000000000    0.0000000000    0.0000000000    0.0000000000    0.0000000000    0.0000000000    0.0000000000    0.0000000000    0.0000000000    0.0000000000    0.0000000000    0.0000000000    0.0000000000    0.0000000000    0.0000000000    0.0000000000    0.0000000000    0.0000000000    0.0000000000    0.0000000000    0.0000000000    0.0000000000    0.0000000000    0.0000000000    0.0000000000    0.0000000000    0.0000000000    0.0000000000    0.0000000000    0.0000000000    0.0000000000
  0.0000000000    0.0000000000    0.0000000000    0.0000000000    0.0000000000    0.0000000000    0.0000000000    0.0000000000    0.0000000000    0.0000000000    0.0000000000    0.0000000000    0.0000000000    0.0000000000    0.0000000000    0.0000000000    0.0000000000    0.0000000000    0.0000000000    0.0000000000    0.0000000000    0.0000000000    0.0000000000    0.0000000000    0.0000000000    0.0000000000    0.0000000000    0.0000000000    0.0000000000    0.0000000000    0.0000000000    0.0000000000    0.0000000000    0.0000000000    0.0000000000    0.0000000000    0.0000000000    0.0000000000    0.0000000000    0.0000000000    0.0000000000    0.0000000000    0.0000000000    0.0000000000    0.0000000000    0.0000000000    0.0000000000    0.0000000000    0.0000000000    0.0000000000    0.0000000000    0.0000000000    0.0000000000    0.0000000000    0.0000000000    0.0000000000    0.0000000000    0.0000000000    0.0000000000    0.0000000000    0.0000000000    0.0000000000    0.0000000000    0.0000000000    0.0000000000    0.0000000000    0.0000000000    0.0000000000    0.0000000000    0.0000000000    0.0000000000    0.0000000000    0.0000000000    0.0000000000    0.0000000000    0.0000000000    0.0000000000    0.0000000000    0.0000000000    0.0000000000
  0.0000000000    0.0000000000    0.0000000000    0.0000000000    0.0000000000    0.0000000000    0.0000000000    0.0000000000    0.0000000000    0.0000000000    0.0000000000    0.0000000000    0.0000000000    0.0000000000    0.0000000000    0.0000000000    0.0000000000    0.0000000000    0.0000000000    0.0000000000    0.0000000000    0.0000000000    0.0000000000    0.0000000000    0.0000000000    0.0000000000    0.0000000000    0.0000000000    0.0000000000    0.0000000000    0.0000000000    0.0000000000    0.0000000000    0.0000000000    0.0000000000    0.0000000000    0.0000000000    0.0000000000    0.0000000000    0.0000000000    0.0000000000    0.0000000000    0.0000000000    0.0000000000    0.0000000000    0.0000000000    0.0000000000    0.0000000000    0.0000000000    0.0000000000    0.0000000000    0.0000000000    0.0000000000    0.0000000000    0.0000000000    0.0000000000    0.0000000000    0.0000000000    0.0000000000    0.0000000000    0.0000000000    0.0000000000    0.0000000000    0.0000000000    0.0000000000    0.0000000000    0.0000000000    0.0000000000    0.0000000000    0.0000000000    0.0000000000    0.0000000000    0.0000000000    0.0000000000    0.0000000000    0.0000000000    0.0000000000    0.0000000000    0.0000000000    0.0000000000
  0.0000000000    0.0000000000    0.0000000000    0.0000000000    0.0000000000    0.0000000000    0.0000000000    0.0000000000    0.0000000000    0.0000000000    0.0000000000    0.0000000000    0.0000000000    0.0000000000    0.0000000000    0.0000000000    0.0000000000    0.0000000000    0.0000000000    0.0000000000    0.0000000000    0.0000000000    0.0000000000    0.0000000000    0.0000000000    0.0000000000    0.0000000000    0.0000000000    0.0000000000    0.0000000000    0.0000000000    0.0000000000    0.0000000000    0.0000000000    0.0000000000    0.0000000000    0.0000000000    0.0000000000    0.0000000000    0.0000000000    0.0000000000    0.0000000000    0.0000000000    0.0000000000    0.0000000000    0.0000000000    0.0000000000    0.0000000000    0.0000000000    0.0000000000    0.0000000000    0.0000000000    0.0000000000    0.0000000000    0.0000000000    0.0000000000    0.0000000000    0.0000000000    0.0000000000    0.0000000000    0.0000000000    0.0000000000    0.0000000000    0.0000000000    0.0000000000    0.0000000000    0.0000000000    0.0000000000    0.0000000000    0.0000000000    0.0000000000    0.0000000000    0.0000000000    0.0000000000    0.0000000000    0.0000000000    0.0000000000    0.0000000000    0.0000000000    0.0000000000
 -0.0000000091   -0.0000000000   -0.0000002848   -0.0000000000    0.0000000182   -0.0000000000    0.0000000000   -0.0000000155   -0.0000000000    0.0000000248   -0.0000000000    0.0000000317   -0.0000004814   -0.0000000000    0.0000004319   -0.0000000000    0.0000000000   -0.0000000067   -0.0018785864    0.0000000000   -0.0000000000    0.0000000063   -0.0000000020   -0.0000000000   -0.0000000300   -0.0000000000   -0.0000000000   -0.0000000146    0.0000000018    0.0000000000    0.0000000017    0.0000000000    0.0000000282   -0.0000000000   -0.0000000041   -0.0000000000   -0.0000000000   -0.0000000033    0.0000000008   -0.0000000000    0.0005683548   -0.0000000000    0.0000000000   -0.0000000009   -0.0000000009    0.0000000000    0.0000000029   -0.0000000000    0.0000000000   -0.0000000004    0.0000000028   -0.0000000000   -0.0000000000   -0.0000000002   -0.0000000000   -0.0000000565    0.0009432229   -0.0000000000    0.0000000008    0.0000000000   -0.0000000018   -0.0000000000   -0.0000000000    0.0000000008   -0.0000000000    0.0000000816   -0.0000000003   -0.0000000000   -0.0000000001    0.0000000000   -0.0000000000    0.0000001037    0.0000000001   -0.0000000000    0.0000000000   -0.0000000021    0.0000000000    0.0000000000    0.0000000000    0.0000000000
  0.0000000000    0.0000000005    0.0000000000   -0.0000002078   -0.0000000000   -0.0000000017   -0.0000000113   -0.0000000000   -0.0000000012   -0.0000000000    0.0000000093    0.0000000000    0.0000000000   -0.0000004643   -0.0000000000   -0.0000004267    0.0000000015    0.0000000000    0.0000000000    0.0019655850    0.0000000017   -0.0000000000    0.0000000000   -0.0000000022   -0.0000000000   -0.0000000350    0.0000000038   -0.0000000000   -0.0000000000    0.0000000001   -0.0000000000    0.0000000001    0.0000000000    0.0000000082    0.0000000000   -0.0000000002    0.0000000003   -0.0000000000   -0.0000000000    0.0000000001    0.0000000000    0.0005946477   -0.0000000001   -0.0000000000    0.0000000000   -0.0000000002   -0.0000000000   -0.0000000037    0.0000000004   -0.0000000000    0.0000000000    0.0000000007   -0.0000000002   -0.0000000000    0.0000000538   -0.0000000000    0.0000000000    0.0009868209    0.0000000000   -0.0000000003    0.0000000000    0.0000000004   -0.0000000000   -0.0000000000   -0.0000000801   -0.0000000000   -0.0000000000    0.0000000001    0.0000000000   -0.0000000003    0.0000000997    0.0000000000    0.0000000000    0.0000000003   -0.0000000004   -0.0000000000    0.0000000000    0.0000000001   -0.0000000000   -0.0000000000
  0.0000000001   -0.0361635384    0.0000000000    0.0000000632    0.0000000000    0.0000000056   -0.0000000890   -0.0000000000    0.0000000001    0.0000000000   -0.0000001062   -0.0000000000    0.0000000000    0.0000000000    0.0000000000   -0.0000000022   -0.0000000017   -0.0000000000    0.0000000000   -0.0000000032   -0.0000008271   -0.0000000000   -0.0000000000    0.0046068214    0.0000000000    0.0000000006   -0.0000000110   -0.0000000000    0.0000000000    0.0000000004   -0.0000000000    0.0000000000   -0.0000000000   -0.0000000009   -0.0000000000    0.0000000000    0.0000000000   -0.0000000000    0.0000000000    0.0000000009    0.0000000000    0.0000000011    0.0000000001   -0.0000000000   -0.0000000000    0.0000000002   -0.0000000000   -0.0000000000    0.0006858228    0.0000000000    0.0000000000    0.0000001319   -0.0000000001    0.0000000000   -0.0000000003   -0.0000000000    0.0000000000    0.0000000002   -0.0000000000    0.0000000001    0.0000000000   -0.0000001164   -0.0000000003   -0.0000000000   -0.0000000002   -0.0000000000    0.0000000000   -0.0000000006    0.0000000003    0.0011229713   -0.0000000002   -0.0000000000    0.0000000000    0.0000000000   -0.0000001166   -0.0000000000   -0.0000000000    0.0000001018   -0.0000000000   -0.0000000000
  0.0345664586    0.0000000001    0.0000002507    0.0000000000    0.0000000613   -0.0000000000    0.0000000000   -0.0000001182   -0.0000000000    0.0000000094    0.0000000000   -0.0000001148    0.0000000017    0.0000000000    0.0000000085    0.0000000000    0.0000000000   -0.0000000172   -0.0000000064   -0.0000000000    0.0000000000   -0.0000008087   -0.0044031060   -0.0000000000   -0.0000000005    0.0000000000   -0.0000000000    0.0000000085    0.0000000045    0.0000000000    0.0000000006    0.0000000000    0.0000000006   -0.0000000000   -0.0000000014   -0.0000000000    0.0000000000    0.0000000005    0.0000000023   -0.0000000000   -0.0000000006   -0.0000000000    0.0000000000   -0.0000000004   -0.0000000020    0.0000000000    0.0000000001    0.0000000000   -0.0000000000    0.0006555544    0.0000001362   -0.0000000000    0.0000000000    0.0000000000   -0.0000000000    0.0000000010   -0.0000000012   -0.0000000000    0.0000000003    0.0000000000    0.0000001198    0.0000000000   -0.0000000000    0.0000000001   -0.0000000000    0.0000000012   -0.0000000010   -0.0000000000   -0.0010733406    0.0000000003    0.0000000000   -0.0000000002    0.0000000005   -0.0000000000    0.0000000000   -0.0000001211   -0.0000001050   -0.0000000000    0.0000000000   -0.0000000001
 -0.0000000175    0.0000000000   -0.0000000136   -0.0000000000    0.0000000339   -0.0000000000   -0.0000000000    0.0000000052    0.0000000000    0.0000000697    0.0000000000   -0.0000000014   -0.0000000013   -0.0000000000   -0.0000000010    0.0000000000    0.0000000000   -0.0000003723    0.0000000005    0.0000000000   -0.0000000000    0.0000000000    0.0000000007   -0.0000000000    0.0000000009    0.0000000000   -0.0000000000    0.0000000005    0.0000001576   -0.0000000000    0.0000000264   -0.0000000000   -0.0000000005    0.0000000000   -0.0000000049    0.0000000000    0.0000000013   -0.0040336071   -0.0000000003    0.0000000000   -0.0000000014   -0.0000000000    0.0000000000   -0.0000000050    0.0000002744    0.0000000000    0.0000000004   -0.0000000000   -0.0000000000    0.0000000001    0.0000000003   -0.0000000000    0.0000000000    0.0000001648    0.0000000000   -0.0000000002    0.0000000046    0.0000000000    0.0017243120    0.0000000358    0.0000000003   -0.0000000000   -0.0000000000    0.0000000001   -0.0000000000    0.0000000002    0.0000000000    0.0000000000   -0.0000000000    0.0000000000   -0.0000000000    0.0000000001   -0.0000001566    0.0000000000    0.0000000000   -0.0000000002    0.0000000000   -0.0000000000    0.0000000000    0.0000000025
  0.0000000000    0.0000000033    0.0000000000   -0.0000000078   -0.0000000000   -0.0000000737   -0.0000000002   -0.0000000000    0.0000000183   -0.0000000000    0.0000000004    0.0000000000    0.0000000000   -0.0000000016    0.0000000000    0.0000000021    0.0000003572    0.0000000000   -0.0000000000    0.0000000008   -0.0000000001   -0.0000000000   -0.0000000000   -0.0000000002   -0.0000000000    0.0000000013   -0.0000000001   -0.0000000000   -0.0000000000   -0.0000001588   -0.0000000000   -0.0000000070    0.0000000000    0.0000000001    0.0000000000    0.0000000013    0.0042199439    0.0000000013    0.0000000000    0.0000000012    0.0000000000   -0.0000000011    0.0000000013    0.0000000000   -0.0000000000    0.0000002652   -0.0000000000   -0.0000000007   -0.0000000001   -0.0000000000   -0.0000000000   -0.0000000002    0.0000001599   -0.0000000000    0.0000000003    0.0000000000   -0.0000000000    0.0000000011    0.0000000375   -0.0018040540   -0.0000000000   -0.0000000001   -0.0000000000   -0.0000000000   -0.0000000004   -0.0000000000   -0.0000000000    0.0000000005    0.0000000000    0.0000000000   -0.0000000002   -0.0000000000    0.0000000000    0.0000001519   -0.0000000000    0.0000000000   -0.0000000000   -0.0000000000    0.0000000007   -0.0000000000
 -0.0000000838    0.0000000000    0.0000012976   -0.0000000000   -0.0000000117   -0.0000000000   -0.0000000000    0.0000000128   -0.0000000000    0.0000000021    0.0000000000   -0.0000000999    0.0000001706   -0.0000000000   -0.0000000450   -0.0000000000    0.0000000000    0.0000000036    0.0014204298    0.0000000000    0.0000000000   -0.0000000284    0.0000000052   -0.0000000000   -0.0000000426    0.0000000000   -0.0000000000   -0.0000000026   -0.0000000009    0.0000000000   -0.0000000002   -0.0000000000   -0.0000000592    0.0000000000    0.0000000002   -0.0000000000    0.0000000000    0.0000000004    0.0000000004    0.0000000000   -0.0058052577    0.0000000001   -0.0000000000    0.0000000003    0.0000000006   -0.0000000000    0.0000001759    0.0000000000    0.0000000000    0.0000000009   -0.0000000037    0.0000000000   -0.0000000000    0.0000000003   -0.0000000000   -0.0000000748   -0.0024470535    0.0000000001    0.0000000006    0.0000000000    0.0000000017    0.0000000000    0.0000000000   -0.0000000003   -0.0000000000    0.0000000267    0.0000000000    0.0000000000   -0.0000000000    0.0000000000   -0.0000000000    0.0000001545   -0.0000000000    0.0000000000   -0.0000000000    0.0000000013   -0.0000000010   -0.0000000000    0.0000000000   -0.0000000001
 -0.0000000000   -0.0000000148    0.0000000000    0.0000012386   -0.0000000000    0.0000000076    0.0000000050   -0.0000000000    0.0000000026    0.0000000000   -0.0000000273   -0.0000000000    0.0000000000    0.0000001841   -0.0000000000    0.0000000526   -0.0000000052   -0.0000000000    0.0000000000   -0.0014859568   -0.0000000077   -0.0000000000    0.0000000000    0.0000000015   -0.0000000000   -0.0000000377    0.0000000008   -0.0000000000   -0.0000000000   -0.0000000002   -0.0000000000    0.0000000001   -0.0000000000   -0.0000000155    0.0000000000    0.0000000003   -0.0000000003    0.0000000000    0.0000000000    0.0000000002   -0.0000000001   -0.0060735377    0.0000000000    0.0000000000    0.0000000000    0.0000000006    0.0000000000   -0.0000001686    0.0000000002    0.0000000000   -0.0000000000   -0.0000000009    0.0000000008    0.0000000000    0.0000000738   -0.0000000000   -0.0000000001   -0.0025602059    0.0000000000   -0.0000000002    0.0000000000   -0.0000000006    0.0000000000    0.0000000000   -0.0000000245   -0.0000000000    0.0000000000    0.0000000000   -0.0000000000   -0.0000000009    0.0000001503    0.0000000000    0.0000000000   -0.0000000001    0.0000000003    0.0000000000   -0.0000000000    0.0000000004   -0.0000000000   -0.0000000000
 -0.0000001156    0.0000000000   -0.0000000320    0.0000000000    0.0000000151    0.0000000000   -0.0000000000    0.0000000011    0.0000000000   -0.0000013073    0.0000000000   -0.0000000013   -0.0000000017    0.0000000000   -0.0000000008   -0.0000000000    0.0000000000   -0.0000000660   -0.0000000000    0.0000000000   -0.0000000000    0.0000000007    0.0000000049   -0.0000000000    0.0000000005   -0.0000000000   -0.0000000000    0.0000000001    0.0000000208    0.0000000000   -0.0000001010   -0.0000000000   -0.0000000005    0.0000000000    0.0000000645    0.0000000000   -0.0000000000    0.0000000003   -0.0037592362    0.0000000000   -0.0000000001   -0.0000000000   -0.0000000000    0.0000001226   -0.0000000084    0.0000000000    0.0000000003    0.0000000000    0.0000000000   -0.0000000028    0.0000000002   -0.0000000000    0.0000000000   -0.0000000093    0.0000000000   -0.0000000004    0.0000000001   -0.0000000000   -0.0000000000   -0.0000000000    0.0000000002    0.0000000000    0.0000000000   -0.0000002928   -0.0000000000    0.0000000002   -0.0017687412   -0.0000000000   -0.0000000015    0.0000000000   -0.0000000000    0.0000000002   -0.0000000042   -0.0000000000    0.0000000000   -0.0000000001    0.0000000001    0.0000000000   -0.0000000000    0.0000001202
 -0.0000000000   -0.0000000430    0.0000000000   -0.0000000095    0.0000000000   -0.0000000033   -0.0000000014    0.0000000000   -0.0000012159   -0.0000000000   -0.0000000031   -0.0000000000    0.0000000000   -0.0000000002   -0.0000000000   -0.0000000004    0.0000000174   -0.0000000000   -0.0000000000    0.0000000001    0.0000000020    0.0000000000    0.0000000000    0.0000000016   -0.0000000000    0.0000000002    0.0000000007    0.0000000000    0.0000000000   -0.0000000055   -0.0000000000    0.0000000897   -0.0000000000   -0.0000000010    0.0000000000   -0.0000000648   -0.0000000014    0.0000000000   -0.0000000000   -0.0039328662   -0.0000000000   -0.0000000001   -0.0000001181   -0.0000000000   -0.0000000000   -0.0000000023    0.0000000000    0.0000000000   -0.0000000015   -0.0000000000    0.0000000000    0.0000000005   -0.0000000025   -0.0000000000    0.0000000000   -0.0000000000   -0.0000000000   -0.0000000001   -0.0000000000    0.0000000003    0.0000000000   -0.0000000003   -0.0000002840   -0.0000000000   -0.0000000000    0.0000000000    0.0000000000   -0.0018505392    0.0000000000    0.0000000005   -0.0000000000   -0.0000000000   -0.0000000000    0.0000000011   -0.0000000001   -0.0000000000    0.0000000000   -0.0000000002    0.0000001162    0.0000000000
 -0.0000007724   -0.0000000000    0.6893287072    0.0000000000    0.0000000262   -0.0000000000   -0.0000000000    0.0000000059   -0.0000000000    0.0000000020    0.0000000000   -0.0000000034    0.0190674217   -0.0000000000   -0.0076685156    0.0000000000   -0.0000000000    0.0000000142   -0.0000022147    0.0000000000   -0.0000000000    0.0000000031   -0.0000000279    0.0000000000   -0.0250631402    0.0000000000    0.0000000000    0.0000000050    0.0000000010   -0.0000000000    0.0000000003    0.0000000000   -0.0000000008    0.0000000000    0.0000000003    0.0000000000    0.0000000000    0.0000000007    0.0000000005    0.0000000000   -0.0000002196    0.0000000000   -0.0000000000    0.0000000006   -0.0000000008   -0.0000000000    0.0003974623   -0.0000000000   -0.0000000000   -0.0000000013   -0.0000000005    0.0000000000    0.0000000000   -0.0000000009   -0.0000000000   -0.0022845891    0.0000002160   -0.0000000000   -0.0000000003   -0.0000000000   -0.0000000015   -0.0000000000    0.0000000000   -0.0000000001    0.0000000006   -0.0002619653    0.0000000003    0.0000000000   -0.0000000020    0.0000000000    0.0000000005   -0.0012711697    0.0000000019    0.0000000000    0.0000000000    0.0000000014    0.0000000005   -0.0000000000   -0.0000000000    0.0000000002
  0.0000000000    0.0000002060   -0.0000000000    0.7211986530   -0.0000000000    0.0000000978    0.0000001512    0.0000000000    0.0000000060    0.0000000000   -0.0000000089   -0.0000000000    0.0000000000    0.0199482875    0.0000000000    0.0080220320   -0.0000000037    0.0000000000    0.0000000000    0.0000021498   -0.0000000002    0.0000000000    0.0000000000    0.0000000094   -0.0000000000   -0.0262217841    0.0000000061   -0.0000000000    0.0000000000    0.0000000050   -0.0000000000   -0.0000000002    0.0000000000   -0.0000000028   -0.0000000000    0.0000000001   -0.0000000017    0.0000000000    0.0000000000    0.0000000000   -0.0000000000   -0.0000002086   -0.0000000001    0.0000000000    0.0000000000   -0.0000000008   -0.0000000000   -0.0004158085    0.0000000007   -0.0000000000   -0.0000000000   -0.0000000002   -0.0000000007    0.0000000000    0.0023901869   -0.0000000000    0.0000000000    0.0000002110   -0.0000000000    0.0000000008   -0.0000000000    0.0000000009   -0.0000000000    0.0000000000    0.0002740712    0.0000000006    0.0000000000   -0.0000000001   -0.0000000000    0.0000000005   -0.0013299382   -0.0000000005    0.0000000000   -0.0000000008   -0.0000000003   -0.0000000000   -0.0000000000    0.0000000003    0.0000000001   -0.0000000000

# Root 6  E=0.3660380613 Ha  9.960408 eV
  0.0000000000    0.0000000000    0.0000000000    0.0000000000    0.0000000000    0.0000000000    0.0000000000    0.0000000000    0.0000000000    0.0000000000    0.0000000000    0.0000000000    0.0000000000    0.0000000000    0.0000000000    0.0000000000    0.0000000000    0.0000000000    0.0000000000    0.0000000000    0.0000000000    0.0000000000    0.0000000000    0.0000000000    0.0000000000    0.0000000000    0.0000000000    0.0000000000    0.0000000000    0.0000000000    0.0000000000    0.0000000000    0.0000000000    0.0000000000    0.0000000000    0.0000000000    0.0000000000    0.0000000000    0.0000000000    0.0000000000    0.0000000000    0.0000000000    0.0000000000    0.0000000000    0.0000000000    0.0000000000    0.0000000000    0.0000000000    0.0000000000    0.0000000000    0.0000000000    0.0000000000    0.0000000000    0.0000000000    0.0000000000    0.0000000000    0.0000000000    0.0000000000    0.0000000000    0.0000000000    0.0000000000    0.0000000000    0.0000000000    0.0000000000    0.0000000000    0.0000000000    0.0000000000    0.0000000000    0.0000000000    0.0000000000    0.0000000000    0.0000000000    0.0000000000    0.0000000000    0.0000000000    0.0000000000    0.0000000000    0.0000000000    0.0000000000    0.0000000000
  0.0000000000    0.0000000000    0.0000000000    0.0000000000    0.0000000000    0.0000000000    0.0000000000    0.0000000000    0.0000000000    0.0000000000    0.0000000000    0.0000000000    0.0000000000    0.0000000000    0.0000000000    0.0000000000    0.0000000000    0.0000000000    0.0000000000    0.0000000000    0.0000000000    0.0000000000    0.0000000000    0.0000000000    0.0000000000    0.0000000000    0.0000000000    0.0000000000    0.0000000000    0.0000000000    0.0000000000    0.0000000000    0.0000000000    0.0000000000    0.0000000000    0.0000000000    0.0000000000    0.0000000000    0.0000000000    0.0000000000    0.0000000000    0.0000000000    0.0000000000    0.0000000000    0.0000000000    0.0000000000    0.0000000000    0.0000000000    0.0000000000    0.0000000000    0.0000000000    0.0000000000    0.0000000000    0.0000000000    0.0000000000    0.0000000000    0.0000000000    0.0000000000    0.0000000000    0.0000000000    0.0000000000    0.0000000000    0.0000000000    0.0000000000    0.0000000000    0.0000000000    0.0000000000    0.0000000000    0.0000000000    0.0000000000    0.0000000000    0.0000000000    0.0000000000    0.0000000000    0.0000000000    0.0000000000    0.0000000000    0.0000000000    0.0000000000    0.0000000000
  0.0000000000    0.0000000000    0.0000000000    0.0000000000    0.0000000000    0.0000000000    0.0000000000    0.0000000000    0.0000000000    0.0000000000    0.0000000000    0.0000000000    0.0000000000    0.0000000000    0.0000000000    0.0000000000    0.0000000000    0.0000000000    0.0000000000    0.0000000000    0.0000000000    0.0000000000    0.0000000000    0.0000000000    0.0000000000    0.0000000000    0.0000000000    0.0000000000    0.0000000000    0.0000000000    0.0000000000    0.0000000000    0.0000000000    0.0000000000    0.0000000000    0.0000000000    0.0000000000    0.0000000000    0.0000000000    0.0000000000    0.0000000000    0.0000000000    0.0000000000    0.0000000000    0.0000000000    0.0000000000    0.0000000000    0.0000000000    0.0000000000    0.0000000000    0.0000000000    0.0000000000    0.0000000000    0.0000000000    0.0000000000    0.0000000000    0.0000000000    0.0000000000    0.0000000000    0.0000000000    0.0000000000    0.0000000000    0.0000000000    0.0000000000    0.0000000000    0.0000000000    0.0000000000    0.0000000000    0.0000000000    0.0000000000    0.0000000000    0.0000000000    0.0000000000    0.0000000000    0.0000000000    0.0000000000    0.0000000000    0.0000000000    0.0000000000    0.0000000000
  0.0000000000    0.0000000000    0.0000000000    0.0000000000    0.0000000000    0.0000000000    0.0000000000    0.0000000000    0.0000000000    0.0000000000    0.0000000000    0.0000000000    0.0000000000    0.0000000000    0.0000000000    0.0000000000    0.0000000000    0.0000000000    0.0000000000    0.0000000000    0.0000000000    0.0000000000    0.0000000000    0.0000000000    0.0000000000    0.0000000000    0.0000000000    0.0000000000    0.0000000000    0.0000000000    0.0000000000    0.0000000000    0.0000000000    0.0000000000    0.0000000000    0.0000000000    0.0000000000    0.0000000000    0.0000000000    0.0000000000    0.0000000000    0.0000000000    0.0000000000    0.0000000000    0.0000000000    0.0000000000    0.0000000000    0.0000000000    0.0000000000    0.0000000000    0.0000000000    0.0000000000    0.0000000000    0.0000000000    0.0000000000    0.0000000000    0.0000000000    0.0000000000    0.0000000000    0.0000000000    0.0000000000    0.0000000000    0.0000000000    0.0000000000    0.0000000000    0.0000000000    0.0000000000    0.0000000000    0.0000000000    0.0000000000    0.0000000000    0.0000000000    0.0000000000    0.0000000000    0.0000000000    0.0000000000    0.0000000000    0.0000000000    0.0000000000    0.0000000000
 -0.0000000083   -0.0000000000   -0.0000003192   -0.0000000000    0.0000000191    0.0000000000    0.0000000000   -0.0000000162   -0.0000000000    0.0000000259   -0.0000000000    0.0000000332    0.0000001964   -0.0000000000   -0.0000000877    0.0000000000    0.0000000000   -0.0000000070   -0.0019691256    0.0000000000   -0.0000000000    0.0000000066   -0.0000000046   -0.0000000000    0.0000000646   -0.0000000000   -0.0000000000   -0.0000000153    0.0000000019   -0.0000000000    0.0000000018    0.0000000000    0.0000000296   -0.0000000000   -0.0000000043   -0.0000000000   -0.0000000000   -0.0000000006    0.0000000009   -0.0000000000    0.0005949646   -0.0000000000    0.0000000000   -0.0000000009   -0.0000000009    0.0000000000    0.0000000139   -0.0000000000    0.0000000000   -0.0000000004    0.0000000029    0.0000000000   -0.0000000000   -0.0000000002    0.0000000000    0.0000000367    0.0009864851   -0.0000000000   -0.0000000008   -0.0000000000   -0.0000000019   -0.0000000000   -0.0000000000    0.0000000009    0.0000000000   -0.0000000448   -0.0000000003   -0.0000000000   -0.0000000015    0.0000000000    0.0000000000   -0.0000000770    0.0000000001    0.0000000000    0.0000000000   -0.0000000022    0.0000000000    0.0000000000   -0.0000000000    0.0000000000
  0.0000000000   -0.0000000003    0.0000000000    0.0000002190   -0.0000000000    0.0000000021    0.0000000107   -0.0000000000    0.0000000011    0.0000000000   -0.0000000089   -0.0000000000   -0.0000000000   -0.0000002254   -0.0000000000   -0.0000001078   -0.0000000013   -0.0000000000   -0.0000000000   -0.0018822488   -0.0000000017   -0.0000000000    0.0000000000    0.0000000016   -0.0000000000   -0.0000000582   -0.0000000037   -0.0000000000    0.0000000000   -0.0000000000    0.0000000000   -0.0000000001   -0.0000000000   -0.0000000079   -0.0000000000    0.0000000002    0.0000000005   -0.0000000000    0.0000000000   -0.0000000001   -0.0000000000   -0.0005686884    0.0000000001    0.0000000000   -0.0000000000    0.0000000002    0.0000000000    0.0000000139   -0.0000000003   -0.0000000000    0.0000000000   -0.0000000007    0.0000000001    0.0000000000    0.0000000402   -0.0000000000   -0.0000000000   -0.0009428825    0.0000000000   -0.0000000002    0.0000000000   -0.0000000004    0.0000000000    0.0000000000   -0.0000000478   -0.0000000000    0.0000000000   -0.0000000001    0.0000000000    0.0000000001    0.0000000820    0.0000000000   -0.0000000000   -0.0000000002    0.0000000004    0.0000000000    0.0000000000   -0.0000000001    0.0000000000    0.0000000000
  0.0000000001    0.0345428604    0.0000000000   -0.0000000603    0.0000000000   -0.0000000053   -0.0000010210    0.0000000000   -0.0000000006    0.0000000000   -0.0000001190   -0.0000000000    0.0000000000    0.0000000000    0.0000000000    0.0000000021    0.0000000016   -0.0000000000    0.0000000000    0.0000000033    0.0000003924   -0.0000000000   -0.0000000000   -0.0044064900    0.0000000000   -0.0000000006    0.0000000330    0.0000000000    0.0000000000   -0.0000000004    0.0000000000   -0.0000000001    0.0000000000    0.0000000177    0.0000000000   -0.0000000001   -0.0000000000    0.0000000000   -0.0000000000    0.0000000005    0.0000000000   -0.0000000014   -0.0000000001    0.0000000000   -0.0000000000   -0.0000000002   -0.0000000000    0.0000000000   -0.0006546677    0.0000000000   -0.0000000000    0.0000001011    0.0000000001   -0.0000000000    0.0000000003   -0.0000000000    0.0000000000   -0.0000000003    0.0000000000   -0.0000000001    0.0000000000   -0.0000000730    0.0000000001    0.0000000000    0.0000000002    0.0000000000    0.0000000000   -0.0000000000   -0.0000000003   -0.0010735329    0.0000000002   -0.0000000000    0.0000000000   -0.0000000000   -0.0000001066   -0.0000000000    0.0000000000    0.0000000701    0.0000000000    0.0000000000
  0.0361409245   -0.0000000001    0.0000002622    0.0000000000    0.0000000642    0.0000000000    0.0000000000    0.0000010336   -0.0000000000    0.0000000098   -0.0000000000    0.0000001107    0.0000000017    0.0000000000    0.0000000089   -0.0000000000    0.0000000000   -0.0000000180   -0.0000000055   -0.0000000000   -0.0000000000   -0.0000004295   -0.0046100702    0.0000000000   -0.0000000005    0.0000000000   -0.0000000000    0.0000000324    0.0000000047    0.0000000000    0.0000000006    0.0000000000   -0.0000000171    0.0000000000   -0.0000000015   -0.0000000000    0.0000000000    0.0000000005   -0.0000000020   -0.0000000000    0.0000000008    0.0000000000    0.0000000000   -0.0000000004   -0.0000000021    0.0000000000    0.0000000001   -0.0000000000    0.0000000000    0.0006849750   -0.0000000951   -0.0000000000    0.0000000000   -0.0000000000    0.0000000000    0.0000000010   -0.0000000008    0.0000000000    0.0000000004    0.0000000000   -0.0000000675   -0.0000000000   -0.0000000000    0.0000000002   -0.0000000000    0.0000000013    0.0000000011    0.0000000000   -0.0011231590    0.0000000003    0.0000000000   -0.0000000002    0.0000000006   -0.0000000000   -0.0000000000    0.0000001014    0.0000000653   -0.0000000000   -0.0000000000   -0.0000000001
 -0.0000000183   -0.0000000000   -0.0000000140    0.0000000000    0.0000010080    0.0000000000    0.0000000000    0.0000000054   -0.0000000000    0.0000000730    0.0000000000   -0.0000000013   -0.0000000013    0.0000000000   -0.0000000009   -0.0000000000    0.0000000000    0.0000003337    0.0000000013   -0.0000000000    0.0000000000   -0.0000000000    0.0000000007    0.0000000000    0.0000000009   -0.0000000000    0.0000000000    0.0000000006    0.0000000284    0.0000000000    0.0000000276    0.0000000000   -0.0000000005   -0.0000000000   -0.0000000051   -0.0000000000   -0.0000000018   -0.0042167788   -0.0000000004   -0.0000000000    0.0000000022   -0.0000000000   -0.0000000000   -0.0000000052   -0.0000001884    0.0000000000    0.0000000003    0.0000000000    0.0000000000    0.0000000001    0.0000000003    0.0000000000    0.0000000000   -0.0000000976   -0.0000000000   -0.0000000002   -0.0000000011    0.0000000000    0.0018045115    0.0000000388    0.0000000003    0.0000000000   -0.0000000000    0.0000000001   -0.0000000000    0.0000000001    0.0000000003   -0.0000000000   -0.0000000000   -0.0000000000   -0.0000000000    0.0000000001    0.0000001087    0.0000000000    0.0000000000   -0.0000000002    0.0000000000    0.0000000000   -0.0000000000    0.0000000026
  0.0000000000   -0.0000000031    0.0000000000    0.0000000065   -0.0000000000    0.0000009998    0.0000000002   -0.0000000000   -0.0000000176   -0.0000000000   -0.0000000004    0.0000000000    0.0000000000    0.0000000010    0.0000000000   -0.0000000012    0.0000003498   -0.0000000000   -0.0000000000   -0.0000000005    0.0000000001   -0.0000000000   -0.0000000000    0.0000000002   -0.0000000000   -0.0000000008    0.0000000001   -0.0000000000   -0.0000000000    0.0000000213   -0.0000000000    0.0000000067    0.0000000000   -0.0000000001    0.0000000000   -0.0000000013   -0.0040302956    0.0000000018    0.0000000000   -0.0000000011   -0.0000000000   -0.0000000001   -0.0000000012    0.0000000000    0.0000000000    0.0000002009   -0.0000000000    0.0000000004    0.0000000001   -0.0000000000   -0.0000000000    0.0000000002    0.0000001052    0.0000000000   -0.0000000002    0.0000000000    0.0000000000    0.0000000008   -0.0000000371    0.0017247905   -0.0000000000    0.0000000001    0.0000000000   -0.0000000000    0.0000000003    0.0000000000   -0.0000000000   -0.0000000005    0.0000000000   -0.0000000000    0.0000000001   -0.0000000000   -0.0000000000    0.0000001153    0.0000000000    0.0000000000   -0.0000000000    0.0000000000   -0.0000000007   -0.0000000000
 -0.0000000877   -0.0000000000   -0.0000012003   -0.0000000000   -0.0000000123    0.0000000000   -0.0000000000    0.0000000133    0.0000000000    0.0000000023    0.0000000000   -0.0000001046    0.0000003456    0.0000000000   -0.0000001692    0.0000000000   -0.0000000000    0.0000000037    0.0014829552   -0.0000000000   -0.0000000000   -0.0000000298    0.0000000039    0.0000000000    0.0000000799    0.0000000000    0.0000000000   -0.0000000028   -0.0000000010    0.0000000000   -0.0000000002    0.0000000000   -0.0000000620    0.0000000000    0.0000000003    0.0000000000   -0.0000000000   -0.0000000011    0.0000000004    0.0000000000   -0.0060710868   -0.0000000000   -0.0000000000    0.0000000003    0.0000000005    0.0000000000   -0.0000001666    0.0000000000    0.0000000000    0.0000000001   -0.0000000039   -0.0000000000    0.0000000000    0.0000000002   -0.0000000000    0.0000000081   -0.0025605786    0.0000000000   -0.0000000005   -0.0000000000    0.0000000017    0.0000000000    0.0000000000   -0.0000000004    0.0000000000   -0.0000000564    0.0000000000    0.0000000000   -0.0000000001   -0.0000000000    0.0000000000   -0.0000000951   -0.0000000000   -0.0000000000   -0.0000000000    0.0000000014   -0.0000000011    0.0000000000   -0.0000000000   -0.0000000001
 -0.0000000000    0.0000000140   -0.0000000000    0.0000012612   -0.0000000000   -0.0000000086   -0.0000000047   -0.0000000000   -0.0000000025    0.0000000000    0.0000000264    0.0000000000    0.0000000000   -0.0000003355   -0.0000000000   -0.0000001670    0.0000000040    0.0000000000    0.0000000000    0.0014172856    0.0000000074   -0.0000000000    0.0000000000   -0.0000000017    0.0000000000   -0.0000000829   -0.0000000008   -0.0000000000   -0.0000000000   -0.0000000002   -0.0000000000   -0.0000000001    0.0000000000    0.0000000150    0.0000000000   -0.0000000003   -0.0000000002    0.0000000000    0.0000000000   -0.0000000002   -0.0000000000    0.0058026943   -0.0000000000    0.0000000000    0.0000000000   -0.0000000004   -0.0000000000   -0.0000001740   -0.0000000000   -0.0000000000   -0.0000000000    0.0000000009   -0.0000000004    0.0000000000    0.0000000120    0.0000000000   -0.0000000000    0.0024474429    0.0000000000   -0.0000000001    0.0000000000    0.0000000006   -0.0000000000   -0.0000000000   -0.0000000573   -0.0000000000    0.0000000000   -0.0000000000    0.0000000000    0.0000000008    0.0000001017    0.0000000000   -0.0000000000    0.0000000001   -0.0000000003   -0.0000000000   -0.0000000000   -0.0000000004    0.0000000000   -0.0000000000
 -0.0000001209   -0.0000000000   -0.0000000334   -0.0000000000    0.0000000157   -0.0000000000    0.0000000000    0.0000000012    0.0000000000    0.0000020078    0.0000000000   -0.0000000014   -0.0000000017   -0.0000000000   -0.0000000008   -0.0000000000    0.0000000000   -0.0000000691   -0.0000000000   -0.0000000000    0.0000000000    0.0000000006    0.0000000045    0.0000000000    0.0000000006    0.0000000000    0.0000000000    0.0000000001    0.0000000218   -0.0000000000    0.0000002359   -0.0000000000   -0.0000000004    0.0000000000    0.0000000249   -0.0000000000   -0.0000000000   -0.0000000001   -0.0039292367   -0.0000000000   -0.0000000001    0.0000000000    0.0000000000   -0.0000000855   -0.0000000088   -0.0000000000    0.0000000003    0.0000000000    0.0000000000    0.0000000026    0.0000000002    0.0000000000   -0.0000000000   -0.0000000098    0.0000000000   -0.0000000004    0.0000000001    0.0000000000   -0.0000000004   -0.0000000000    0.0000000002    0.0000000000   -0.0000000000    0.0000001856   -0.0000000000    0.0000000002   -0.0018510346   -0.0000000001    0.0000000008   -0.0000000000   -0.0000000000    0.0000000002   -0.0000000044    0.0000000000    0.0000000000   -0.0000000001    0.0000000001   -0.0000000000   -0.0000000000   -0.0000000912
 -0.0000000000    0.0000000411    0.0000000000    0.0000000091    0.0000000000    0.0000000029    0.0000000010    0.0000000000   -0.0000020639    0.0000000000    0.0000000019    0.0000000000    0.0000000000    0.0000000002   -0.0000000000    0.0000000004   -0.0000000169   -0.0000000000   -0.0000000000   -0.0000000001   -0.0000000012    0.0000000000    0.0000000000   -0.0000000017   -0.0000000000   -0.0000000002   -0.0000000004    0.0000000000    0.0000000000    0.0000000053    0.0000000000    0.0000002407    0.0000000000    0.0000000006    0.0000000000    0.0000000213    0.0000000013    0.0000000000   -0.0000000000    0.0037554393    0.0000000000    0.0000000001   -0.0000000914   -0.0000000000   -0.0000000000    0.0000000022    0.0000000000   -0.0000000000   -0.0000000003    0.0000000000    0.0000000000   -0.0000000003    0.0000000024   -0.0000000000   -0.0000000000   -0.0000000000    0.0000000000    0.0000000001    0.0000000000   -0.0000000004   -0.0000000000    0.0000000002   -0.0000001987   -0.0000000000    0.0000000000   -0.0000000000   -0.0000000001    0.0017692595    0.0000000000    0.0000000003    0.0000000000    0.0000000000   -0.0000000000   -0.0000000011    0.0000000001    0.0000000000    0.0000000000    0.0000000001    0.0000000963   -0.0000000000
 -0.0000008085    0.0000000000    0.7212004867    0.0000000000    0.0000000274    0.0000000000    0.0000000000    0.0000000062   -0.0000000000    0.0000000021   -0.0000000000   -0.0000000016    0.0199338511   -0.0000000000   -0.0080004237    0.0000000000   -0.0000000000    0.0000000135    0.0000013243    0.0000000000   -0.0000000000    0.0000000012   -0.0000000292    0.0000000000   -0.0262194249    0.0000000000    0.0000000000    0.0000000047    0.0000000013   -0.0000000000    0.0000000003    0.0000000000   -0.0000000008    0.0000000000    0.0000000003    0.0000000000    0.0000000000    0.0000000006    0.0000000005   -0.0000000000    0.0000002739   -0.0000000000   -0.0000000000    0.0000000006    0.0000000015   -0.0000000000    0.0004151899   -0.0000000000    0.0000000000   -0.0000000014    0.0000000009    0.0000000000    0.0000000000    0.0000000006   -0.0000000000   -0.0023896333   -0.0000001283    0.0000000000   -0.0000000002   -0.0000000000    0.0000000003   -0.0000000000    0.0000000000   -0.0000000001    0.0000000006   -0.0002739603    0.0000000003   -0.0000000000   -0.0000000021    0.0000000000    0.0000000005   -0.0013298985   -0.0000000014    0.0000000000    0.0000000000   -0.0000000001   -0.0000000005   -0.0000000000   -0.0000000000    0.0000000003
  0.0000000000   -0.0000001991    0.0000000000   -0.6893306222   -0.0000000000   -0.0000000934   -0.0000001446    0.0000000000   -0.0000000057   -0.0000000000    0.0000000082    0.0000000000   -0.0000000000   -0.0190523199   -0.0000000000   -0.0076459057    0.0000000031   -0.0000000000    0.0000000000    0.0000014258    0.0000000006   -0.0000000000    0.0000000000   -0.0000000090    0.0000000000    0.0250606848   -0.0000000059   -0.0000000000   -0.0000000000   -0.0000000047    0.0000000000    0.0000000002    0.0000000000    0.0000000027    0.0000000000   -0.0000000001    0.0000000009   -0.0000000000   -0.0000000000   -0.0000000000   -0.0000000000   -0.0000002821    0.0000000001   -0.0000000000   -0.0000000000   -0.0000000000    0.0000000000    0.0003968141   -0.0000000007   -0.0000000000   -0.0000000000   -0.0000000001    0.0000000002   -0.0000000000   -0.0022840102    0.0000000000    0.0000000000    0.0000001369    0.0000000000   -0.0000000005   -0.0000000000   -0.0000000005    0.0000000000   -0.0000000000   -0.0002618487   -0.0000000006   -0.0000000000    0.0000000001   -0.0000000000   -0.0000000005    0.0012711285    0.0000000005   -0.0000000000   -0.0000000003    0.0000000006   -0.0000000000   -0.0000000000   -0.0000000005   -0.0000000001    0.0000000000

# Root 7  E=0.3780822877 Ha  10.288148 eV
  0.0000000000    0.0000000000    0.0000000000    0.0000000000    0.0000000000    0.0000000000    0.0000000000    0.0000000000    0.0000000000    0.0000000000    0.0000000000    0.0000000000    0.0000000000    0.0000000000    0.0000000000    0.0000000000    0.0000000000    0.0000000000    0.0000000000    0.0000000000    0.0000000000    0.0000000000    0.0000000000    0.0000000000    0.0000000000    0.0000000000    0.0000000000    0.0000000000    0.0000000000    0.0000000000    0.0000000000    0.0000000000    0.0000000000    0.0000000000    0.0000000000    0.0000000000    0.0000000000    0.0000000000    0.0000000000    0.0000000000    0.0000000000    0.0000000000    0.0000000000    0.0000000000    0.0000000000    0.0000000000    0.0000000000    0.0000000000    0.0000000000    0.0000000000    0.0000000000    0.0000000000    0.0000000000    0.0000000000    0.0000000000    0.0000000000    0.0000000000    0.0000000000    0.0000000000    0.0000000000    0.0000000000    0.0000000000    0.0000000000    0.0000000000    0.0000000000    0.0000000000    0.0000000000    0.0000000000    0.0000000000    0.0000000000    0.0000000000    0.0000000000    0.0000000000    0.0000000000    0.0000000000    0.0000000000    0.0000000000    0.0000000000    0.0000000000    0.0000000000
  0.0000000000    0.0000000000    0.0000000000    0.0000000000    0.0000000000    0.0000000000    0.0000000000    0.0000000000    0.0000000000    0.0000000000    0.0000000000    0.0000000000    0.0000000000    0.0000000000    0.0000000000    0.0000000000    0.0000000000    0.0000000000    0.0000000000    0.0000000000    0.0000000000    0.0000000000    0.0000000000    0.0000000000    0.0000000000    0.0000000000    0.0000000000    0.0000000000    0.0000000000    0.0000000000    0.0000000000    0.0000000000    0.0000000000    0.0000000000    0.0000000000    0.0000000000    0.0000000000    0.0000000000    0.0000000000    0.0000000000    0.0000000000    0.0000000000    0.0000000000    0.0000000000    0.0000000000    0.0000000000    0.0000000000    0.0000000000    0.0000000000    0.0000000000    0.0000000000    0.0000000000    0.0000000000    0.0000000000    0.0000000000    0.0000000000    0.0000000000    0.0000000000    0.0000000000    0.0000000000    0.0000000000    0.0000000000    0.0000000000    0.0000000000    0.0000000000    0.0000000000    0.0000000000    0.0000000000    0.0000000000    0.0000000000    0.0000000000    0.0000000000    0.0000000000    0.0000000000    0.0000000000    0.0000000000    0.0000000000    0.0000000000    0.0000000000    0.0000000000
  0.0000000000    0.0000000000    0.0000000000    0.0000000000    0.0000000000    0.0000000000    0.0000000000    0.0000000000    0.0000000000    0.0000000000    0.0000000000    0.0000000000    0.0000000000    0.0000000000    0.0000000000    0.0000000000    0.0000000000    0.0000000000    0.0000000000    0.0000000000    0.0000000000    0.0000000000    0.0000000000    0.0000000000    0.0000000000    0.0000000000    0.0000000000    0.0000000000    0.0000000000    0.0000000000    0.0000000000    0.0000000000    0.0000000000    0.0000000000    0.0000000000    0.0000000000    0.0000000000    0.0000000000    0.0000000000    0.0000000000    0.0000000000    0.0000000000    0.0000000000    0.0000000000    0.0000000000    0.0000000000    0.0000000000    0.0000000000    0.0000000000    0.0000000000    0.0000000000    0.0000000000    0.0000000000    0.0000000000    0.0000000000    0.0000000000    0.0000000000    0.0000000000    0.0000000000    0.0000000000    0.0000000000    0.0000000000    0.0000000000    0.0000000000    0.0000000000    0.0000000000    0.0000000000    0.0000000000    0.0000000000    0.0000000000    0.0000000000    0.0000000000    0.0000000000    0.0000000000    0.0000000000    0.0000000000    0.0000000000    0.0000000000    0.0000000000    0.0000000000
  0.0000000000    0.0000000000    0.0000000000    0.0000000000    0.0000000000    0.0000000000    0.0000000000    0.0000000000    0.0000000000    0.0000000000    0.0000000000    0.0000000000    0.0000000000    0.0000000000    0.0000000000    0.0000000000    0.0000000000    0.0000000000    0.0000000000    0.0000000000    0.0000000000    0.0000000000    0.0000000000    0.0000000000    0.0000000000    0.0000000000    0.0000000000    0.0000000000    0.0000000000    0.0000000000    0.0000000000    0.0000000000    0.0000000000    0.0000000000    0.0000000000    0.0000000000    0.0000000000    0.0000000000    0.0000000000    0.0000000000    0.0000000000    0.0000000000    0.0000000000    0.0000000000    0.0000000000    0.0000000000    0.0000000000    0.0000000000    0.0000000000    0.0000000000    0.0000000000    0.0000000000    0.0000000000    0.0000000000    0.0000000000    0.0000000000    0.0000000000    0.0000000000    0.0000000000    0.0000000000    0.0000000000    0.0000000000    0.0000000000    0.0000000000    0.0000000000    0.0000000000    0.0000000000    0.0000000000    0.0000000000    0.0000000000    0.0000000000    0.0000000000    0.0000000000    0.0000000000    0.0000000000    0.0000000000    0.0000000000    0.0000000000    0.0000000000    0.0000000000
 -0.0000000031    0.0000000000    0.0000000034   -0.0000000000   -0.0000005382   -0.0000000000   -0.0000000000   -0.0000000047   -0.0000000000    0.0000000078   -0.0000000000    0.0000000007   -0.0000000005   -0.0000000000   -0.0000000000    0.0000000000   -0.0000000000    0.0000001563   -0.0000000003    0.0000000000   -0.0000000000   -0.0000000002    0.0000000005   -0.0000000000   -0.0000000000   -0.0000000000    0.0000000000   -0.0000000003   -0.0000000471    0.0000000000    0.0000000013    0.0000000000    0.0000000002   -0.0000000000    0.0000000001    0.0000000000    0.0000000000    0.0004293117   -0.0000000002   -0.0000000000   -0.0000000000   -0.0000000000   -0.0000000000    0.0000000003    0.0000000216    0.0000000000    0.0000000002    0.0000000000   -0.0000000000    0.0000000001    0.0000000003    0.0000000000    0.0000000000    0.0000000166   -0.0000000000   -0.0000000001   -0.0000000001    0.0000000000   -0.0000470959   -0.0000000010   -0.0000000000   -0.0000000000   -0.0000000000    0.0000000002   -0.0000000000    0.0000000001    0.0000000002    0.0000000000    0.0000000001   -0.0000000000    0.0000000000   -0.0000000000    0.0000000148    0.0000000000    0.0000000000   -0.0000000002   -0.0000000000   -0.0000000000    0.0000000000    0.0000000001
  0.0000000000   -0.0000000037    0.0000000000   -0.0000000050    0.0000000000   -0.0000001016   -0.0000000021    0.0000000000   -0.0000000260   -0.0000000000    0.0000000001    0.0000000000    0.0000000000    0.0000000006    0.0000000000    0.0000000001    0.0000000315    0.0000000000   -0.0000000000    0.0000000000   -0.0000000000    0.0000000000   -0.0000000000   -0.0000000004   -0.0000000000   -0.0000000000    0.0000000000   -0.0000000000    0.0000000000    0.0000000298   -0.0000000000    0.0000000040   -0.0000000000   -0.0000000000   -0.0000000000    0.0000000006    0.0036782795   -0.0000000002   -0.0000000000   -0.0000000010   -0.0000000000   -0.0000000005    0.0000000010    0.0000000000   -0.0000000000   -0.0000000095    0.0000000000    0.0000000001    0.0000000001    0.0000000000   -0.0000000000    0.0000000003   -0.0000000124    0.0000000000   -0.0000000002    0.0000000000   -0.0000000000   -0.0000000003    0.0000000085   -0.0004033967   -0.0000000000    0.0000000001   -0.0000000005   -0.0000000000    0.0000000003    0.0000000000   -0.0000000000    0.0000000003   -0.0000000000   -0.0000000000    0.0000000001    0.0000000000   -0.0000000000    0.0000000090    0.0000000000    0.0000000000   -0.0000000000    0.0000000001   -0.0000000003   -0.0000000000
  0.0000000000   -0.0000000027   -0.0000000000    0.0000000079    0.0000000000    0.0000001180    0.0000000029   -0.0000000000    0.0000001813   -0.0000000000    0.0000000001    0.0000000000   -0.0000000000   -0.0000000008   -0.0000000000    0.0000000000    0.0000000060    0.0000000000   -0.0000000000   -0.0000000009    0.0000000001   -0.0000000000   -0.0000000000    0.0000000002   -0.0000000000    0.0000000002   -0.0000000001    0.0000000000    0.0000000000    0.0000000081   -0.0000000000    0.0000000078    0.0000000000    0.0000000004    0.0000000000   -0.0000000105    0.0000000008   -0.0000000000   -0.0000000000   -0.0034852838   -0.0000000000    0.0000000003   -0.0000000018    0.0000000000   -0.0000000000   -0.0000000008    0.0000000000   -0.0000000001   -0.0000000006   -0.0000000000   -0.0000000000   -0.0000000004   -0.0000000006    0.0000000000    0.0000000003    0.0000000000   -0.0000000000   -0.0000000001   -0.0000000000    0.0000000010    0.0000000000   -0.0000000002   -0.0000000086   -0.0000000000   -0.0000000003   -0.0000000000    0.0000000000   -0.0007004268   -0.0000000000   -0.0000000002   -0.0000000001    0.0000000000   -0.0000000000    0.0000000001   -0.0000000000   -0.0000000000   -0.0000000000   -0.0000000001   -0.0000000035    0.0000000000
  0.0000000021   -0.0000000000    0.0000000095    0.0000000000    0.0000000561   -0.0000000000   -0.0000000000   -0.0000000023    0.0000000000   -0.0000011242    0.0000000000   -0.0000000000   -0.0000000016   -0.0000000000    0.0000000003   -0.0000000000   -0.0000000000    0.0000000034    0.0000000003   -0.0000000000    0.0000000000   -0.0000000001   -0.0000000003    0.0000000000    0.0000000006    0.0000000000    0.0000000000    0.0000000000    0.0000000042   -0.0000000000   -0.0000001168   -0.0000000000   -0.0000000001    0.0000000000    0.0000000548    0.0000000000    0.0000000000   -0.0000000001    0.0004068481    0.0000000000   -0.0000000000    0.0000000000   -0.0000000000    0.0000000189    0.0000000004    0.0000000000    0.0000000006    0.0000000000   -0.0000000000   -0.0000000001    0.0000000001    0.0000000000    0.0000000000    0.0000000003   -0.0000000000   -0.0000000002    0.0000000001   -0.0000000000   -0.0000000004   -0.0000000000   -0.0000000000   -0.0000000000   -0.0000000000    0.0000000151   -0.0000000000    0.0000000002    0.0000817348    0.0000000000    0.0000000000    0.0000000000    0.0000000000   -0.0000000001    0.0000000001   -0.0000000000    0.0000000000   -0.0000000000    0.0000000000    0.0000000000    0.0000000000    0.0000000052
 -0.0000000022   -0.0000000000    0.0000016721   -0.0000000000   -0.0000000017   -0.0000000000   -0.0000000000   -0.0000000002    0.0000000000    0.0000000011    0.0000000000   -0.0000000003    0.0000000000   -0.0000000000   -0.0000001558    0.0000000000   -0.0000000000   -0.0000000001   -0.0000989339   -0.0000000003    0.0000000000   -0.0000000005    0.0000000001    0.0000000000   -0.0000001147    0.0000000000    0.0000000000    0.0000000008   -0.0000000001   -0.0000000000    0.0000000007   -0.0000000000   -0.0000000002    0.0000000000   -0.0000000001   -0.0000000000   -0.0000000000    0.0000000001   -0.0000000001    0.0000000000   -0.0000661943    0.0000000002    0.0000000000   -0.0000000001   -0.0000000001    0.0000000000   -0.0000000370   -0.0000000000    0.0000000000    0.0000000000    0.0000000001    0.0000000000    0.0000000000   -0.0000000000    0.0000000000    0.0000000022   -0.0002345812    0.0000000008   -0.0000000001   -0.0000000000    0.0000000001    0.0000000000   -0.0000000000    0.0000000000    0.0000000000   -0.0000000181   -0.0000000000    0.0000000000    0.0000000000   -0.0000000000   -0.0000000000    0.0000000113    0.0000000000    0.0000000000   -0.0000000000    0.0000000000    0.0000000001    0.0000000000    0.0000000000    0.0000000000
  0.0000000000   -0.0000000076   -0.0000000000   -0.0000004502    0.0000000000   -0.0000000068   -0.0000000009    0.0000000000    0.0000000004   -0.0000000000   -0.0000000002   -0.0000000000   -0.0000000000   -0.0000000157    0.0000000000    0.0000000813   -0.0000000007    0.0000000000    0.0000000000   -0.0008469249    0.0000000014    0.0000000000   -0.0000000000    0.0000000003    0.0000000000    0.0000000088    0.0000000016   -0.0000000000    0.0000000000   -0.0000000006   -0.0000000000   -0.0000000001    0.0000000000    0.0000000002    0.0000000000   -0.0000000000   -0.0000000012    0.0000000000    0.0000000000    0.0000000005    0.0000000000    0.0005672538    0.0000000000    0.0000000000    0.0000000000    0.0000000000    0.0000000000   -0.0000000369    0.0000000008   -0.0000000000   -0.0000000000    0.0000000002    0.0000000000    0.0000000000    0.0000000068   -0.0000000000    0.0000000001    0.0020098711   -0.0000000000    0.0000000003   -0.0000000000    0.0000000003   -0.0000000000   -0.0000000000   -0.0000000125   -0.0000000000    0.0000000000    0.0000000002   -0.0000000000   -0.0000000001   -0.0000000120   -0.0000000000   -0.0000000000    0.0000000000   -0.0000000000   -0.0000000000   -0.0000000000    0.0000000003    0.0000000000   -0.0000000000
 -0.0000000142    0.0000000000   -0.0000000029   -0.0000000000   -0.0000005035    0.0000000000   -0.0000000000    0.0000000004    0.0000000000    0.0000000021    0.0000000000   -0.0000000020    0.0000000000    0.0000000000   -0.0000000001    0.0000000000   -0.0000000000    0.0000002724   -0.0000000001    0.0000000000   -0.0000000000   -0.0000000006    0.0000000008   -0.0000000000    0.0000000000   -0.0000000000    0.0000000000   -0.0000000002   -0.0000000711   -0.0000000000    0.0000000002   -0.0000000000   -0.0000000013    0.0000000000   -0.0000000000   -0.0000000000   -0.0000000000    0.0001024652    0.0000000000    0.0000000000    0.0000000001   -0.0000000000   -0.0000000000    0.0000000000   -0.0000000071   -0.0000000000   -0.0000000001    0.0000000000    0.0000000000    0.0000000001   -0.0000000001    0.0000000000   -0.0000000000   -0.0000000557   -0.0000000000    0.0000000000    0.0000000000   -0.0000000000    0.0001625997    0.0000000034    0.0000000001    0.0000000000    0.0000000000   -0.0000000002    0.0000000000   -0.0000000000    0.0000000000    0.0000000000   -0.0000000001    0.0000000000   -0.0000000000    0.0000000000   -0.0000000160    0.0000000000   -0.0000000000    0.0000000000   -0.0000000000   -0.0000000000   -0.0000000000   -0.0000000001
 -0.0000000000   -0.0000000218    0.0000000000    0.0000000181   -0.0000000000   -0.0000000862    0.0000000056    0.0000000000   -0.0000000033    0.0000000000   -0.0000000010   -0.0000000000    0.0000000000   -0.0000000010   -0.0000000000   -0.0000000001   -0.0000000632    0.0000000000   -0.0000000000   -0.0000000004   -0.0000000000   -0.0000000000    0.0000000000    0.0000000019    0.0000000000   -0.0000000001   -0.0000000001    0.0000000000   -0.0000000000    0.0000000035    0.0000000000    0.0000000001   -0.0000000000    0.0000000000   -0.0000000000    0.0000000000    0.0008777409   -0.0000000001   -0.0000000000   -0.0000000003    0.0000000000    0.0000000013    0.0000000002    0.0000000000   -0.0000000000    0.0000000148    0.0000000000   -0.0000000004   -0.0000000004   -0.0000000000   -0.0000000000   -0.0000000001    0.0000000412   -0.0000000000    0.0000000001   -0.0000000000    0.0000000000    0.0000000007   -0.0000000294    0.0013927663    0.0000000000   -0.0000000001    0.0000000003    0.0000000000   -0.0000000002   -0.0000000000    0.0000000000   -0.0000000001   -0.0000000000   -0.0000000003   -0.0000000001   -0.0000000000   -0.0000000000   -0.0000000114    0.0000000000   -0.0000000000    0.0000000000    0.0000000000    0.0000000002   -0.0000000000
  0.0142506276   -0.0000000012   -0.0000000025   -0.0000000000   -0.0000000028   -0.0000000000   -0.0000000000   -0.0000044831    0.0000000000    0.0000000001    0.0000000000   -0.0000001633    0.0000000000    0.0000000000    0.0000000003   -0.0000000000    0.0000000000   -0.0000000012    0.0000000001    0.0000000000   -0.0000000000    0.0000000662   -0.0004288769    0.0000000000   -0.0000000010   -0.0000000000   -0.0000000000    0.0000001046    0.0000000004    0.0000000000   -0.0000000000    0.0000000000   -0.0000000351    0.0000000000   -0.0000000000    0.0000000000   -0.0000000000   -0.0000000001    0.0000000001   -0.0000000000   -0.0000000000    0.0000000000   -0.0000000000    0.0000000000   -0.0000000002   -0.0000000000    0.0000000002   -0.0000000000   -0.0000000000   -0.0001978860   -0.0000000307   -0.0000000000   -0.0000000000   -0.0000000002    0.0000000000    0.0000000000    0.0000000000   -0.0000000000   -0.0000000000   -0.0000000000   -0.0000000071   -0.0000000000   -0.0000000000    0.0000000000   -0.0000000000    0.0000000000    0.0000000000   -0.0000000000   -0.0000825055    0.0000000000    0.0000000000   -0.0000000000   -0.0000000001   -0.0000000000   -0.0000000000    0.0000000095   -0.0000000100    0.0000000000   -0.0000000000    0.0000000000
  0.0000000001    0.1220881917    0.0000000000    0.0000000072    0.0000000000   -0.0000000131    0.0000004330   -0.0000000000   -0.0000000005    0.0000000000   -0.0000001566   -0.0000000000    0.0000000000   -0.0000000005    0.0000000000    0.0000000014   -0.0000000005    0.0000000000    0.0000000000    0.0000000000    0.0000004950    0.0000000000   -0.0000000000   -0.0036735797   -0.0000000000    0.0000000023    0.0000000502    0.0000000000    0.0000000000   -0.0000000008    0.0000000000   -0.0000000002   -0.0000000000   -0.0000000330    0.0000000000   -0.0000000001   -0.0000000006    0.0000000000    0.0000000000    0.0000000012   -0.0000000000   -0.0000000010    0.0000000000   -0.0000000000    0.0000000000   -0.0000000000    0.0000000000    0.0000000002    0.0016949725   -0.0000000000   -0.0000000000    0.0000000225    0.0000000001    0.0000000000    0.0000000000   -0.0000000000    0.0000000000    0.0000000005   -0.0000000000    0.0000000001    0.0000000000   -0.0000000105   -0.0000000000    0.0000000000   -0.0000000000   -0.0000000000   -0.0000000000    0.0000000004   -0.0000000002   -0.0007065822    0.0000000001    0.0000000000   -0.0000000000    0.0000000000   -0.0000000033   -0.0000000000   -0.0000000000   -0.0000000108    0.0000000000    0.0000000000
 -0.0000000126   -0.0000000000   -0.0000000021    0.0000000000    0.1147978827    0.0000000000   -0.0000000000    0.0000000031    0.0000000000   -0.0000000004   -0.0000000000    0.0000000002   -0.0000000003    0.0000000000    0.0000000060   -0.0000000000   -0.0000000001    0.0047877234   -0.0000000000   -0.0000000000    0.0000000000    0.0000000005   -0.0000000010   -0.0000000000   -0.0000000001    0.0000000000   -0.0000000000    0.0000000002    0.0060445681   -0.0000000000    0.0000000011   -0.0000000000    0.0000000001   -0.0000000000   -0.0000000001   -0.0000000000   -0.0000000000   -0.0000001227    0.0000000000   -0.0000000000   -0.0000000000   -0.0000000000    0.0000000000   -0.0000000003    0.0004348857    0.0000000000   -0.0000000003    0.0000000000   -0.0000000000   -0.0000000001   -0.0000000002   -0.0000000000    0.0000000000    0.0004287473    0.0000000000    0.0000000000   -0.0000000000    0.0000000000    0.0000000482    0.0000000000    0.0000000001    0.0000000000    0.0000000000   -0.0000000001   -0.0000000000    0.0000000001    0.0000000002    0.0000000000   -0.0000000000    0.0000000000    0.0000000000   -0.0000000000    0.0000200612    0.0000000000   -0.0000000000    0.0000000000    0.0000000001    0.0000000000    0.0000000000   -0.0000000000
 -0.0000000000    0.0000000049    0.0000000000   -0.0000001262   -0.0000000000    0.9835915182    0.0000000090   -0.0000000000    0.0000001003    0.0000000000   -0.0000000013   -0.0000000000    0.0000000000   -0.0000000066    0.0000000000    0.0000000278    0.0410227057    0.0000000007    0.0000000000   -0.0000000008   -0.0000000006    0.0000000000   -0.0000000000    0.0000000007   -0.0000000000    0.0000000045    0.0000000048   -0.0000000000    0.0000000000    0.0517894748   -0.0000000000   -0.0000000089   -0.0000000000   -0.0000000004    0.0000000000   -0.0000000012   -0.0000000944    0.0000000000    0.0000000000    0.0000000007    0.0000000000   -0.0000000005   -0.0000000009   -0.0000000000    0.0000000000   -0.0037259769   -0.0000000000   -0.0000000001    0.0000000005    0.0000000000    0.0000000000    0.0000000003   -0.0036733263    0.0000000000   -0.0000000006   -0.0000000000    0.0000000000    0.0000000004   -0.0000000000    0.0000000566    0.0000000000    0.0000000006    0.0000000000    0.0000000000   -0.0000000000   -0.0000000000    0.0000000000   -0.0000000008    0.0000000000   -0.0000000001    0.0000000005    0.0000000000   -0.0000000000    0.0001718516    0.0000000001    0.0000000000    0.0000000000    0.0000000002    0.0000000004   -0.0000000000

# Root 8  E=0.4123233761 Ha  11.219896 eV
  0.0000000000    0.0000000000    0.0000000000    0.0000000000    0.0000000000    0.0000000000    0.0000000000    0.0000000000    0.0000000000    0.0000000000    0.0000000000    0.0000000000    0.0000000000    0.0000000000    0.0000000000    0.0000000000    0.0000000000    0.0000000000    0.0000000000    0.0000000000    0.0000000000    0.0000000000    0.0000000000    0.0000000000    0.0000000000    0.0000000000    0.0000000000    0.0000000000    0.0000000000    0.0000000000    0.0000000000    0.0000000000    0.0000000000    0.0000000000    0.0000000000    0.0000000000    0.0000000000    0.0000000000    0.0000000000    0.0000000000    0.0000000000    0.0000000000    0.0000000000    0.0000000000    0.0000000000    0.0000000000    0.0000000000    0.0000000000    0.0000000000    0.0000000000    0.0000000000    0.0000000000    0.0000000000    0.0000000000    0.0000000000    0.0000000000    0.0000000000    0.0000000000    0.0000000000    0.0000000000    0.0000000000    0.0000000000    0.0000000000    0.0000000000    0.0000000000    0.0000000000    0.0000000000    0.0000000000    0.0000000000    0.0000000000    0.0000000000    0.0000000000    0.0000000000    0.0000000000    0.0000000000    0.0000000000    0.0000000000    0.0000000000    0.0000000000    0.0000000000
  0.0000000000    0.0000000000    0.0000000000    0.0000000000    0.0000000000    0.0000000000    0.0000000000    0.0000000000    0.0000000000    0.0000000000    0.0000000000    0.0000000000    0.0000000000    0.0000000000    0.0000000000    0.0000000000    0.0000000000    0.0000000000    0.0000000000    0.0000000000    0.0000000000    0.0000000000    0.0000000000    0.0000000000    0.0000000000    0.0000000000    0.0000000000    0.0000000000    0.0000000000    0.0000000000    0.0000000000    0.0000000000    0.0000000000    0.0000000000    0.0000000000    0.0000000000    0.0000000000    0.0000000000    0.0000000000    0.0000000000    0.0000000000    0.0000000000    0.0000000000    0.0000000000    0.0000000000    0.0000000000    0.0000000000    0.0000000000    0.0000000000    0.0000000000    0.0000000000    0.0000000000    0.0000000000    0.0000000000    0.0000000000    0.0000000000    0.0000000000    0.0000000000    0.0000000000    0.0000000000    0.0000000000    0.0000000000    0.0000000000    0.0000000000    0.0000000000    0.0000000000    0.0000000000    0.0000000000    0.0000000000    0.0000000000    0.0000000000    0.0000000000    0.0000000000    0.0000000000    0.0000000000    0.0000000000    0.0000000000    0.0000000000    0.0000000000    0.0000000000
  0.0000000000    0.0000000000    0.0000000000    0.0000000000    0.0000000000    0.0000000000    0.0000000000    0.0000000000    0.0000000000    0.0000000000    0.0000000000    0.0000000000    0.0000000000    0.0000000000    0.0000000000    0.0000000000    0.0000000000    0.0000000000    0.0000000000    0.0000000000    0.0000000000    0.0000000000    0.0000000000    0.0000000000    0.0000000000    0.0000000000    0.0000000000    0.0000000000    0.0000000000    0.0000000000    0.0000000000    0.0000000000    0.0000000000    0.0000000000    0.0000000000    0.0000000000    0.0000000000    0.0000000000    0.0000000000    0.0000000000    0.0000000000    0.0000000000    0.0000000000    0.0000000000    0.0000000000    0.0000000000    0.0000000000    0.0000000000    0.0000000000    0.0000000000    0.0000000000    0.0000000000    0.0000000000    0.0000000000    0.0000000000    0.0000000000    0.0000000000    0.0000000000    0.0000000000    0.0000000000    0.0000000000    0.0000000000    0.0000000000    0.0000000000    0.0000000000    0.0000000000    0.0000000000    0.0000000000    0.0000000000    0.0000000000    0.0000000000    0.0000000000    0.0000000000    0.0000000000    0.0000000000    0.0000000000    0.0000000000    0.0000000000    0.0000000000    0.0000000000
  0.0000000000    0.0000000000    0.0000000000    0.0000000000    0.0000000000    0.0000000000    0.0000000000    0.0000000000    0.0000000000    0.0000000000    0.0000000000    0.0000000000    0.0000000000    0.0000000000    0.0000000000    0.0000000000    0.0000000000    0.0000000000    0.0000000000    0.0000000000    0.0000000000    0.0000000000    0.0000000000    0.0000000000    0.0000000000    0.0000000000    0.0000000000    0.0000000000    0.0000000000    0.0000000000    0.0000000000    0.0000000000    0.0000000000    0.0000000000    0.0000000000    0.0000000000    0.0000000000    0.0000000000    0.0000000000    0.0000000000    0.0000000000    0.0000000000    0.0000000000    0.0000000000    0.0000000000    0.0000000000    0.0000000000    0.0000000000    0.0000000000    0.0000000000    0.0000000000    0.0000000000    0.0000000000    0.0000000000    0.0000000000    0.0000000000    0.0000000000    0.0000000000    0.0000000000    0.0000000000    0.0000000000    0.0000000000    0.0000000000    0.0000000000    0.0000000000    0.0000000000    0.0000000000    0.0000000000    0.0000000000    0.0000000000    0.0000000000    0.0000000000    0.0000000000    0.0000000000    0.0000000000    0.0000000000    0.0000000000    0.0000000000    0.0000000000    0.0000000000
  0.0000000261   -0.0000000000   -0.0000000282   -0.0000000000    0.0000001010    0.0000000000   -0.0000000000    0.0000000401    0.0000000000   -0.0000000668    0.0000000000   -0.0000000056    0.0000000046    0.0000000000   -0.0000000002   -0.0000000000   -0.0000000000    0.0000000130    0.0000000023    0.0000000000   -0.0000000000    0.0000000018   -0.0000000033   -0.0000000000   -0.0000000000   -0.0000000000    0.0000000000    0.0000000024   -0.0000000277    0.0000000000   -0.0000000115   -0.0000000000   -0.0000000020    0.0000000000   -0.0000000008   -0.0000000000   -0.0000000002   -0.0036782751    0.0000000014   -0.0000000000    0.0000000003    0.0000000000    0.0000000000   -0.0000000023   -0.0000000043   -0.0000000000   -0.0000000021    0.0000000000    0.0000000000   -0.0000000006   -0.0000000029   -0.0000000000   -0.0000000000   -0.0000000075    0.0000000000    0.0000000009    0.0000000011   -0.0000000000    0.0004034043    0.0000000085    0.0000000002    0.0000000000    0.0000000000   -0.0000000014    0.0000000000   -0.0000000008   -0.0000000018   -0.0000000000   -0.0000000003    0.0000000000   -0.0000000000    0.0000000002   -0.0000000058   -0.0000000000   -0.0000000000    0.0000000015    0.0000000001    0.0000000000    0.0000000000   -0.0000000008
  0.0000000000   -0.0000000004    0.0000000000   -0.0000000006   -0.0000000000    0.0000005144   -0.0000000002   -0.0000000000   -0.0000000030   -0.0000000000    0.0000000000    0.0000000000   -0.0000000000    0.0000000001    0.0000000000    0.0000000000   -0.0000001542   -0.0000000000   -0.0000000000   -0.0000000000    0.0000000000    0.0000000000    0.0000000000   -0.0000000000   -0.0000000000   -0.0000000000    0.0000000000   -0.0000000000   -0.0000000000    0.0000000538   -0.0000000000    0.0000000005    0.0000000000   -0.0000000000   -0.0000000000    0.0000000001    0.0004292952   -0.0000000000    0.0000000000   -0.0000000001   -0.0000000000   -0.0000000001    0.0000000001    0.0000000000   -0.0000000000    0.0000000200    0.0000000000    0.0000000000    0.0000000000    0.0000000000   -0.0000000000    0.0000000000    0.0000000143   -0.0000000000   -0.0000000000    0.0000000000   -0.0000000000   -0.0000000000    0.0000000010   -0.0000470685   -0.0000000000    0.0000000000   -0.0000000001   -0.0000000000    0.0000000000    0.0000000000   -0.0000000000    0.0000000000   -0.0000000000    0.0000000000    0.0000000000    0.0000000000    0.0000000000   -0.0000000131    0.0000000000   -0.0000000000   -0.0000000000    0.0000000000   -0.0000000000   -0.0000000000
 -0.0000000000   -0.0000000003   -0.0000000000    0.0000000009   -0.0000000000    0.0000000138    0.0000000003    0.0000000000   -0.0000011100   -0.0000000000   -0.0000000000   -0.0000000000    0.0000000000   -0.0000000001    0.0000000000    0.0000000000    0.0000000007   -0.0000000000    0.0000000000   -0.0000000001    0.0000000000    0.0000000000    0.0000000000   -0.0000000000    0.0000000000    0.0000000000   -0.0000000000    0.0000000000   -0.0000000000    0.0000000009   -0.0000000000    0.0000001215    0.0000000000    0.0000000000    0.0000000000   -0.0000000587    0.0000000001   -0.0000000000   -0.0000000000   -0.0004067057    0.0000000000    0.0000000000   -0.0000000198   -0.0000000000   -0.0000000000   -0.0000000001   -0.0000000000   -0.0000000000   -0.0000000001    0.0000000000   -0.0000000000   -0.0000000000   -0.0000000001   -0.0000000000    0.0000000000    0.0000000000   -0.0000000000   -0.0000000000   -0.0000000000    0.0000000001    0.0000000000   -0.0000000000    0.0000000135    0.0000000000   -0.0000000000    0.0000000000    0.0000000000   -0.0000817643   -0.0000000000   -0.0000000000   -0.0000000000    0.0000000000   -0.0000000000    0.0000000000   -0.0000000000    0.0000000000    0.0000000000   -0.0000000000    0.0000000045   -0.0000000000
 -0.0000000182   -0.0000000000   -0.0000000810   -0.0000000000   -0.0000004801   -0.0000000000   -0.0000000000    0.0000000177    0.0000000000   -0.0000000595    0.0000000000   -0.0000000003    0.0000000138    0.0000000000   -0.0000000024   -0.0000000000    0.0000000000   -0.0000000291   -0.0000000033   -0.0000000000    0.0000000000    0.0000000011    0.0000000029    0.0000000000   -0.0000000049    0.0000000000   -0.0000000000    0.0000000004   -0.0000000364    0.0000000000   -0.0000000320   -0.0000000000    0.0000000012   -0.0000000000    0.0000000230    0.0000000000    0.0000000000    0.0000000006   -0.0034852630    0.0000000000   -0.0000000001    0.0000000000   -0.0000000000    0.0000000061   -0.0000000030    0.0000000000   -0.0000000052    0.0000000000    0.0000000000    0.0000000005   -0.0000000010   -0.0000000000   -0.0000000000   -0.0000000027   -0.0000000000    0.0000000017   -0.0000000010   -0.0000000000    0.0000000033    0.0000000000    0.0000000002    0.0000000000    0.0000000000   -0.0000000052    0.0000000000   -0.0000000014   -0.0007004339   -0.0000000000    0.0000000000   -0.0000000000    0.0000000000    0.0000000006   -0.0000000006   -0.0000000000   -0.0000000000    0.0000000001    0.0000000000    0.0000000000   -0.0000000000   -0.0000000025
  0.0000000189   -0.0000000000   -0.0000000771    0.0000000000    0.0000000115   -0.0000000000   -0.0000000000    0.0000000018    0.0000000000   -0.0000000097   -0.0000000000    0.0000000027   -0.0000000171   -0.0000000000   -0.0000001226    0.0000000000   -0.0000000000    0.0000000006    0.0008469023   -0.0000000000    0.0000000000    0.0000000045   -0.0000000009    0.0000000000   -0.0000000185   -0.0000000000    0.0000000000   -0.0000000066    0.0000000003   -0.0000000000   -0.0000000058   -0.0000000000    0.0000000016   -0.0000000000    0.0000000011    0.0000000000   -0.0000000000   -0.0000000009    0.0000000009    0.0000000000    0.0005672565    0.0000000000   -0.0000000000    0.0000000011    0.0000000004    0.0000000000    0.0000000299    0.0000000000    0.0000000000   -0.0000000002   -0.0000000009    0.0000000000   -0.0000000000    0.0000000001   -0.0000000000   -0.0000000066    0.0020098686    0.0000000001    0.0000000004    0.0000000000   -0.0000000008   -0.0000000000    0.0000000000   -0.0000000000   -0.0000000000    0.0000000088    0.0000000000    0.0000000000   -0.0000000000    0.0000000000    0.0000000000   -0.0000000103   -0.0000000001    0.0000000000    0.0000000000   -0.0000000001   -0.0000000008    0.0000000000    0.0000000000   -0.0000000003
 -0.0000000000   -0.0000000009    0.0000000000    0.0000016106   -0.0000000000   -0.0000000007   -0.0000000001   -0.0000000000    0.0000000000    0.0000000000   -0.0000000000   -0.0000000000    0.0000000000   -0.0000000038    0.0000000000    0.0000001795   -0.0000000001   -0.0000000000   -0.0000000003   -0.0000987579    0.0000000002   -0.0000000000    0.0000000000    0.0000000000    0.0000000000   -0.0000001159    0.0000000002    0.0000000000   -0.0000000000   -0.0000000000    0.0000000000   -0.0000000000   -0.0000000000    0.0000000000   -0.0000000000   -0.0000000000   -0.0000000001    0.0000000000   -0.0000000000    0.0000000001   -0.0000000002    0.0000662175    0.0000000000   -0.0000000000   -0.0000000000    0.0000000000   -0.0000000000    0.0000000292    0.0000000001    0.0000000000    0.0000000000    0.0000000000    0.0000000000   -0.0000000000   -0.0000000006    0.0000000000   -0.0000000008    0.0002345759   -0.0000000000    0.0000000001    0.0000000000    0.0000000000   -0.0000000000    0.0000000000    0.0000000156    0.0000000000   -0.0000000000    0.0000000000    0.0000000000   -0.0000000000    0.0000000087    0.0000000000    0.0000000000    0.0000000000   -0.0000000000    0.0000000000    0.0000000000    0.0000000000    0.0000000000    0.0000000000
  0.0000001213    0.0000000000    0.0000000182    0.0000000000   -0.0000000092   -0.0000000000   -0.0000000000   -0.0000000036    0.0000000000   -0.0000000183   -0.0000000000    0.0000000169   -0.0000000022    0.0000000000    0.0000000004   -0.0000000000    0.0000000000    0.0000001319    0.0000000007   -0.0000000000    0.0000000000    0.0000000049   -0.0000000064   -0.0000000000   -0.0000000012    0.0000000000    0.0000000000    0.0000000019   -0.0000000195   -0.0000000000   -0.0000000018   -0.0000000000    0.0000000108   -0.0000000000    0.0000000003    0.0000000000   -0.0000000001   -0.0008777348   -0.0000000003    0.0000000000   -0.0000000009    0.0000000000    0.0000000000   -0.0000000003    0.0000000142    0.0000000000    0.0000000008    0.0000000000    0.0000000000   -0.0000000008    0.0000000011   -0.0000000000    0.0000000000    0.0000000306   -0.0000000000   -0.0000000002   -0.0000000003    0.0000000000   -0.0013927553   -0.0000000294   -0.0000000005   -0.0000000000   -0.0000000000    0.0000000015   -0.0000000000    0.0000000002   -0.0000000000    0.0000000000    0.0000000005   -0.0000000000    0.0000000000   -0.0000000001    0.0000000084   -0.0000000000    0.0000000000   -0.0000000003    0.0000000002    0.0000000000   -0.0000000000    0.0000000009
  0.0000000000   -0.0000000025    0.0000000000    0.0000000019    0.0000000000    0.0000004947    0.0000000006   -0.0000000000   -0.0000000004   -0.0000000000   -0.0000000001    0.0000000000   -0.0000000000   -0.0000000002    0.0000000000   -0.0000000000   -0.0000002950   -0.0000000000    0.0000000000    0.0000000000   -0.0000000000    0.0000000000   -0.0000000000    0.0000000002   -0.0000000000   -0.0000000000   -0.0000000000    0.0000000000   -0.0000000000    0.0000000738   -0.0000000000    0.0000000000    0.0000000000    0.0000000000    0.0000000000    0.0000000000    0.0001024217   -0.0000000000    0.0000000000   -0.0000000000   -0.0000000000    0.0000000001    0.0000000000   -0.0000000000    0.0000000000   -0.0000000038    0.0000000000   -0.0000000001   -0.0000000000   -0.0000000000    0.0000000000   -0.0000000000   -0.0000000473    0.0000000000    0.0000000000   -0.0000000000   -0.0000000000    0.0000000001   -0.0000000035    0.0001625071   -0.0000000000   -0.0000000000    0.0000000000    0.0000000000   -0.0000000000   -0.0000000000    0.0000000000   -0.0000000000   -0.0000000000   -0.0000000000   -0.0000000000   -0.0000000000    0.0000000000    0.0000000137   -0.0000000000   -0.0000000000    0.0000000000    0.0000000000    0.0000000000    0.0000000000
 -0.1220877195   -0.0000000002    0.0000000214    0.0000000000    0.0000000243    0.0000000000    0.0000000000   -0.0000006161    0.0000000000   -0.0000000042    0.0000000000   -0.0000002061   -0.0000000003   -0.0000000000   -0.0000000024    0.0000000000   -0.0000000000    0.0000000104   -0.0000000007    0.0000000000   -0.0000000000    0.0000005242    0.0036735440    0.0000000000    0.0000000087   -0.0000000000    0.0000000000   -0.0000000249   -0.0000000037    0.0000000000   -0.0000000011   -0.0000000000   -0.0000000441    0.0000000000    0.0000000000    0.0000000000   -0.0000000000    0.0000000013   -0.0000000010   -0.0000000000    0.0000000002    0.0000000000    0.0000000000   -0.0000000001    0.0000000014    0.0000000000   -0.0000000016   -0.0000000000   -0.0000000000    0.0016949558    0.0000000164    0.0000000000    0.0000000000    0.0000000020   -0.0000000000   -0.0000000001   -0.0000000002    0.0000000000    0.0000000002    0.0000000000    0.0000000096    0.0000000000   -0.0000000000    0.0000000000    0.0000000000   -0.0000000001   -0.0000000002   -0.0000000000    0.0007065726   -0.0000000002   -0.0000000000    0.0000000002    0.0000000010    0.0000000000    0.0000000000   -0.0000000011    0.0000000092   -0.0000000000   -0.0000000000   -0.0000000001
 -0.0000000012    0.0142479070    0.0000000000    0.0000000008   -0.0000000000   -0.0000000015   -0.0000045045   -0.0000000000   -0.0000000002   -0.0000000000   -0.0000002055   -0.0000000000   -0.0000000000   -0.0000000001   -0.0000000000    0.0000000002   -0.0000000000   -0.0000000000   -0.0000000000    0.0000000000    0.0000001851    0.0000000000    0.0000000000   -0.0004286290    0.0000000000    0.0000000003   -0.0000000958   -0.0000000000   -0.0000000000   -0.0000000001   -0.0000000000    0.0000000000   -0.0000000000   -0.0000000440    0.0000000000   -0.0000000000   -0.0000000001    0.0000000000   -0.0000000000    0.0000000001    0.0000000000   -0.0000000001    0.0000000000   -0.0000000000   -0.0000000000   -0.0000000000   -0.0000000000    0.0000000000    0.0001977625    0.0000000000    0.0000000000   -0.0000000261    0.0000000000    0.0000000000    0.0000000000   -0.0000000000   -0.0000000000    0.0000000001   -0.0000000000    0.0000000000   -0.0000000000    0.0000000048   -0.0000000000    0.0000000000   -0.0000000000   -0.0000000000   -0.0000000000    0.0000000001   -0.0000000000   -0.0000824279    0.0000000000    0.0000000000    0.0000000000    0.0000000000    0.0000000090    0.0000000000    0.0000000000    0.0000000077    0.0000000000   -0.0000000000
  0.0000001080   -0.0000000000    0.0000000181    0.0000000000   -0.9835915762   -0.0000000000   -0.0000000000   -0.0000000263   -0.0000000000    0.0000000033    0.0000000000   -0.0000000023    0.0000000024   -0.0000000000   -0.0000000511    0.0000000000    0.0000000007   -0.0410227433    0.0000000028    0.0000000000    0.0000000000   -0.0000000036    0.0000000085   -0.0000000000    0.0000000005   -0.0000000000   -0.0000000000   -0.0000000019   -0.0517894564    0.0000000000   -0.0000000090   -0.0000000000   -0.0000000009    0.0000000000    0.0000000007    0.0000000000    0.0000000000    0.0000000701   -0.0000000003    0.0000000000   -0.0000000003    0.0000000000   -0.0000000000    0.0000000022   -0.0037259706   -0.0000000000    0.0000000025   -0.0000000000   -0.0000000000    0.0000000005    0.0000000009   -0.0000000000   -0.0000000000   -0.0036733223    0.0000000000   -0.0000000000    0.0000000001   -0.0000000000   -0.0000000465   -0.0000000000   -0.0000000013    0.0000000000   -0.0000000000    0.0000000004    0.0000000000   -0.0000000010   -0.0000000015   -0.0000000000    0.0000000002   -0.0000000000   -0.0000000000    0.0000000000   -0.0001718505   -0.0000000000   -0.0000000000    0.0000000003   -0.0000000004    0.0000000000    0.0000000000    0.0000000003
  0.0000000000    0.0000000006    0.0000000000   -0.0000000147   -0.0000000000    0.1147982111    0.0000000011    0.0000000000    0.0000000117    0.0000000000   -0.0000000002   -0.0000000000   -0.0000000000   -0.0000000009    0.0000000000    0.0000000033    0.0047880575    0.0000000001    0.0000000000   -0.0000000002   -0.0000000001    0.0000000000    0.0000000000    0.0000000001   -0.0000000000    0.0000000005    0.0000000006   -0.0000000000    0.0000000000    0.0060444531   -0.0000000000   -0.0000000010   -0.0000000000   -0.0000000000    0.0000000000   -0.0000000001    0.0000001036   -0.0000000000    0.0000000000    0.0000000001    0.0000000000   -0.0000000001   -0.0000000001   -0.0000000000    0.0000000000   -0.0004348547   -0.0000000000    0.0000000000    0.0000000001   -0.0000000000    0.0000000000    0.0000000000   -0.0004287032    0.0000000000   -0.0000000001   -0.0000000000    0.0000000000    0.0000000000    0.0000000000   -0.0000000361    0.0000000000    0.0000000001    0.0000000000    0.0000000000    0.0000000000    0.0000000000    0.0000000000   -0.0000000001    0.0000000000   -0.0000000000    0.0000000001    0.0000000000   -0.0000000000    0.0000200530    0.0000000000    0.0000000000    0.0000000000    0.0000000000    0.0000000000   -0.0000000000

# Root 9  E=0.3548642786 Ha  9.656354 eV
  0.0000000000    0.0000000000    0.0000000000    0.0000000000    0.0000000000    0.0000000000    0.0000000000    0.0000000000    0.0000000000    0.0000000000    0.0000000000    0.0000000000    0.0000000000    0.0000000000    0.0000000000    0.0000000000    0.0000000000    0.0000000000    0.0000000000    0.0000000000    0.0000000000    0.0000000000    0.0000000000    0.0000000000    0.0000000000    0.0000000000    0.0000000000    0.0000000000    0.0000000000    0.0000000000    0.0000000000    0.0000000000    0.0000000000    0.0000000000    0.0000000000    0.0000000000    0.0000000000    0.0000000000    0.0000000000    0.0000000000    0.0000000000    0.0000000000    0.0000000000    0.0000000000    0.0000000000    0.0000000000    0.0000000000    0.0000000000    0.0000000000    0.0000000000    0.0000000000    0.0000000000    0.0000000000    0.0000000000    0.0000000000    0.0000000000    0.0000000000    0.0000000000    0.0000000000    0.0000000000    0.0000000000    0.0000000000    0.0000000000    0.0000000000    0.0000000000    0.0000000000    0.0000000000    0.0000000000    0.0000000000    0.0000000000    0.0000000000    0.0000000000    0.0000000000    0.0000000000    0.0000000000    0.0000000000    0.0000000000    0.0000000000    0.0000000000    0.0000000000
  0.0000000000    0.0000000000    0.0000000000    0.0000000000    0.0000000000    0.0000000000    0.0000000000    0.0000000000    0.0000000000    0.0000000000    0.0000000000    0.0000000000    0.0000000000    0.0000000000    0.0000000000    0.0000000000    0.0000000000    0.0000000000    0.0000000000    0.0000000000    0.0000000000    0.0000000000    0.0000000000    0.0000000000    0.0000000000    0.0000000000    0.0000000000    0.0000000000    0.0000000000    0.0000000000    0.0000000000    0.0000000000    0.0000000000    0.0000000000    0.0000000000    0.0000000000    0.0000000000    0.0000000000    0.0000000000    0.0000000000    0.0000000000    0.0000000000    0.0000000000    0.0000000000    0.0000000000    0.0000000000    0.0000000000    0.0000000000    0.0000000000    0.0000000000    0.0000000000    0.0000000000    0.0000000000    0.0000000000    0.0000000000    0.0000000000    0.0000000000    0.0000000000    0.0000000000    0.0000000000    0.0000000000    0.0000000000    0.0000000000    0.0000000000    0.0000000000    0.0000000000    0.0000000000    0.0000000000    0.0000000000    0.0000000000    0.0000000000    0.0000000000    0.0000000000    0.0000000000    0.0000000000    0.0000000000    0.0000000000    0.0000000000    0.0000000000    0.0000000000
  0.0000000000    0.0000000000    0.0000000000    0.0000000000    0.0000000000    0.0000000000    0.0000000000    0.0000000000    0.0000000000    0.0000000000    0.0000000000    0.0000000000    0.0000000000    0.0000000000    0.0000000000    0.0000000000    0.0000000000    0.0000000000    0.0000000000    0.0000000000    0.0000000000    0.0000000000    0.0000000000    0.0000000000    0.0000000000    0.0000000000    0.0000000000    0.0000000000    0.0000000000    0.0000000000    0.0000000000    0.0000000000    0.0000000000    0.0000000000    0.0000000000    0.0000000000    0.0000000000    0.0000000000    0.0000000000    0.0000000000    0.0000000000    0.0000000000    0.0000000000    0.0000000000    0.0000000000    0.0000000000    0.0000000000    0.0000000000    0.0000000000    0.0000000000    0.0000000000    0.0000000000    0.0000000000    0.0000000000    0.0000000000    0.0000000000    0.0000000000    0.0000000000    0.0000000000    0.0000000000    0.0000000000    0.0000000000    0.0000000000    0.0000000000    0.0000000000    0.0000000000    0.0000000000    0.0000000000    0.0000000000    0.0000000000    0.0000000000    0.0000000000    0.0000000000    0.0000000000    0.0000000000    0.0000000000    0.0000000000    0.0000000000    0.0000000000    0.0000000000
  0.0000000000    0.0000000000    0.0000000000    0.0000000000    0.0000000000    0.0000000000    0.0000000000    0.0000000000    0.0000000000    0.0000000000    0.0000000000    0.0000000000    0.0000000000    0.0000000000    0.0000000000    0.0000000000    0.0000000000    0.0000000000    0.0000000000    0.0000000000    0.0000000000    0.0000000000    0.0000000000    0.0000000000    0.0000000000    0.0000000000    0.0000000000    0.0000000000    0.0000000000    0.0000000000    0.0000000000    0.0000000000    0.0000000000    0.0000000000    0.0000000000    0.0000000000    0.0000000000    0.0000000000    0.0000000000    0.0000000000    0.0000000000    0.0000000000    0.0000000000    0.0000000000    0.0000000000    0.0000000000    0.0000000000    0.0000000000    0.0000000000    0.0000000000    0.0000000000    0.0000000000    0.0000000000    0.0000000000    0.0000000000    0.0000000000    0.0000000000    0.0000000000    0.0000000000    0.0000000000    0.0000000000    0.0000000000    0.0000000000    0.0000000000    0.0000000000    0.0000000000    0.0000000000    0.0000000000    0.0000000000    0.0000000000    0.0000000000    0.0000000000    0.0000000000    0.0000000000    0.0000000000    0.0000000000    0.0000000000    0.0000000000    0.0000000000    0.0000000000
  0.0429763563    0.0000000000   -0.0000000235   -0.0000000000   -0.0000000157    0.0000000000   -0.0000000000    0.0000008657    0.0000000000   -0.0000000074   -0.0000000000    0.0000007381    0.0000000058    0.0000000000    0.0000000094   -0.0000000000   -0.0000000000    0.0000000020    0.0000000046   -0.0000000000    0.0000000000   -0.0000005385   -0.0074559397    0.0000000000    0.0000000047   -0.0000000000   -0.0000000000   -0.0000004598   -0.0000000002    0.0000000000   -0.0000000010   -0.0000000000    0.0000010375   -0.0000000000    0.0000000012    0.0000000000   -0.0000000000   -0.0000000030    0.0000000019   -0.0000000000   -0.0000000081    0.0000000000    0.0000000000   -0.0000000004   -0.0000000001    0.0000000000    0.0000000005   -0.0000000000    0.0000000000    0.0002460207    0.0000001655   -0.0000000000    0.0000000000    0.0000000006   -0.0000000000    0.0000000014   -0.0000000028    0.0000000000    0.0000000006    0.0000000000   -0.0000000753   -0.0000000000    0.0000000000   -0.0000000001   -0.0000000000    0.0000000007    0.0000000001    0.0000000000    0.0002862677   -0.0000000001    0.0000000000   -0.0000000000    0.0000000000    0.0000000000    0.0000000000   -0.0000001070    0.0000000167    0.0000000000   -0.0000000000    0.0000000000
  0.0000000000   -0.0378389228    0.0000000000   -0.0000000081   -0.0000000000   -0.0000000005    0.0000010500    0.0000000000   -0.0000000012   -0.0000000000    0.0000008827    0.0000000000    0.0000000000    0.0000000028   -0.0000000000   -0.0000000028    0.0000000002    0.0000000000   -0.0000000000    0.0000000016   -0.0000003388   -0.0000000000    0.0000000000    0.0065647338   -0.0000000000    0.0000000017    0.0000005897   -0.0000000000   -0.0000000000    0.0000000000   -0.0000000000    0.0000000001    0.0000000000    0.0000012189   -0.0000000000   -0.0000000001    0.0000000006   -0.0000000000    0.0000000000   -0.0000000007    0.0000000000    0.0000000037    0.0000000000   -0.0000000000    0.0000000000   -0.0000000000    0.0000000000   -0.0000000004    0.0002166093   -0.0000000000    0.0000000000    0.0000001899   -0.0000000001    0.0000000000   -0.0000000003   -0.0000000000    0.0000000000    0.0000000005    0.0000000000   -0.0000000001   -0.0000000000    0.0000000906    0.0000000000   -0.0000000000   -0.0000000002   -0.0000000000    0.0000000000   -0.0000000001   -0.0000000001   -0.0002520446   -0.0000000002   -0.0000000000    0.0000000000    0.0000000000   -0.0000001251   -0.0000000000    0.0000000000   -0.0000000188   -0.0000000000    0.0000000000
  0.0000000000    0.0000000954   -0.0000000000   -0.0000011862   -0.0000000000    0.0000000009    0.0000000284    0.0000000000    0.0000000015   -0.0000000000    0.0000000006    0.0000000000   -0.0000000000   -0.0000016244   -0.0000000000    0.0000006059   -0.0000000001   -0.0000000000    0.0000000000   -0.0051709416    0.0000000007   -0.0000000000   -0.0000000000   -0.0000000029    0.0000000000    0.0000006081    0.0000000030   -0.0000000000   -0.0000000000   -0.0000000000   -0.0000000000   -0.0000000001    0.0000000000    0.0000000001    0.0000000000    0.0000000002    0.0000000003   -0.0000000000   -0.0000000000   -0.0000000007    0.0000000000    0.0023058139    0.0000000000    0.0000000000    0.0000000000    0.0000000000    0.0000000000   -0.0000001143    0.0000000013   -0.0000000000   -0.0000000000    0.0000000004    0.0000000000   -0.0000000000    0.0000000622    0.0000000000    0.0000000000    0.0020445682   -0.0000000000    0.0000000000   -0.0000000000    0.0000000000    0.0000000000   -0.0000000000   -0.0000000177   -0.0000000000    0.0000000000    0.0000000000    0.0000000000    0.0000000003    0.0000000127    0.0000000000   -0.0000000000    0.0000000000    0.0000000001    0.0000000000   -0.0000000000    0.0000000002   -0.0000000000   -0.0000000000
  0.0000002698    0.0000000000   -0.0000008943    0.0000000000   -0.0000000074   -0.0000000000   -0.0000000000    0.0000001298    0.0000000000   -0.0000000233   -0.0000000000    0.0000000021   -0.0000013743    0.0000000000   -0.0000006540   -0.0000000000   -0.0000000000    0.0000000005    0.0058729710    0.0000000000   -0.0000000000   -0.0000000046   -0.0000000078   -0.0000000000    0.0000005119   -0.0000000000   -0.0000000000   -0.0000000139   -0.0000000002   -0.0000000000   -0.0000000024   -0.0000000000    0.0000000006   -0.0000000000    0.0000000031    0.0000000000    0.0000000000    0.0000000008   -0.0000000023   -0.0000000000    0.0026187915   -0.0000000000    0.0000000000   -0.0000000005    0.0000000002   -0.0000000000    0.0000000996    0.0000000000    0.0000000000   -0.0000000020   -0.0000000002    0.0000000000   -0.0000000000    0.0000000000   -0.0000000000   -0.0000000567    0.0023221304   -0.0000000000    0.0000000003    0.0000000000   -0.0000000005   -0.0000000000    0.0000000000   -0.0000000004   -0.0000000000    0.0000000148   -0.0000000000   -0.0000000000    0.0000000015   -0.0000000000   -0.0000000000    0.0000000125   -0.0000000002    0.0000000000    0.0000000000   -0.0000000001   -0.0000000003   -0.0000000000    0.0000000000    0.0000000003
 -0.0000000246    0.0000000000    0.0000000031   -0.0000000000    0.0000000119   -0.0000000000   -0.0000000000   -0.0000000044   -0.0000000000   -0.0000003122   -0.0000000000    0.0000000003   -0.0000000002   -0.0000000000    0.0000000002    0.0000000000   -0.0000000000    0.0000000026    0.0000000026   -0.0000000000   -0.0000000000   -0.0000000005    0.0000000016   -0.0000000000   -0.0000000004    0.0000000000   -0.0000000000    0.0000000004    0.0000000011   -0.0000000000    0.0000004502   -0.0000000000    0.0000000000    0.0000000000   -0.0000001772    0.0000000000    0.0000000000    0.0000000077   -0.0021839234   -0.0000000007    0.0000000015    0.0000000000    0.0000000000   -0.0000002554    0.0000000003   -0.0000000000   -0.0000000003    0.0000000000    0.0000000000    0.0000000001   -0.0000000002   -0.0000000000    0.0000000000    0.0000000007    0.0000000000    0.0000000000    0.0000000022    0.0000000000   -0.0000000019   -0.0000000000    0.0000000001   -0.0000000000   -0.0000000000   -0.0000000554    0.0000000000   -0.0000000001    0.0010679136    0.0000000004    0.0000000000   -0.0000000000   -0.0000000000    0.0000000001    0.0000000002    0.0000000000   -0.0000000000   -0.0000000001   -0.0000000000   -0.0000000000    0.0000000000    0.0000000691
  0.0000000000    0.0000000214   -0.0000000000   -0.0000000003   -0.0000000000   -0.0000000039   -0.0000000014    0.0000000000   -0.0000002158    0.0000000000   -0.0000000001   -0.0000000000    0.0000000000   -0.0000000002   -0.0000000000    0.0000000000   -0.0000000025   -0.0000000000   -0.0000000000   -0.0000000008   -0.0000000000    0.0000000000   -0.0000000000   -0.0000000007    0.0000000000    0.0000000000   -0.0000000001   -0.0000000000   -0.0000000000   -0.0000000005   -0.0000000000   -0.0000005469   -0.0000000000    0.0000000000    0.0000000000    0.0000002201    0.0000000021   -0.0000000000    0.0000000008   -0.0019228344   -0.0000000000    0.0000000008    0.0000002981    0.0000000000   -0.0000000000   -0.0000000000    0.0000000000    0.0000000001    0.0000000000   -0.0000000000    0.0000000000   -0.0000000001    0.0000000003   -0.0000000000    0.0000000001   -0.0000000000   -0.0000000000    0.0000000005    0.0000000000   -0.0000000005   -0.0000000000   -0.0000000001   -0.0000000597    0.0000000000   -0.0000000001   -0.0000000000   -0.0000000004    0.0009402690   -0.0000000000   -0.0000000000   -0.0000000001   -0.0000000000   -0.0000000000    0.0000000001   -0.0000000001    0.0000000000    0.0000000000   -0.0000000000    0.0000000829   -0.0000000000
 -0.6979894380   -0.0000000077    0.0000000237    0.0000000000   -0.0000000013   -0.0000000000    0.0000000000   -0.0000066172   -0.0000000000    0.0000000042    0.0000000000   -0.0000054915    0.0000000081   -0.0000000000   -0.0000000013    0.0000000000    0.0000000000   -0.0000000007   -0.0000000077    0.0000000000   -0.0000000000    0.0000044348    0.0387674425    0.0000000004    0.0000000010    0.0000000000   -0.0000000000   -0.0000002688   -0.0000000002   -0.0000000000    0.0000000002    0.0000000000   -0.0000021397    0.0000000000   -0.0000000005    0.0000000000   -0.0000000000   -0.0000000007    0.0000000006   -0.0000000000    0.0000000063   -0.0000000000   -0.0000000000    0.0000000001   -0.0000000000    0.0000000000   -0.0000000006   -0.0000000000   -0.0000000000    0.0031119500   -0.0000001328    0.0000000000    0.0000000000   -0.0000000003   -0.0000000000   -0.0000000009    0.0000000015   -0.0000000000   -0.0000000010   -0.0000000000    0.0000000922    0.0000000000   -0.0000000000    0.0000000001    0.0000000000   -0.0000000006    0.0000000002    0.0000000000   -0.0011265561    0.0000000003   -0.0000000000    0.0000000001   -0.0000000001   -0.0000000000   -0.0000000000    0.0000000714   -0.0000000584   -0.0000000000   -0.0000000000    0.0000000001
 -0.0000000087    0.6145591191    0.0000000000    0.0000000037   -0.0000000000    0.0000000017   -0.0000071017   -0.0000000000    0.0000000033    0.0000000000   -0.0000064957   -0.0000000000    0.0000000000    0.0000000027   -0.0000000000    0.0000000006   -0.0000000002   -0.0000000000   -0.0000000000   -0.0000000021    0.0000035998    0.0000000000    0.0000000005   -0.0341335164    0.0000000000    0.0000000007    0.0000001310   -0.0000000000   -0.0000000000   -0.0000000000    0.0000000000   -0.0000000002   -0.0000000000   -0.0000025518    0.0000000000    0.0000000002    0.0000000003   -0.0000000000    0.0000000000    0.0000000001    0.0000000000   -0.0000000022   -0.0000000000    0.0000000000    0.0000000000   -0.0000000000    0.0000000000    0.0000000000    0.0027399648    0.0000000000   -0.0000000000   -0.0000001485    0.0000000001    0.0000000000    0.0000000003   -0.0000000000    0.0000000000    0.0000000010   -0.0000000000    0.0000000002    0.0000000000   -0.0000001058   -0.0000000000    0.0000000000    0.0000000002    0.0000000000   -0.0000000000    0.0000000000    0.0000000003    0.0009918857    0.0000000004    0.0000000000   -0.0000000000    0.0000000000    0.0000000817    0.0000000000   -0.0000000000    0.0000000637    0.0000000000    0.0000000000
 -0.0000002599    0.0000000000    0.0000000046    0.0000000000   -0.0000132057   -0.0000000000   -0.0000000000   -0.0000000127   -0.0000000000    0.0000000114   -0.0000000000    0.0000000003   -0.0000000001    0.0000000000    0.0000000003   -0.0000000000    0.0000000000   -0.0000037809    0.0000000007    0.0000000000   -0.0000000000   -0.0000000008    0.0000000120   -0.0000000000   -0.0000000002   -0.0000000000    0.0000000000    0.0000000006    0.0000004291    0.0000000000    0.0000000018    0.0000000000   -0.0000000002    0.0000000000    0.0000000008    0.0000000000   -0.0000000002   -0.0029606032    0.0000000070    0.0000000000   -0.0000000001    0.0000000000   -0.0000000000    0.0000000006   -0.0000003272    0.0000000000    0.0000000000    0.0000000000   -0.0000000000    0.0000000016   -0.0000000002   -0.0000000000    0.0000000000   -0.0000002317    0.0000000000    0.0000000002    0.0000000004   -0.0000000000   -0.0017833671   -0.0000000377   -0.0000000005   -0.0000000000    0.0000000000   -0.0000000006    0.0000000000   -0.0000000003    0.0000000013    0.0000000000    0.0000000005   -0.0000000000    0.0000000000   -0.0000000002   -0.0000001576   -0.0000000000   -0.0000000000    0.0000000003    0.0000000001   -0.0000000000    0.0000000000   -0.0000000001
 -0.0000000000    0.0000000952   -0.0000000000   -0.0000000003   -0.0000000000    0.0000149670   -0.0000000032    0.0000000000    0.0000000020    0.0000000000   -0.0000000004   -0.0000000000   -0.0000000000   -0.0000000002    0.0000000000    0.0000000002    0.0000044605    0.0000000000    0.0000000000   -0.0000000001   -0.0000000000    0.0000000000    0.0000000000   -0.0000000043   -0.0000000000    0.0000000001   -0.0000000001   -0.0000000000    0.0000000000   -0.0000005162    0.0000000000   -0.0000000011   -0.0000000000   -0.0000000001    0.0000000000   -0.0000000010    0.0026066705   -0.0000000002    0.0000000000   -0.0000000020   -0.0000000000   -0.0000000001    0.0000000002    0.0000000000   -0.0000000000   -0.0000003877    0.0000000000   -0.0000000003    0.0000000009    0.0000000000   -0.0000000000    0.0000000003   -0.0000002800   -0.0000000000   -0.0000000001   -0.0000000000    0.0000000000    0.0000000003   -0.0000000332    0.0015701970   -0.0000000000    0.0000000002   -0.0000000003   -0.0000000000    0.0000000002    0.0000000000    0.0000000000   -0.0000000003   -0.0000000000   -0.0000000001    0.0000000000    0.0000000000   -0.0000000000    0.0000001836    0.0000000001    0.0000000000    0.0000000000    0.0000000001   -0.0000000000   -0.0000000000
 -0.0000261525   -0.0000000000   -0.0000000996    0.0000000000   -0.0000000600    0.0000000000   -0.0000000000    0.2694089473    0.0000000000    0.0000000036   -0.0000000014    0.0011091321   -0.0000000219   -0.0000000000    0.0000000242    0.0000000000   -0.0000000000    0.0000000009   -0.0000000060   -0.0000000000   -0.0000000000    0.0142627965   -0.0000022695   -0.0000000000   -0.0000000033   -0.0000000000   -0.0000000000   -0.0099406359   -0.0000000028   -0.0000000000    0.0000000002   -0.0000000000   -0.0027152837    0.0000000002   -0.0000000003   -0.0000000000   -0.0000000000   -0.0000000006   -0.0000000002    0.0000000000    0.0000000017   -0.0000000000    0.0000000000   -0.0000000009   -0.0000000016   -0.0000000000   -0.0000000027    0.0000000000   -0.0000000000   -0.0000001113    0.0002782360   -0.0000000000    0.0000000000    0.0000000004    0.0000000000    0.0000000044    0.0000000004    0.0000000000    0.0000000001    0.0000000000    0.0006663911    0.0000000000    0.0000000000   -0.0000000003   -0.0000000000    0.0000000016    0.0000000000    0.0000000000   -0.0000000513    0.0000000000   -0.0000000000    0.0000000010   -0.0000000001    0.0000000000   -0.0000000001    0.0005759887   -0.0001983214   -0.0000000000    0.0000000000   -0.0000000002
 -0.0000000000    0.0000304868    0.0000000000   -0.0000000326    0.0000000000   -0.0000000004    0.2372094229    0.0000000000    0.0000000072    0.0000000000    0.0009765019    0.0000000012    0.0000000000    0.0000000009    0.0000000000    0.0000000124   -0.0000000016   -0.0000000000    0.0000000000   -0.0000000018    0.0125578357    0.0000000000    0.0000000000    0.0000021137   -0.0000000000    0.0000000017    0.0087526077   -0.0000000000    0.0000000000   -0.0000000011   -0.0000000000   -0.0000000005   -0.0000000001   -0.0023907209    0.0000000000    0.0000000000    0.0000000000   -0.0000000000    0.0000000000    0.0000000003    0.0000000000    0.0000000003   -0.0000000001    0.0000000000    0.0000000000   -0.0000000004   -0.0000000000   -0.0000000004   -0.0000001211   -0.0000000000    0.0000000000    0.0002449719    0.0000000003    0.0000000000    0.0000000018   -0.0000000000   -0.0000000000   -0.0000000017   -0.0000000000    0.0000000001    0.0000000000   -0.0005867306   -0.0000000000   -0.0000000000    0.0000000002    0.0000000000    0.0000000000   -0.0000000000    0.0000000000    0.0000000650   -0.0000000004   -0.0000000000   -0.0000000000    0.0000000000    0.0005071370    0.0000000001   -0.0000000000    0.0001746212    0.0000000001    0.0000000000

# Root 10  E=0.3548646954 Ha  9.656365 eV
  0.0000000000    0.0000000000    0.0000000000    0.0000000000    0.0000000000    0.0000000000    0.0000000000    0.0000000000    0.0000000000    0.0000000000    0.0000000000    0.0000000000    0.0000000000    0.0000000000    0.0000000000    0.0000000000    0.0000000000    0.0000000000    0.0000000000    0.0000000000    0.0000000000    0.0000000000    0.0000000000    0.0000000000    0.0000000000    0.0000000000    0.0000000000    0.0000000000    0.0000000000    0.0000000000    0.0000000000    0.0000000000    0.0000000000    0.0000000000    0.0000000000    0.0000000000    0.0000000000    0.0000000000    0.0000000000    0.0000000000    0.0000000000    0.0000000000    0.0000000000    0.0000000000    0.0000000000    0.0000000000    0.0000000000    0.0000000000    0.0000000000    0.0000000000    0.0000000000    0.0000000000    0.0000000000    0.0000000000    0.0000000000    0.0000000000    0.0000000000    0.0000000000    0.0000000000    0.0000000000    0.0000000000    0.0000000000    0.0000000000    0.0000000000    0.0000000000    0.0000000000    0.0000000000    0.0000000000    0.0000000000    0.0000000000    0.0000000000    0.0000000000    0.0000000000    0.0000000000    0.0000000000    0.0000000000    0.0000000000    0.0000000000    0.0000000000    0.0000000000
  0.0000000000    0.0000000000    0.0000000000    0.0000000000    0.0000000000    0.0000000000    0.0000000000    0.0000000000    0.0000000000    0.0000000000    0.0000000000    0.0000000000    0.0000000000    0.0000000000    0.0000000000    0.0000000000    0.0000000000    0.0000000000    0.0000000000    0.0000000000    0.0000000000    0.0000000000    0.0000000000    0.0000000000    0.0000000000    0.0000000000    0.0000000000    0.0000000000    0.0000000000    0.0000000000    0.0000000000    0.0000000000    0.0000000000    0.0000000000    0.0000000000    0.0000000000    0.0000000000    0.0000000000    0.0000000000    0.0000000000    0.0000000000    0.0000000000    0.0000000000    0.0000000000    0.0000000000    0.0000000000    0.0000000000    0.0000000000    0.0000000000    0.0000000000    0.0000000000    0.0000000000    0.0000000000    0.0000000000    0.0000000000    0.0000000000    0.0000000000    0.0000000000    0.0000000000    0.0000000000    0.0000000000    0.0000000000    0.0000000000    0.0000000000    0.0000000000    0.0000000000    0.0000000000    0.0000000000    0.0000000000    0.0000000000    0.0000000000    0.0000000000    0.0000000000    0.0000000000    0.0000000000    0.0000000000    0.0000000000    0.0000000000    0.0000000000    0.0000000000
  0.0000000000    0.0000000000    0.0000000000    0.0000000000    0.0000000000    0.0000000000    0.0000000000    0.0000000000    0.0000000000    0.0000000000    0.0000000000    0.0000000000    0.0000000000    0.0000000000    0.0000000000    0.0000000000    0.0000000000    0.0000000000    0.0000000000    0.0000000000    0.0000000000    0.0000000000    0.0000000000    0.0000000000    0.0000000000    0.0000000000    0.0000000000    0.0000000000    0.0000000000    0.0000000000    0.0000000000    0.0000000000    0.0000000000    0.0000000000    0.0000000000    0.0000000000    0.0000000000    0.0000000000    0.0000000000    0.0000000000    0.0000000000    0.0000000000    0.0000000000    0.0000000000    0.0000000000    0.0000000000    0.0000000000    0.0000000000    0.0000000000    0.0000000000    0.0000000000    0.0000000000    0.0000000000    0.0000000000    0.0000000000    0.0000000000    0.0000000000    0.0000000000    0.0000000000    0.0000000000    0.0000000000    0.0000000000    0.0000000000    0.0000000000    0.0000000000    0.0000000000    0.0000000000    0.0000000000    0.0000000000    0.0000000000    0.0000000000    0.0000000000    0.0000000000    0.0000000000    0.0000000000    0.0000000000    0.0000000000    0.0000000000    0.0000000000    0.0000000000
  0.0000000000    0.0000000000    0.0000000000    0.0000000000    0.0000000000    0.0000000000    0.0000000000    0.0000000000    0.0000000000    0.0000000000    0.0000000000    0.0000000000    0.0000000000    0.0000000000    0.0000000000    0.0000000000    0.0000000000    0.0000000000    0.0000000000    0.0000000000    0.0000000000    0.0000000000    0.0000000000    0.0000000000    0.0000000000    0.0000000000    0.0000000000    0.0000000000    0.0000000000    0.0000000000    0.0000000000    0.0000000000    0.0000000000    0.0000000000    0.0000000000    0.0000000000    0.0000000000    0.0000000000    0.0000000000    0.0000000000    0.0000000000    0.0000000000    0.0000000000    0.0000000000    0.0000000000    0.0000000000    0.0000000000    0.0000000000    0.0000000000    0.0000000000    0.0000000000    0.0000000000    0.0000000000    0.0000000000    0.0000000000    0.0000000000    0.0000000000    0.0000000000    0.0000000000    0.0000000000    0.0000000000    0.0000000000    0.0000000000    0.0000000000    0.0000000000    0.0000000000    0.0000000000    0.0000000000    0.0000000000    0.0000000000    0.0000000000    0.0000000000    0.0000000000    0.0000000000    0.0000000000    0.0000000000    0.0000000000    0.0000000000    0.0000000000    0.0000000000
 -0.0378403259   -0.0000000000    0.0000000207    0.0000000000    0.0000000139   -0.0000000000   -0.0000000000    0.0000012969   -0.0000000000    0.0000000065   -0.0000000000    0.0000012135   -0.0000000051   -0.0000000000   -0.0000000083    0.0000000000    0.0000000000   -0.0000000018   -0.0000000041    0.0000000000   -0.0000000000    0.0000015072    0.0065645734    0.0000000000   -0.0000000041    0.0000000000   -0.0000000000   -0.0000010350    0.0000000001   -0.0000000000    0.0000000009    0.0000000000    0.0000014930   -0.0000000000   -0.0000000011   -0.0000000000    0.0000000000    0.0000000027   -0.0000000017   -0.0000000000    0.0000000072   -0.0000000000   -0.0000000000    0.0000000004    0.0000000001   -0.0000000000   -0.0000000004    0.0000000000    0.0000000000   -0.0002166444    0.0000002045   -0.0000000000   -0.0000000000   -0.0000000005   -0.0000000000   -0.0000000012    0.0000000025   -0.0000000000   -0.0000000004   -0.0000000000   -0.0000001285   -0.0000000000   -0.0000000000    0.0000000001    0.0000000000   -0.0000000006   -0.0000000001   -0.0000000000   -0.0002520536    0.0000000001   -0.0000000000    0.0000000000   -0.0000000000   -0.0000000000    0.0000000000   -0.0000001520    0.0000000175   -0.0000000000   -0.0000000000   -0.0000000000
  0.0000000000   -0.0429767068   -0.0000000000   -0.0000000092    0.0000000000   -0.0000000007   -0.0000011460   -0.0000000000   -0.0000000013   -0.0000000000   -0.0000011139   -0.0000000000   -0.0000000000    0.0000000031   -0.0000000000   -0.0000000032    0.0000000002    0.0000000000    0.0000000000    0.0000000018   -0.0000015582   -0.0000000000   -0.0000000000    0.0074557328   -0.0000000000    0.0000000019   -0.0000009656    0.0000000000    0.0000000000   -0.0000000000   -0.0000000000    0.0000000001   -0.0000000000   -0.0000013488   -0.0000000000   -0.0000000001    0.0000000007   -0.0000000000    0.0000000000   -0.0000000008    0.0000000000    0.0000000041    0.0000000001   -0.0000000000    0.0000000000   -0.0000000000    0.0000000000   -0.0000000004    0.0002460492    0.0000000000   -0.0000000000   -0.0000001821   -0.0000000000    0.0000000000   -0.0000000004   -0.0000000000    0.0000000000    0.0000000006    0.0000000000   -0.0000000004    0.0000000000   -0.0000001184    0.0000000000   -0.0000000000   -0.0000000003   -0.0000000000    0.0000000000   -0.0000000001   -0.0000000001   -0.0002862642   -0.0000000002   -0.0000000000    0.0000000000   -0.0000000000    0.0000001376    0.0000000000    0.0000000000    0.0000000152   -0.0000000000    0.0000000000
 -0.0000000000    0.0000001082   -0.0000000000    0.0000021508    0.0000000000    0.0000000010    0.0000000322   -0.0000000000    0.0000000018    0.0000000000    0.0000000007    0.0000000000   -0.0000000000    0.0000018703    0.0000000000    0.0000004371   -0.0000000002   -0.0000000000   -0.0000000000   -0.0058733253    0.0000000008    0.0000000000    0.0000000000   -0.0000000035    0.0000000000   -0.0000007128    0.0000000034    0.0000000000    0.0000000000   -0.0000000001    0.0000000000   -0.0000000001    0.0000000000    0.0000000001   -0.0000000000    0.0000000002    0.0000000004   -0.0000000000    0.0000000000   -0.0000000006    0.0000000000    0.0026186409    0.0000000000    0.0000000000    0.0000000000    0.0000000000    0.0000000000    0.0000001085    0.0000000014    0.0000000000   -0.0000000000    0.0000000004    0.0000000000   -0.0000000000   -0.0000000368    0.0000000000    0.0000000000    0.0023221732   -0.0000000000    0.0000000000   -0.0000000000    0.0000000000    0.0000000000    0.0000000000    0.0000000223    0.0000000000    0.0000000000   -0.0000000001    0.0000000000    0.0000000003    0.0000000012    0.0000000000    0.0000000000    0.0000000000    0.0000000001    0.0000000000    0.0000000000    0.0000000003   -0.0000000000   -0.0000000000
 -0.0000002376    0.0000000000   -0.0000022925   -0.0000000000    0.0000000065   -0.0000000000   -0.0000000000   -0.0000001143   -0.0000000000    0.0000000205    0.0000000000   -0.0000000019   -0.0000020611   -0.0000000000    0.0000003547   -0.0000000000    0.0000000000   -0.0000000004   -0.0051713411    0.0000000000   -0.0000000000    0.0000000040    0.0000000068   -0.0000000000    0.0000007850    0.0000000000   -0.0000000000    0.0000000123    0.0000000002    0.0000000000    0.0000000021    0.0000000000   -0.0000000005    0.0000000000   -0.0000000028   -0.0000000000   -0.0000000000   -0.0000000007    0.0000000021    0.0000000000   -0.0023055978    0.0000000000   -0.0000000000    0.0000000004   -0.0000000002    0.0000000000    0.0000001222   -0.0000000000    0.0000000000    0.0000000017    0.0000000001   -0.0000000000    0.0000000000   -0.0000000000   -0.0000000000   -0.0000000446   -0.0020446103    0.0000000000   -0.0000000003   -0.0000000000    0.0000000005    0.0000000000   -0.0000000000    0.0000000003   -0.0000000000    0.0000000244   -0.0000000000    0.0000000000   -0.0000000013    0.0000000000   -0.0000000000    0.0000000006    0.0000000002   -0.0000000000   -0.0000000000    0.0000000001    0.0000000002   -0.0000000000    0.0000000000   -0.0000000003
  0.0000000216    0.0000000000   -0.0000000027   -0.0000000000   -0.0000000105   -0.0000000000   -0.0000000000    0.0000000039   -0.0000000000    0.0000007412    0.0000000000   -0.0000000003    0.0000000001   -0.0000000000   -0.0000000002   -0.0000000000   -0.0000000000   -0.0000000023   -0.0000000023   -0.0000000000   -0.0000000000    0.0000000005   -0.0000000014   -0.0000000000    0.0000000004   -0.0000000000   -0.0000000000   -0.0000000003   -0.0000000009   -0.0000000000    0.0000007937    0.0000000000   -0.0000000000    0.0000000000   -0.0000003522   -0.0000000000    0.0000000000   -0.0000000067    0.0019231108   -0.0000000008   -0.0000000015    0.0000000000   -0.0000000000   -0.0000003533   -0.0000000003   -0.0000000000    0.0000000003    0.0000000000    0.0000000000   -0.0000000001    0.0000000002   -0.0000000000    0.0000000000   -0.0000000006    0.0000000000   -0.0000000000   -0.0000000019    0.0000000000    0.0000000016    0.0000000000   -0.0000000001   -0.0000000000    0.0000000000   -0.0000000367   -0.0000000000    0.0000000000   -0.0009403105    0.0000000004   -0.0000000000   -0.0000000000    0.0000000000   -0.0000000001   -0.0000000002    0.0000000000   -0.0000000000    0.0000000001    0.0000000000   -0.0000000000   -0.0000000000    0.0000001125
 -0.0000000000    0.0000000243    0.0000000000   -0.0000000001    0.0000000000   -0.0000000044   -0.0000000016   -0.0000000000   -0.0000007747   -0.0000000000   -0.0000000001   -0.0000000000   -0.0000000000   -0.0000000001    0.0000000000   -0.0000000001   -0.0000000029    0.0000000000    0.0000000000   -0.0000000009   -0.0000000000   -0.0000000000    0.0000000000   -0.0000000008   -0.0000000000   -0.0000000001   -0.0000000001    0.0000000000    0.0000000000   -0.0000000006   -0.0000000000    0.0000007305    0.0000000000    0.0000000000    0.0000000000   -0.0000003272    0.0000000026    0.0000000000   -0.0000000007   -0.0021841270    0.0000000000    0.0000000007   -0.0000003181    0.0000000000    0.0000000000   -0.0000000000   -0.0000000000    0.0000000001    0.0000000000    0.0000000000   -0.0000000000   -0.0000000001    0.0000000004    0.0000000000    0.0000000001    0.0000000000    0.0000000000    0.0000000007    0.0000000000   -0.0000000005    0.0000000000   -0.0000000001    0.0000000293    0.0000000000   -0.0000000001   -0.0000000000    0.0000000003    0.0010679634    0.0000000000   -0.0000000000   -0.0000000001    0.0000000000    0.0000000000    0.0000000001   -0.0000000001   -0.0000000000   -0.0000000000   -0.0000000001   -0.0000001028   -0.0000000000
  0.6145596575   -0.0000000084   -0.0000000208   -0.0000000000    0.0000000012   -0.0000000000   -0.0000000000   -0.0000042584   -0.0000000000   -0.0000000037    0.0000000000   -0.0000082849   -0.0000000071   -0.0000000000    0.0000000012   -0.0000000000   -0.0000000000    0.0000000006    0.0000000069    0.0000000000   -0.0000000000   -0.0000063213   -0.0341341215    0.0000000005   -0.0000000009   -0.0000000000   -0.0000000000    0.0000010655    0.0000000002    0.0000000000   -0.0000000002    0.0000000000   -0.0000033955    0.0000000000    0.0000000004   -0.0000000000    0.0000000000    0.0000000007   -0.0000000006   -0.0000000000   -0.0000000056    0.0000000000    0.0000000000   -0.0000000000    0.0000000000   -0.0000000000    0.0000000005    0.0000000000   -0.0000000000   -0.0027400628   -0.0000001362   -0.0000000000   -0.0000000000    0.0000000003   -0.0000000000    0.0000000008   -0.0000000013    0.0000000000    0.0000000008    0.0000000000    0.0000001129    0.0000000000    0.0000000000   -0.0000000001   -0.0000000000    0.0000000005   -0.0000000001   -0.0000000000    0.0009919139   -0.0000000003    0.0000000000   -0.0000000000    0.0000000001    0.0000000000   -0.0000000000    0.0000000867   -0.0000000441    0.0000000000   -0.0000000000   -0.0000000000
  0.0000000074    0.6979880007    0.0000000000    0.0000000042    0.0000000000    0.0000000023    0.0000033879   -0.0000000000    0.0000000037    0.0000000000    0.0000075236    0.0000000000   -0.0000000000    0.0000000031    0.0000000000    0.0000000007    0.0000000001    0.0000000000    0.0000000000   -0.0000000019    0.0000068330   -0.0000000000   -0.0000000004   -0.0387678487   -0.0000000000    0.0000000008    0.0000010902    0.0000000000    0.0000000000    0.0000000000    0.0000000000   -0.0000000002    0.0000000000    0.0000030980    0.0000000000    0.0000000002    0.0000000002    0.0000000000   -0.0000000000    0.0000000001   -0.0000000000   -0.0000000027   -0.0000000000    0.0000000000    0.0000000000   -0.0000000001    0.0000000000    0.0000000001    0.0031120172   -0.0000000000   -0.0000000000    0.0000001188    0.0000000000    0.0000000000    0.0000000003    0.0000000000    0.0000000000    0.0000000010   -0.0000000000    0.0000000004   -0.0000000000    0.0000001002   -0.0000000000    0.0000000000    0.0000000002    0.0000000000   -0.0000000000    0.0000000001    0.0000000004    0.0011265536    0.0000000005    0.0000000000   -0.0000000000    0.0000000000   -0.0000000770   -0.0000000000   -0.0000000000   -0.0000000361    0.0000000000    0.0000000000
  0.0000002288    0.0000000000   -0.0000000040   -0.0000000000   -0.0000147553    0.0000000000    0.0000000000    0.0000000111    0.0000000000   -0.0000000101    0.0000000000   -0.0000000002    0.0000000001    0.0000000000   -0.0000000003   -0.0000000000    0.0000000000   -0.0000056158   -0.0000000006    0.0000000000    0.0000000000    0.0000000007   -0.0000000106   -0.0000000000    0.0000000002   -0.0000000000    0.0000000000   -0.0000000005    0.0000007168   -0.0000000000   -0.0000000016    0.0000000000    0.0000000001   -0.0000000000   -0.0000000007    0.0000000000    0.0000000001    0.0026070020   -0.0000000062    0.0000000000    0.0000000001   -0.0000000000    0.0000000000   -0.0000000005   -0.0000004953   -0.0000000000   -0.0000000000    0.0000000000   -0.0000000000   -0.0000000015    0.0000000001   -0.0000000000   -0.0000000000   -0.0000003981    0.0000000000   -0.0000000002   -0.0000000004   -0.0000000000    0.0015702968    0.0000000332    0.0000000004    0.0000000000   -0.0000000000    0.0000000005   -0.0000000000    0.0000000003   -0.0000000012   -0.0000000000   -0.0000000004    0.0000000000   -0.0000000000    0.0000000002   -0.0000002170    0.0000000000    0.0000000000   -0.0000000003   -0.0000000001   -0.0000000000    0.0000000000    0.0000000001
  0.0000000000    0.0000001082    0.0000000000   -0.0000000003   -0.0000000000   -0.0000129652   -0.0000000035    0.0000000000    0.0000000023   -0.0000000000   -0.0000000001   -0.0000000000    0.0000000000   -0.0000000002   -0.0000000000    0.0000000003   -0.0000050930   -0.0000000000   -0.0000000000   -0.0000000002   -0.0000000002   -0.0000000000   -0.0000000000   -0.0000000050    0.0000000000    0.0000000002   -0.0000000002    0.0000000000    0.0000000000    0.0000006570   -0.0000000000   -0.0000000013    0.0000000000   -0.0000000001    0.0000000000   -0.0000000011    0.0029608498   -0.0000000002   -0.0000000000   -0.0000000023    0.0000000000   -0.0000000001    0.0000000003    0.0000000000   -0.0000000000    0.0000004495    0.0000000000   -0.0000000003    0.0000000008   -0.0000000000   -0.0000000000    0.0000000003    0.0000003659   -0.0000000000   -0.0000000002   -0.0000000000    0.0000000000    0.0000000003   -0.0000000377    0.0017834635   -0.0000000000    0.0000000003   -0.0000000004   -0.0000000000    0.0000000003    0.0000000000   -0.0000000000   -0.0000000002   -0.0000000000   -0.0000000002    0.0000000000    0.0000000000   -0.0000000000   -0.0000001956    0.0000000001    0.0000000000   -0.0000000000    0.0000000001   -0.0000000000    0.0000000000
 -0.0000358607   -0.0000000000    0.0000000877    0.0000000000    0.0000000528    0.0000000000    0.0000000000   -0.2372076862    0.0000000000   -0.0000000032    0.0000000012   -0.0009768350    0.0000000194   -0.0000000000   -0.0000000213    0.0000000000    0.0000000000   -0.0000000007    0.0000000053   -0.0000000000    0.0000000000   -0.0125591121    0.0000010645   -0.0000000000    0.0000000029   -0.0000000000    0.0000000000    0.0087520808    0.0000000025    0.0000000000   -0.0000000002   -0.0000000000    0.0023908833   -0.0000000001    0.0000000003    0.0000000000    0.0000000000    0.0000000006    0.0000000002    0.0000000000   -0.0000000015    0.0000000000   -0.0000000000    0.0000000008    0.0000000013    0.0000000000    0.0000000024    0.0000000000   -0.0000000000   -0.0000000720   -0.0002449793    0.0000000000   -0.0000000000   -0.0000000005    0.0000000000   -0.0000000039   -0.0000000003    0.0000000000   -0.0000000001   -0.0000000000   -0.0005867385   -0.0000000000   -0.0000000000    0.0000000002    0.0000000000   -0.0000000014   -0.0000000000   -0.0000000000   -0.0000001089    0.0000000000    0.0000000000   -0.0000000009    0.0000000002   -0.0000000000    0.0000000001   -0.0005071527    0.0001746226    0.0000000000    0.0000000000    0.0000000001
  0.0000000000   -0.0000322559    0.0000000000   -0.0000000370    0.0000000000   -0.0000000005    0.2694125185    0.0000000000    0.0000000082    0.0000000000    0.0011093796    0.0000000014   -0.0000000000    0.0000000002    0.0000000000    0.0000000142   -0.0000000019   -0.0000000000   -0.0000000000   -0.0000000020    0.0142638952    0.0000000000    0.0000000000    0.0000013401   -0.0000000000    0.0000000018    0.0099403966   -0.0000000000    0.0000000000   -0.0000000013   -0.0000000000   -0.0000000005   -0.0000000002   -0.0027154457    0.0000000000    0.0000000000    0.0000000002   -0.0000000000    0.0000000000    0.0000000003    0.0000000000    0.0000000003   -0.0000000001    0.0000000000    0.0000000000   -0.0000000006   -0.0000000000   -0.0000000003    0.0000000555   -0.0000000000    0.0000000000    0.0002782283    0.0000000000    0.0000000000    0.0000000021   -0.0000000000   -0.0000000000   -0.0000000019   -0.0000000000    0.0000000000    0.0000000000   -0.0006663819   -0.0000000000   -0.0000000000    0.0000000004    0.0000000000    0.0000000000   -0.0000000000   -0.0000000000   -0.0000001012   -0.0000000005   -0.0000000000   -0.0000000000   -0.0000000002    0.0005759956    0.0000000001   -0.0000000000    0.0001983340    0.0000000001    0.0000000000

# Root 11  E=0.3660380613 Ha  9.960408 eV
  0.0000000000    0.0000000000    0.0000000000    0.0000000000    0.0000000000    0.0000000000    0.0000000000    0.0000000000    0.0000000000    0.0000000000    0.0000000000    0.0000000000    0.0000000000    0.0000000000    0.0000000000    0.0000000000    0.0000000000    0.0000000000    0.0000000000    0.0000000000    0.0000000000    0.0000000000    0.0000000000    0.0000000000    0.0000000000    0.0000000000    0.0000000000    0.0000000000    0.0000000000    0.0000000000    0.0000000000    0.0000000000    0.0000000000    0.0000000000    0.0000000000    0.0000000000    0.0000000000    0.0000000000    0.0000000000    0.0000000000    0.0000000000    0.0000000000    0.0000000000    0.0000000000    0.0000000000    0.0000000000    0.0000000000    0.0000000000    0.0000000000    0.0000000000    0.0000000000    0.0000000000    0.0000000000    0.0000000000    0.0000000000    0.0000000000    0.0000000000    0.0000000000    0.0000000000    0.0000000000    0.0000000000    0.0000000000    0.0000000000    0.0000000000    0.0000000000    0.0000000000    0.0000000000    0.0000000000    0.0000000000    0.0000000000    0.0000000000    0.0000000000    0.0000000000    0.0000000000    0.0000000000    0.0000000000    0.0000000000    0.0000000000    0.0000000000    0.0000000000
  0.0000000000    0.0000000000    0.0000000000    0.0000000000    0.0000000000    0.0000000000    0.0000000000    0.0000000000    0.0000000000    0.0000000000    0.0000000000    0.0000000000    0.0000000000    0.0000000000    0.0000000000    0.0000000000    0.0000000000    0.0000000000    0.0000000000    0.0000000000    0.0000000000    0.0000000000    0.0000000000    0.0000000000    0.0000000000    0.0000000000    0.0000000000    0.0000000000    0.0000000000    0.0000000000    0.0000000000    0.0000000000    0.0000000000    0.0000000000    0.0000000000    0.0000000000    0.0000000000    0.0000000000    0.0000000000    0.0000000000    0.0000000000    0.0000000000    0.0000000000    0.0000000000    0.0000000000    0.0000000000    0.0000000000    0.0000000000    0.0000000000    0.0000000000    0.0000000000    0.0000000000    0.0000000000    0.0000000000    0.0000000000    0.0000000000    0.0000000000    0.0000000000    0.0000000000    0.0000000000    0.0000000000    0.0000000000    0.0000000000    0.0000000000    0.0000000000    0.0000000000    0.0000000000    0.0000000000    0.0000000000    0.0000000000    0.0000000000    0.0000000000    0.0000000000    0.0000000000    0.0000000000    0.0000000000    0.0000000000    0.0000000000    0.0000000000    0.0000000000
  0.0000000000    0.0000000000    0.0000000000    0.0000000000    0.0000000000    0.0000000000    0.0000000000    0.0000000000    0.0000000000    0.0000000000    0.0000000000    0.0000000000    0.0000000000    0.0000000000    0.0000000000    0.0000000000    0.0000000000    0.0000000000    0.0000000000    0.0000000000    0.0000000000    0.0000000000    0.0000000000    0.0000000000    0.0000000000    0.0000000000    0.0000000000    0.0000000000    0.0000000000    0.0000000000    0.0000000000    0.0000000000    0.0000000000    0.0000000000    0.0000000000    0.0000000000    0.0000000000    0.0000000000    0.0000000000    0.0000000000    0.0000000000    0.0000000000    0.0000000000    0.0000000000    0.0000000000    0.0000000000    0.0000000000    0.0000000000    0.0000000000    0.0000000000    0.0000000000    0.0000000000    0.0000000000    0.0000000000    0.0000000000    0.0000000000    0.0000000000    0.0000000000    0.0000000000    0.0000000000    0.0000000000    0.0000000000    0.0000000000    0.0000000000    0.0000000000    0.0000000000    0.0000000000    0.0000000000    0.0000000000    0.0000000000    0.0000000000    0.0000000000    0.0000000000    0.0000000000    0.0000000000    0.0000000000    0.0000000000    0.0000000000    0.0000000000    0.0000000000
  0.0000000000    0.0000000000    0.0000000000    0.0000000000    0.0000000000    0.0000000000    0.0000000000    0.0000000000    0.0000000000    0.0000000000    0.0000000000    0.0000000000    0.0000000000    0.0000000000    0.0000000000    0.0000000000    0.0000000000    0.0000000000    0.0000000000    0.0000000000    0.0000000000    0.0000000000    0.0000000000    0.0000000000    0.0000000000    0.0000000000    0.0000000000    0.0000000000    0.0000000000    0.0000000000    0.0000000000    0.0000000000    0.0000000000    0.0000000000    0.0000000000    0.0000000000    0.0000000000    0.0000000000    0.0000000000    0.0000000000    0.0000000000    0.0000000000    0.0000000000    0.0000000000    0.0000000000    0.0000000000    0.0000000000    0.0000000000    0.0000000000    0.0000000000    0.0000000000    0.0000000000    0.0000000000    0.0000000000    0.0000000000    0.0000000000    0.0000000000    0.0000000000    0.0000000000    0.0000000000    0.0000000000    0.0000000000    0.0000000000    0.0000000000    0.0000000000    0.0000000000    0.0000000000    0.0000000000    0.0000000000    0.0000000000    0.0000000000    0.0000000000    0.0000000000    0.0000000000    0.0000000000    0.0000000000    0.0000000000    0.0000000000    0.0000000000    0.0000000000
 -0.0195510494   -0.0000000000   -0.0000000288    0.0000000000   -0.0000000153   -0.0000000000   -0.0000000000   -0.0000002508    0.0000000000   -0.0000000080    0.0000000000   -0.0000000399    0.0000000051   -0.0000000000    0.0000000031   -0.0000000000   -0.0000000000    0.0000000011    0.0000000011   -0.0000000000   -0.0000000000    0.0000003966    0.0030900325    0.0000000000    0.0000000047    0.0000000000    0.0000000000   -0.0000000135    0.0000000007   -0.0000000000   -0.0000000006    0.0000000000   -0.0000000432    0.0000000000    0.0000000005    0.0000000000   -0.0000000000   -0.0000000003    0.0000000001   -0.0000000000    0.0000000011   -0.0000000000   -0.0000000000    0.0000000003    0.0000000008   -0.0000000000    0.0000000000    0.0000000000    0.0000000000   -0.0001182515   -0.0000000105   -0.0000000000    0.0000000000    0.0000000008   -0.0000000000    0.0000000006    0.0000000011   -0.0000000000   -0.0000000002   -0.0000000000    0.0000000097    0.0000000000    0.0000000000   -0.0000000003   -0.0000000000    0.0000000007   -0.0000000002   -0.0000000000   -0.0005869709    0.0000000002    0.0000000000   -0.0000000003   -0.0000000001   -0.0000000000   -0.0000000000    0.0000000058   -0.0000000084   -0.0000000000   -0.0000000000    0.0000000001
  0.0000000000   -0.0566577921   -0.0000000000    0.0000000311    0.0000000000    0.0000000020    0.0000006235    0.0000000000    0.0000000040    0.0000000000    0.0000001068    0.0000000000   -0.0000000000   -0.0000000076    0.0000000000    0.0000000036   -0.0000000004   -0.0000000000   -0.0000000000   -0.0000000008   -0.0000011634   -0.0000000000    0.0000000000    0.0089547234   -0.0000000000   -0.0000000036   -0.0000000439   -0.0000000000    0.0000000000   -0.0000000000   -0.0000000000   -0.0000000002    0.0000000000    0.0000001305   -0.0000000000    0.0000000001    0.0000000002   -0.0000000000    0.0000000000    0.0000000000    0.0000000000    0.0000000025    0.0000000001   -0.0000000000    0.0000000000    0.0000000001    0.0000000000    0.0000000001    0.0003426962   -0.0000000000   -0.0000000000    0.0000000283    0.0000000001    0.0000000000    0.0000000007   -0.0000000000    0.0000000000    0.0000000006   -0.0000000000    0.0000000001   -0.0000000000    0.0000000105    0.0000000001    0.0000000000    0.0000000006    0.0000000000    0.0000000000   -0.0000000000   -0.0000000005   -0.0017010197    0.0000000002    0.0000000000    0.0000000000   -0.0000000001   -0.0000000191   -0.0000000000   -0.0000000000   -0.0000000087   -0.0000000001    0.0000000000
 -0.0000000000    0.0000000305    0.0000000000   -0.0000007703   -0.0000000000   -0.0000000033   -0.0000001063    0.0000000000   -0.0000000059   -0.0000000000   -0.0000000026   -0.0000000000   -0.0000000000   -0.0000000601   -0.0000000000   -0.0000002891    0.0000000003    0.0000000000    0.0000000000    0.0027496859   -0.0000000013    0.0000000000    0.0000000000   -0.0000000034   -0.0000000000    0.0000001209   -0.0000000074   -0.0000000000    0.0000000000    0.0000000003   -0.0000000000    0.0000000004   -0.0000000000   -0.0000000003    0.0000000000   -0.0000000004    0.0000000001   -0.0000000000    0.0000000000   -0.0000000006   -0.0000000000   -0.0048911604   -0.0000000001   -0.0000000000   -0.0000000000    0.0000000000   -0.0000000000    0.0000000023    0.0000000029    0.0000000000    0.0000000000    0.0000000008    0.0000000000   -0.0000000000    0.0000000278    0.0000000000   -0.0000000000   -0.0004678721    0.0000000000   -0.0000000001   -0.0000000000    0.0000000005   -0.0000000001   -0.0000000000    0.0000000059    0.0000000000   -0.0000000000    0.0000000002   -0.0000000000   -0.0000000001   -0.0000000001    0.0000000000    0.0000000000    0.0000000000   -0.0000000002   -0.0000000000    0.0000000000    0.0000000003    0.0000000000   -0.0000000000
 -0.0000000454    0.0000000000    0.0000002748    0.0000000000   -0.0000000072    0.0000000000    0.0000000000    0.0000001523    0.0000000000   -0.0000000254   -0.0000000000    0.0000000044    0.0000000169    0.0000000000   -0.0000001102    0.0000000000   -0.0000000000    0.0000000004    0.0009488492   -0.0000000000    0.0000000000    0.0000000043    0.0000000056   -0.0000000000   -0.0000000566   -0.0000000000    0.0000000000   -0.0000000124    0.0000000002   -0.0000000000   -0.0000000015   -0.0000000000    0.0000000001   -0.0000000000    0.0000000011    0.0000000000   -0.0000000000   -0.0000000000   -0.0000000001   -0.0000000000    0.0016878077   -0.0000000000   -0.0000000000    0.0000000003    0.0000000000   -0.0000000000    0.0000000046    0.0000000000    0.0000000000    0.0000000008   -0.0000000000   -0.0000000000    0.0000000000    0.0000000002   -0.0000000000    0.0000000032    0.0001614605   -0.0000000000    0.0000000001    0.0000000000    0.0000000005    0.0000000000    0.0000000000   -0.0000000004   -0.0000000000    0.0000000063    0.0000000002   -0.0000000000    0.0000000001    0.0000000000   -0.0000000000    0.0000000090    0.0000000001    0.0000000000   -0.0000000000    0.0000000003   -0.0000000004   -0.0000000000    0.0000000000    0.0000000000
 -0.0000000135    0.0000000000    0.0000000021    0.0000000000    0.0000000131    0.0000000000    0.0000000000   -0.0000000051    0.0000000000   -0.0000001775   -0.0000000000    0.0000000003   -0.0000000007    0.0000000000    0.0000000003   -0.0000000000    0.0000000000    0.0000000032   -0.0000000001   -0.0000000000    0.0000000000   -0.0000000000    0.0000000005   -0.0000000000    0.0000000002   -0.0000000000    0.0000000000    0.0000000001    0.0000000014   -0.0000000000   -0.0000000656   -0.0000000000    0.0000000000    0.0000000000   -0.0000000057   -0.0000000000    0.0000000000   -0.0000000016    0.0029745017   -0.0000000033    0.0000000000    0.0000000000    0.0000000000    0.0000000057    0.0000000009   -0.0000000000   -0.0000000001    0.0000000000   -0.0000000000    0.0000000001    0.0000000000   -0.0000000000   -0.0000000000    0.0000000007    0.0000000000    0.0000000001    0.0000000001    0.0000000000    0.0000000003    0.0000000000   -0.0000000001   -0.0000000000   -0.0000000000   -0.0000000067    0.0000000000   -0.0000000002    0.0009734448   -0.0000000010    0.0000000000    0.0000000000   -0.0000000000    0.0000000001    0.0000000002    0.0000000000   -0.0000000000    0.0000000000   -0.0000000000   -0.0000000000   -0.0000000000    0.0000000018
  0.0000000000    0.0000000314   -0.0000000000    0.0000000015   -0.0000000000    0.0000000052    0.0000000060    0.0000000000    0.0000006006    0.0000000000    0.0000000003    0.0000000000    0.0000000000    0.0000000006   -0.0000000000   -0.0000000003    0.0000000004   -0.0000000000    0.0000000000   -0.0000000003    0.0000000001    0.0000000000   -0.0000000000   -0.0000000010   -0.0000000000   -0.0000000002    0.0000000003   -0.0000000000   -0.0000000000   -0.0000000003    0.0000000000   -0.0000001539   -0.0000000000    0.0000000001    0.0000000000   -0.0000000421    0.0000000030    0.0000000000   -0.0000000011   -0.0086199566   -0.0000000000    0.0000000005    0.0000000014   -0.0000000000   -0.0000000000   -0.0000000006    0.0000000000    0.0000000003   -0.0000000001   -0.0000000000   -0.0000000000   -0.0000000002   -0.0000000003   -0.0000000000    0.0000000001   -0.0000000000   -0.0000000000    0.0000000001    0.0000000000   -0.0000000009    0.0000000000   -0.0000000002   -0.0000000149   -0.0000000000   -0.0000000001   -0.0000000000   -0.0000000003   -0.0028209761   -0.0000000000   -0.0000000001    0.0000000000   -0.0000000000   -0.0000000000    0.0000000003   -0.0000000001   -0.0000000000    0.0000000000   -0.0000000001   -0.0000000001   -0.0000000000
  0.1159393586   -0.0000000041    0.0000000336    0.0000000000   -0.0000000019    0.0000000000    0.0000000000    0.0000002989    0.0000000000    0.0000000044   -0.0000000000    0.0000001096    0.0000000108    0.0000000000    0.0000000011   -0.0000000000   -0.0000000000   -0.0000000001    0.0000000014    0.0000000000   -0.0000000000   -0.0000009628   -0.0073988949    0.0000000003    0.0000000015   -0.0000000000   -0.0000000000    0.0000001410    0.0000000001   -0.0000000000    0.0000000004   -0.0000000000    0.0000000886   -0.0000000000   -0.0000000002    0.0000000000    0.0000000000   -0.0000000000   -0.0000000000   -0.0000000000   -0.0000000011    0.0000000000    0.0000000000   -0.0000000001   -0.0000000002   -0.0000000000   -0.0000000007    0.0000000000   -0.0000000001   -0.0015988622    0.0000000235    0.0000000000   -0.0000000000   -0.0000000002    0.0000000000   -0.0000000012   -0.0000000002   -0.0000000000    0.0000000001    0.0000000000   -0.0000000098    0.0000000000   -0.0000000000    0.0000000001    0.0000000000   -0.0000000007    0.0000000000   -0.0000000000    0.0018885480   -0.0000000006   -0.0000000000    0.0000000002   -0.0000000000    0.0000000000    0.0000000000   -0.0000000227    0.0000000038   -0.0000000000   -0.0000000000    0.0000000000
  0.0000000013    0.3359878550    0.0000000000   -0.0000000249   -0.0000000000   -0.0000000060   -0.0000006789    0.0000000000   -0.0000000120   -0.0000000000   -0.0000003034   -0.0000000000    0.0000000000   -0.0000000052    0.0000000000    0.0000000014    0.0000000006    0.0000000000    0.0000000000   -0.0000000010    0.0000027998   -0.0000000000   -0.0000000001   -0.0214416750    0.0000000000    0.0000000001    0.0000003461    0.0000000000    0.0000000000    0.0000000003    0.0000000000    0.0000000008   -0.0000000000   -0.0000002505    0.0000000000   -0.0000000005   -0.0000000002    0.0000000000   -0.0000000000   -0.0000000003   -0.0000000000   -0.0000000043   -0.0000000003   -0.0000000000    0.0000000000   -0.0000000001    0.0000000000   -0.0000000006    0.0046334351   -0.0000000000    0.0000000000   -0.0000000455   -0.0000000001    0.0000000000   -0.0000000006   -0.0000000000    0.0000000000    0.0000000003   -0.0000000000    0.0000000000    0.0000000000   -0.0000000341   -0.0000000002   -0.0000000000   -0.0000000002   -0.0000000000   -0.0000000000    0.0000000001    0.0000000017    0.0054728978    0.0000000004    0.0000000000   -0.0000000000    0.0000000000    0.0000000393    0.0000000000    0.0000000000    0.0000000188    0.0000000001   -0.0000000000
  0.0000000070    0.0000000000    0.0000000019    0.0000000000   -0.0000002217    0.0000000000   -0.0000000000   -0.0000000101   -0.0000000000    0.0000000135   -0.0000000000    0.0000000003   -0.0000000001   -0.0000000000    0.0000000001   -0.0000000000   -0.0000000000    0.0000000798    0.0000000001    0.0000000000    0.0000000000   -0.0000000001   -0.0000000004   -0.0000000000    0.0000000001   -0.0000000000   -0.0000000000   -0.0000000001   -0.0000000442    0.0000000000    0.0000000021    0.0000000000    0.0000000001   -0.0000000000    0.0000000007    0.0000000000    0.0000000001    0.0035879429   -0.0000000011    0.0000000000    0.0000000002   -0.0000000000   -0.0000000000    0.0000000005    0.0000000159    0.0000000000   -0.0000000001    0.0000000000    0.0000000000   -0.0000000002   -0.0000000002    0.0000000000    0.0000000000    0.0000000212   -0.0000000000   -0.0000000000    0.0000000001   -0.0000000000   -0.0006195404   -0.0000000131   -0.0000000001   -0.0000000000    0.0000000000   -0.0000000004   -0.0000000000    0.0000000000   -0.0000000001    0.0000000000   -0.0000000001    0.0000000000   -0.0000000000    0.0000000000   -0.0000000017   -0.0000000000    0.0000000000   -0.0000000000   -0.0000000001   -0.0000000000   -0.0000000000   -0.0000000004
  0.0000000000    0.0000000338   -0.0000000000    0.0000000017   -0.0000000000   -0.0000008957    0.0000000113    0.0000000000   -0.0000000071    0.0000000000    0.0000000011    0.0000000000   -0.0000000000    0.0000000003    0.0000000000   -0.0000000000    0.0000002377    0.0000000000    0.0000000000   -0.0000000003   -0.0000000001   -0.0000000000   -0.0000000000   -0.0000000012    0.0000000000   -0.0000000001    0.0000000005   -0.0000000000   -0.0000000000   -0.0000001126    0.0000000000   -0.0000000002   -0.0000000000    0.0000000001    0.0000000000   -0.0000000000    0.0103976795   -0.0000000006   -0.0000000000   -0.0000000032    0.0000000000    0.0000000003    0.0000000006    0.0000000000    0.0000000000   -0.0000000099    0.0000000000   -0.0000000000    0.0000000005    0.0000000000    0.0000000000    0.0000000000   -0.0000000310    0.0000000000    0.0000000000    0.0000000000   -0.0000000000    0.0000000003    0.0000000379   -0.0017953750   -0.0000000000    0.0000000000    0.0000000001    0.0000000000    0.0000000000    0.0000000000    0.0000000000   -0.0000000008    0.0000000000    0.0000000001    0.0000000000    0.0000000000   -0.0000000000    0.0000000184    0.0000000000    0.0000000000   -0.0000000000    0.0000000001    0.0000000003   -0.0000000000
  0.0000001394   -0.0000000000    0.0000000134    0.0000000000    0.0000000048    0.0000000000   -0.0000000000    0.3039454440   -0.0000000000    0.0000000030    0.0000000062   -0.0050022673    0.0000000031    0.0000000000   -0.0000000051    0.0000000000   -0.0000000000    0.0000000001   -0.0000000080    0.0000000000    0.0000000000   -0.0028049025   -0.0000000999   -0.0000000000   -0.0000000024   -0.0000000000   -0.0000000000   -0.0122718263    0.0000000013   -0.0000000000    0.0000000004   -0.0000000000   -0.0016937619    0.0000000001    0.0000000003   -0.0000000000   -0.0000000000   -0.0000000002    0.0000000001    0.0000000000    0.0000000021   -0.0000000000   -0.0000000000    0.0000000007    0.0000000007   -0.0000000000    0.0000000009    0.0000000000   -0.0000000000    0.0000000089   -0.0011943490    0.0000000000    0.0000000000   -0.0000000004   -0.0000000000   -0.0000000005    0.0000000009   -0.0000000000    0.0000000003    0.0000000000   -0.0011020683   -0.0000000000   -0.0000000000    0.0000000001    0.0000000000   -0.0000000007   -0.0000000001   -0.0000000000   -0.0000000024    0.0000000000    0.0000000000   -0.0000000001    0.0000000000   -0.0000000000    0.0000000001   -0.0005516280   -0.0007677924   -0.0000000000    0.0000000000    0.0000000002
  0.0000000000    0.0000003310   -0.0000000000    0.0000001925    0.0000000000    0.0000000110   -0.8808149773   -0.0000000000   -0.0000000251    0.0000000000    0.0144962052    0.0000000179   -0.0000000000    0.0000000280    0.0000000000    0.0000000047    0.0000000022    0.0000000000   -0.0000000000   -0.0000000009    0.0081284484    0.0000000000   -0.0000000000   -0.0000002614    0.0000000000   -0.0000000022   -0.0355630221    0.0000000000   -0.0000000000    0.0000000049   -0.0000000000    0.0000000015    0.0000000003    0.0049084465   -0.0000000000   -0.0000000004    0.0000000002   -0.0000000000    0.0000000000   -0.0000000000   -0.0000000000    0.0000000011   -0.0000000003   -0.0000000000    0.0000000000   -0.0000000008    0.0000000000   -0.0000000001   -0.0000000150   -0.0000000000    0.0000000000    0.0034611581    0.0000000002    0.0000000000    0.0000000015    0.0000000000   -0.0000000000   -0.0000000041    0.0000000000   -0.0000000000    0.0000000001   -0.0031937401   -0.0000000001    0.0000000000   -0.0000000001   -0.0000000000   -0.0000000000    0.0000000000   -0.0000000000   -0.0000000189   -0.0000000014   -0.0000000000    0.0000000000   -0.0000000001    0.0015985921    0.0000000003    0.0000000000   -0.0022250159    0.0000000002   -0.0000000000

# Root 12  E=0.3660380937 Ha  9.960409 eV
  0.0000000000    0.0000000000    0.0000000000    0.0000000000    0.0000000000    0.0000000000    0.0000000000    0.0000000000    0.0000000000    0.0000000000    0.0000000000    0.0000000000    0.0000000000    0.0000000000    0.0000000000    0.0000000000    0.0000000000    0.0000000000    0.0000000000    0.0000000000    0.0000000000    0.0000000000    0.0000000000    0.0000000000    0.0000000000    0.0000000000    0.0000000000    0.0000000000    0.0000000000    0.0000000000    0.0000000000    0.0000000000    0.0000000000    0.0000000000    0.0000000000    0.0000000000    0.0000000000    0.0000000000    0.0000000000    0.0000000000    0.0000000000    0.0000000000    0.0000000000    0.0000000000    0.0000000000    0.0000000000    0.0000000000    0.0000000000    0.0000000000    0.0000000000    0.0000000000    0.0000000000    0.0000000000    0.0000000000    0.0000000000    0.0000000000    0.0000000000    0.0000000000    0.0000000000    0.0000000000    0.0000000000    0.0000000000    0.0000000000    0.0000000000    0.0000000000    0.0000000000    0.0000000000    0.0000000000    0.0000000000    0.0000000000    0.0000000000    0.0000000000    0.0000000000    0.0000000000    0.0000000000    0.0000000000    0.0000000000    0.0000000000    0.0000000000    0.0000000000
  0.0000000000    0.0000000000    0.0000000000    0.0000000000    0.0000000000    0.0000000000    0.0000000000    0.0000000000    0.0000000000    0.0000000000    0.0000000000    0.0000000000    0.0000000000    0.0000000000    0.0000000000    0.0000000000    0.0000000000    0.0000000000    0.0000000000    0.0000000000    0.0000000000    0.0000000000    0.0000000000    0.0000000000    0.0000000000    0.0000000000    0.0000000000    0.0000000000    0.0000000000    0.0000000000    0.0000000000    0.0000000000    0.0000000000    0.0000000000    0.0000000000    0.0000000000    0.0000000000    0.0000000000    0.0000000000    0.0000000000    0.0000000000    0.0000000000    0.0000000000    0.0000000000    0.0000000000    0.0000000000    0.0000000000    0.0000000000    0.0000000000    0.0000000000    0.0000000000    0.0000000000    0.0000000000    0.0000000000    0.0000000000    0.0000000000    0.0000000000    0.0000000000    0.0000000000    0.0000000000    0.0000000000    0.0000000000    0.0000000000    0.0000000000    0.0000000000    0.0000000000    0.0000000000    0.0000000000    0.0000000000    0.0000000000    0.0000000000    0.0000000000    0.0000000000    0.0000000000    0.0000000000    0.0000000000    0.0000000000    0.0000000000    0.0000000000    0.0000000000
  0.0000000000    0.0000000000    0.0000000000    0.0000000000    0.0000000000    0.0000000000    0.0000000000    0.0000000000    0.0000000000    0.0000000000    0.0000000000    0.0000000000    0.0000000000    0.0000000000    0.0000000000    0.0000000000    0.0000000000    0.0000000000    0.0000000000    0.0000000000    0.0000000000    0.0000000000    0.0000000000    0.0000000000    0.0000000000    0.0000000000    0.0000000000    0.0000000000    0.0000000000    0.0000000000    0.0000000000    0.0000000000    0.0000000000    0.0000000000    0.0000000000    0.0000000000    0.0000000000    0.0000000000    0.0000000000    0.0000000000    0.0000000000    0.0000000000    0.0000000000    0.0000000000    0.0000000000    0.0000000000    0.0000000000    0.0000000000    0.0000000000    0.0000000000    0.0000000000    0.0000000000    0.0000000000    0.0000000000    0.0000000000    0.0000000000    0.0000000000    0.0000000000    0.0000000000    0.0000000000    0.0000000000    0.0000000000    0.0000000000    0.0000000000    0.0000000000    0.0000000000    0.0000000000    0.0000000000    0.0000000000    0.0000000000    0.0000000000    0.0000000000    0.0000000000    0.0000000000    0.0000000000    0.0000000000    0.0000000000    0.0000000000    0.0000000000    0.0000000000
  0.0000000000    0.0000000000    0.0000000000    0.0000000000    0.0000000000    0.0000000000    0.0000000000    0.0000000000    0.0000000000    0.0000000000    0.0000000000    0.0000000000    0.0000000000    0.0000000000    0.0000000000    0.0000000000    0.0000000000    0.0000000000    0.0000000000    0.0000000000    0.0000000000    0.0000000000    0.0000000000    0.0000000000    0.0000000000    0.0000000000    0.0000000000    0.0000000000    0.0000000000    0.0000000000    0.0000000000    0.0000000000    0.0000000000    0.0000000000    0.0000000000    0.0000000000    0.0000000000    0.0000000000    0.0000000000    0.0000000000    0.0000000000    0.0000000000    0.0000000000    0.0000000000    0.0000000000    0.0000000000    0.0000000000    0.0000000000    0.0000000000    0.0000000000    0.0000000000    0.0000000000    0.0000000000    0.0000000000    0.0000000000    0.0000000000    0.0000000000    0.0000000000    0.0000000000    0.0000000000    0.0000000000    0.0000000000    0.0000000000    0.0000000000    0.0000000000    0.0000000000    0.0000000000    0.0000000000    0.0000000000    0.0000000000    0.0000000000    0.0000000000    0.0000000000    0.0000000000    0.0000000000    0.0000000000    0.0000000000    0.0000000000    0.0000000000    0.0000000000
  0.0566576953    0.0000000000    0.0000000834   -0.0000000000    0.0000000444    0.0000000000   -0.0000000000    0.0000007165   -0.0000000000    0.0000000233   -0.0000000000    0.0000000926   -0.0000000147    0.0000000000   -0.0000000090    0.0000000000    0.0000000000   -0.0000000033   -0.0000000032   -0.0000000000    0.0000000000   -0.0000011661   -0.0089547179    0.0000000000   -0.0000000135   -0.0000000000    0.0000000000    0.0000000352   -0.0000000019    0.0000000000    0.0000000019    0.0000000000    0.0000001286   -0.0000000000   -0.0000000015   -0.0000000000    0.0000000000    0.0000000010   -0.0000000003    0.0000000000   -0.0000000033    0.0000000000    0.0000000000   -0.0000000009   -0.0000000024    0.0000000000   -0.0000000001   -0.0000000000    0.0000000000    0.0003426936    0.0000000266    0.0000000000   -0.0000000000   -0.0000000022    0.0000000000   -0.0000000018   -0.0000000033    0.0000000000    0.0000000005    0.0000000000   -0.0000000047   -0.0000000000   -0.0000000000    0.0000000007    0.0000000000   -0.0000000020    0.0000000007    0.0000000000    0.0017010170   -0.0000000005   -0.0000000000    0.0000000008    0.0000000003    0.0000000000    0.0000000000   -0.0000000181    0.0000000034    0.0000000000   -0.0000000000   -0.0000000003
  0.0000000000   -0.0195510213    0.0000000000    0.0000000107   -0.0000000000    0.0000000004    0.0000002116   -0.0000000000    0.0000000014    0.0000000000    0.0000000289    0.0000000000    0.0000000000   -0.0000000026    0.0000000000    0.0000000013   -0.0000000002   -0.0000000000    0.0000000000   -0.0000000003   -0.0000004073    0.0000000000    0.0000000000    0.0030900250   -0.0000000000   -0.0000000013   -0.0000000139    0.0000000000   -0.0000000000   -0.0000000000   -0.0000000000   -0.0000000001    0.0000000000    0.0000000463   -0.0000000000    0.0000000000    0.0000000000   -0.0000000000    0.0000000000    0.0000000000    0.0000000000    0.0000000005    0.0000000000   -0.0000000000    0.0000000000    0.0000000001    0.0000000000    0.0000000000    0.0001182578   -0.0000000000   -0.0000000000    0.0000000084    0.0000000000    0.0000000000    0.0000000002   -0.0000000000    0.0000000000    0.0000000001    0.0000000000   -0.0000000003    0.0000000000   -0.0000000044    0.0000000000    0.0000000000    0.0000000002    0.0000000000    0.0000000000   -0.0000000000   -0.0000000002   -0.0005869788    0.0000000001    0.0000000000    0.0000000000   -0.0000000001   -0.0000000070   -0.0000000000    0.0000000000    0.0000000042   -0.0000000000    0.0000000000
  0.0000000000    0.0000000102   -0.0000000000   -0.0000002590    0.0000000000   -0.0000000011   -0.0000000367   -0.0000000000   -0.0000000018    0.0000000000   -0.0000000009   -0.0000000000   -0.0000000000   -0.0000000229    0.0000000000   -0.0000000862    0.0000000001   -0.0000000000   -0.0000000000    0.0009488489   -0.0000000005   -0.0000000000   -0.0000000000   -0.0000000017    0.0000000000    0.0000000220   -0.0000000026    0.0000000000   -0.0000000000    0.0000000001    0.0000000000    0.0000000002   -0.0000000000   -0.0000000001   -0.0000000000   -0.0000000001    0.0000000000   -0.0000000000    0.0000000000    0.0000000001   -0.0000000000   -0.0016878086   -0.0000000001   -0.0000000000   -0.0000000000    0.0000000000   -0.0000000000   -0.0000000036    0.0000000010   -0.0000000000   -0.0000000000    0.0000000003    0.0000000000   -0.0000000000    0.0000000175    0.0000000000   -0.0000000000   -0.0001614442    0.0000000000   -0.0000000000   -0.0000000000    0.0000000002   -0.0000000000    0.0000000000   -0.0000000032   -0.0000000000    0.0000000000   -0.0000000001   -0.0000000000   -0.0000000002    0.0000000109    0.0000000000   -0.0000000000    0.0000000000   -0.0000000001   -0.0000000000    0.0000000000    0.0000000001    0.0000000000   -0.0000000000
  0.0000001317    0.0000000000   -0.0000007767    0.0000000000    0.0000000207    0.0000000000    0.0000000000   -0.0000004415   -0.0000000000    0.0000000736    0.0000000000   -0.0000000128   -0.0000000552    0.0000000000    0.0000002801    0.0000000000    0.0000000000   -0.0000000011   -0.0027497309   -0.0000000000    0.0000000000   -0.0000000124   -0.0000000160   -0.0000000000    0.0000001067   -0.0000000000    0.0000000000    0.0000000359   -0.0000000007   -0.0000000000    0.0000000044    0.0000000000   -0.0000000001    0.0000000000   -0.0000000031   -0.0000000000   -0.0000000000    0.0000000001    0.0000000002    0.0000000000   -0.0048911760    0.0000000000    0.0000000000   -0.0000000008   -0.0000000001    0.0000000000   -0.0000000005    0.0000000000    0.0000000000   -0.0000000022    0.0000000001   -0.0000000000   -0.0000000000   -0.0000000005   -0.0000000000   -0.0000000323   -0.0004678864    0.0000000000   -0.0000000003   -0.0000000000   -0.0000000016   -0.0000000000   -0.0000000000    0.0000000011    0.0000000000   -0.0000000029   -0.0000000005   -0.0000000000   -0.0000000001    0.0000000000   -0.0000000000    0.0000000057   -0.0000000002   -0.0000000000    0.0000000000   -0.0000000008    0.0000000010    0.0000000000    0.0000000000   -0.0000000001
  0.0000000391    0.0000000000   -0.0000000061    0.0000000000   -0.0000000381    0.0000000000    0.0000000000    0.0000000148    0.0000000000    0.0000006089    0.0000000000   -0.0000000009    0.0000000020    0.0000000000   -0.0000000009   -0.0000000000    0.0000000000   -0.0000000092    0.0000000002   -0.0000000000    0.0000000000    0.0000000000   -0.0000000015   -0.0000000000   -0.0000000007   -0.0000000000    0.0000000000   -0.0000000004   -0.0000000040   -0.0000000000    0.0000001368   -0.0000000000   -0.0000000001    0.0000000000    0.0000000496   -0.0000000000    0.0000000000    0.0000000044   -0.0086199451   -0.0000000011   -0.0000000001   -0.0000000000   -0.0000000000    0.0000000033   -0.0000000026   -0.0000000000    0.0000000003    0.0000000000   -0.0000000000   -0.0000000003   -0.0000000001   -0.0000000000   -0.0000000000   -0.0000000020   -0.0000000000   -0.0000000002   -0.0000000003    0.0000000000   -0.0000000009   -0.0000000000    0.0000000003   -0.0000000000   -0.0000000000   -0.0000000237   -0.0000000000    0.0000000006   -0.0028209793   -0.0000000005   -0.0000000000   -0.0000000000    0.0000000000   -0.0000000002   -0.0000000007    0.0000000000    0.0000000000   -0.0000000001    0.0000000001   -0.0000000000    0.0000000000    0.0000000005
 -0.0000000000    0.0000000108    0.0000000000    0.0000000010    0.0000000000    0.0000000018    0.0000000021   -0.0000000000    0.0000002399   -0.0000000000    0.0000000001    0.0000000000   -0.0000000000    0.0000000004    0.0000000000   -0.0000000004    0.0000000001    0.0000000000   -0.0000000000   -0.0000000000    0.0000000000   -0.0000000000    0.0000000000   -0.0000000003    0.0000000000   -0.0000000002    0.0000000001    0.0000000000    0.0000000000   -0.0000000001   -0.0000000000   -0.0000000347    0.0000000000    0.0000000000   -0.0000000000   -0.0000000259    0.0000000014   -0.0000000000    0.0000000032   -0.0029745161    0.0000000000   -0.0000000003   -0.0000000064   -0.0000000000    0.0000000000   -0.0000000002   -0.0000000000    0.0000000002   -0.0000000000    0.0000000000    0.0000000000   -0.0000000001   -0.0000000001    0.0000000000   -0.0000000000    0.0000000000    0.0000000000    0.0000000003    0.0000000000   -0.0000000002   -0.0000000000   -0.0000000001   -0.0000000201    0.0000000000   -0.0000000000   -0.0000000000    0.0000000011   -0.0009734394    0.0000000000   -0.0000000000    0.0000000000    0.0000000000    0.0000000000    0.0000000001   -0.0000000000    0.0000000000   -0.0000000000   -0.0000000000    0.0000000019   -0.0000000000
 -0.3359838984   -0.0000000015   -0.0000000975   -0.0000000000    0.0000000054    0.0000000000    0.0000000000   -0.0000006202    0.0000000000   -0.0000000127    0.0000000000   -0.0000002710   -0.0000000312    0.0000000000   -0.0000000033    0.0000000000    0.0000000000    0.0000000001   -0.0000000046   -0.0000000000   -0.0000000000    0.0000028089    0.0214414535    0.0000000001   -0.0000000044    0.0000000000   -0.0000000000   -0.0000003281   -0.0000000002   -0.0000000000   -0.0000000013   -0.0000000000   -0.0000002324    0.0000000000    0.0000000006    0.0000000000    0.0000000000    0.0000000000    0.0000000001   -0.0000000000    0.0000000029    0.0000000000   -0.0000000000    0.0000000004    0.0000000006    0.0000000000    0.0000000021   -0.0000000000   -0.0000000000    0.0046334180   -0.0000000390    0.0000000000    0.0000000000    0.0000000006   -0.0000000000    0.0000000034    0.0000000005   -0.0000000000   -0.0000000002   -0.0000000000    0.0000000351    0.0000000000    0.0000000000   -0.0000000003   -0.0000000000    0.0000000020   -0.0000000001   -0.0000000000   -0.0054728880    0.0000000017    0.0000000000   -0.0000000006    0.0000000000   -0.0000000000   -0.0000000000    0.0000000316   -0.0000000200   -0.0000000000   -0.0000000000   -0.0000000000
 -0.0000000041    0.1159396864   -0.0000000000   -0.0000000086    0.0000000000   -0.0000000014   -0.0000001493   -0.0000000000   -0.0000000041   -0.0000000000   -0.0000000886   -0.0000000000   -0.0000000000   -0.0000000018   -0.0000000000    0.0000000005    0.0000000007    0.0000000000   -0.0000000000    0.0000000007    0.0000009726    0.0000000000    0.0000000003   -0.0073988981   -0.0000000000    0.0000000000    0.0000000916   -0.0000000000   -0.0000000000    0.0000000002   -0.0000000000    0.0000000003   -0.0000000000   -0.0000000780    0.0000000000   -0.0000000002   -0.0000000004    0.0000000000    0.0000000000   -0.0000000001    0.0000000000   -0.0000000019   -0.0000000001    0.0000000000    0.0000000000   -0.0000000001    0.0000000000   -0.0000000002    0.0015988750    0.0000000001   -0.0000000000   -0.0000000057   -0.0000000001    0.0000000000   -0.0000000002    0.0000000000    0.0000000000   -0.0000000000   -0.0000000000    0.0000000002    0.0000000000   -0.0000000141   -0.0000000001   -0.0000000000   -0.0000000001   -0.0000000000   -0.0000000000    0.0000000000    0.0000000005    0.0018885428    0.0000000001    0.0000000000   -0.0000000000    0.0000000000    0.0000000017    0.0000000000   -0.0000000000    0.0000000096    0.0000000000   -0.0000000000
 -0.0000000202    0.0000000000   -0.0000000054   -0.0000000000    0.0000009538    0.0000000000    0.0000000000    0.0000000292    0.0000000000   -0.0000000390    0.0000000000   -0.0000000008    0.0000000004    0.0000000000   -0.0000000003   -0.0000000000    0.0000000000   -0.0000002228   -0.0000000002    0.0000000000    0.0000000000    0.0000000003    0.0000000013   -0.0000000000   -0.0000000003   -0.0000000000   -0.0000000000    0.0000000003    0.0000001012    0.0000000000   -0.0000000062   -0.0000000000   -0.0000000003    0.0000000000   -0.0000000022   -0.0000000000   -0.0000000007   -0.0103976624    0.0000000030    0.0000000000   -0.0000000005    0.0000000000    0.0000000000   -0.0000000015    0.0000000022   -0.0000000000    0.0000000003    0.0000000000    0.0000000000    0.0000000007    0.0000000004   -0.0000000000   -0.0000000000   -0.0000000206    0.0000000000    0.0000000001   -0.0000000002   -0.0000000000    0.0017953814    0.0000000379    0.0000000002    0.0000000000   -0.0000000000    0.0000000012    0.0000000000   -0.0000000000    0.0000000005    0.0000000000    0.0000000002   -0.0000000000    0.0000000000   -0.0000000001   -0.0000000235   -0.0000000000   -0.0000000000    0.0000000001    0.0000000003   -0.0000000000   -0.0000000000    0.0000000012
 -0.0000000000    0.0000000117    0.0000000000    0.0000000006    0.0000000000   -0.0000004166    0.0000000041   -0.0000000000   -0.0000000024   -0.0000000000    0.0000000009    0.0000000000    0.0000000000    0.0000000001   -0.0000000000   -0.0000000000    0.0000000791   -0.0000000000   -0.0000000000   -0.0000000001   -0.0000000003    0.0000000000    0.0000000000   -0.0000000006   -0.0000000000   -0.0000000000    0.0000000000    0.0000000000    0.0000000000   -0.0000000296   -0.0000000000   -0.0000000001    0.0000000000    0.0000000002   -0.0000000000   -0.0000000000    0.0035879599   -0.0000000003    0.0000000000   -0.0000000013   -0.0000000000    0.0000000001    0.0000000002   -0.0000000000    0.0000000000    0.0000000132    0.0000000000   -0.0000000000   -0.0000000002    0.0000000000    0.0000000000   -0.0000000001    0.0000000034   -0.0000000000    0.0000000000    0.0000000000   -0.0000000000    0.0000000001    0.0000000131   -0.0006195313    0.0000000000    0.0000000000    0.0000000000    0.0000000000    0.0000000000    0.0000000000    0.0000000000   -0.0000000002    0.0000000000    0.0000000000    0.0000000000    0.0000000000   -0.0000000000    0.0000000162    0.0000000000    0.0000000000    0.0000000000    0.0000000000    0.0000000001    0.0000000000
 -0.0000001581   -0.0000000000   -0.0000000389    0.0000000000   -0.0000000140   -0.0000000000    0.0000000000   -0.8808164951    0.0000000000   -0.0000000087   -0.0000000179    0.0144961749   -0.0000000097    0.0000000000    0.0000000148    0.0000000000    0.0000000000   -0.0000000003    0.0000000232    0.0000000000   -0.0000000000    0.0081283459    0.0000002541    0.0000000000    0.0000000068   -0.0000000000    0.0000000000    0.0355630841   -0.0000000037    0.0000000000   -0.0000000010   -0.0000000000    0.0049084662   -0.0000000003   -0.0000000010   -0.0000000000    0.0000000000    0.0000000006   -0.0000000001   -0.0000000000   -0.0000000060    0.0000000000    0.0000000000   -0.0000000021   -0.0000000019    0.0000000000   -0.0000000028   -0.0000000000   -0.0000000000   -0.0000000075    0.0034611538   -0.0000000000   -0.0000000000    0.0000000013   -0.0000000000    0.0000000014   -0.0000000027    0.0000000000   -0.0000000007   -0.0000000000    0.0031937397    0.0000000001    0.0000000000   -0.0000000004   -0.0000000000    0.0000000018    0.0000000003    0.0000000000    0.0000000230   -0.0000000000   -0.0000000000    0.0000000002   -0.0000000001    0.0000000000   -0.0000000003    0.0015985881    0.0022250164    0.0000000000    0.0000000000   -0.0000000005
 -0.0000000000    0.0000000293   -0.0000000000    0.0000000664    0.0000000000    0.0000000038   -0.3039453211   -0.0000000000   -0.0000000087    0.0000000000    0.0050022089    0.0000000062   -0.0000000000    0.0000000082   -0.0000000000    0.0000000018    0.0000000006    0.0000000000    0.0000000000   -0.0000000003    0.0028048719    0.0000000000   -0.0000000000   -0.0000000779    0.0000000000   -0.0000000010   -0.0122718446    0.0000000000   -0.0000000000    0.0000000017   -0.0000000000    0.0000000005    0.0000000001    0.0016937857   -0.0000000000   -0.0000000001    0.0000000003   -0.0000000000    0.0000000000   -0.0000000000   -0.0000000000    0.0000000004   -0.0000000001   -0.0000000000    0.0000000000   -0.0000000005    0.0000000000    0.0000000004    0.0000000011   -0.0000000000    0.0000000000    0.0011943512   -0.0000000005    0.0000000000    0.0000000005    0.0000000000   -0.0000000000   -0.0000000014    0.0000000000   -0.0000000001    0.0000000000   -0.0011020760   -0.0000000001    0.0000000000    0.0000000002    0.0000000000   -0.0000000000    0.0000000000   -0.0000000000   -0.0000000120   -0.0000000005   -0.0000000000    0.0000000000   -0.0000000005    0.0005516313    0.0000000001    0.0000000000   -0.0007677918    0.0000000001   -0.0000000000

# Root 13  E=0.3780822877 Ha  10.288148 eV
  0.0000000000    0.0000000000    0.0000000000    0.0000000000    0.0000000000    0.0000000000    0.0000000000    0.0000000000    0.0000000000    0.0000000000    0.0000000000    0.0000000000    0.0000000000    0.0000000000    0.0000000000    0.0000000000    0.0000000000    0.0000000000    0.0000000000    0.0000000000    0.0000000000    0.0000000000    0.0000000000    0.0000000000    0.0000000000    0.0000000000    0.0000000000    0.0000000000    0.0000000000    0.0000000000    0.0000000000    0.0000000000    0.0000000000    0.0000000000    0.0000000000    0.0000000000    0.0000000000    0.0000000000    0.0000000000    0.0000000000    0.0000000000    0.0000000000    0.0000000000    0.0000000000    0.0000000000    0.0000000000    0.0000000000    0.0000000000    0.0000000000    0.0000000000    0.0000000000    0.0000000000    0.0000000000    0.0000000000    0.0000000000    0.0000000000    0.0000000000    0.0000000000    0.0000000000    0.0000000000    0.0000000000    0.0000000000    0.0000000000    0.0000000000    0.0000000000    0.0000000000    0.0000000000    0.0000000000    0.0000000000    0.0000000000    0.0000000000    0.0000000000    0.0000000000    0.0000000000    0.0000000000    0.0000000000    0.0000000000    0.0000000000    0.0000000000    0.0000000000
  0.0000000000    0.0000000000    0.0000000000    0.0000000000    0.0000000000    0.0000000000    0.0000000000    0.0000000000    0.0000000000    0.0000000000    0.0000000000    0.0000000000    0.0000000000    0.0000000000    0.0000000000    0.0000000000    0.0000000000    0.0000000000    0.0000000000    0.0000000000    0.0000000000    0.0000000000    0.0000000000    0.0000000000    0.0000000000    0.0000000000    0.0000000000    0.0000000000    0.0000000000    0.0000000000    0.0000000000    0.0000000000    0.0000000000    0.0000000000    0.0000000000    0.0000000000    0.0000000000    0.0000000000    0.0000000000    0.0000000000    0.0000000000    0.0000000000    0.0000000000    0.0000000000    0.0000000000    0.0000000000    0.0000000000    0.0000000000    0.0000000000    0.0000000000    0.0000000000    0.0000000000    0.0000000000    0.0000000000    0.0000000000    0.0000000000    0.0000000000    0.0000000000    0.0000000000    0.0000000000    0.0000000000    0.0000000000    0.0000000000    0.0000000000    0.0000000000    0.0000000000    0.0000000000    0.0000000000    0.0000000000    0.0000000000    0.0000000000    0.0000000000    0.0000000000    0.0000000000    0.0000000000    0.0000000000    0.0000000000    0.0000000000    0.0000000000    0.0000000000
  0.0000000000    0.0000000000    0.0000000000    0.0000000000    0.0000000000    0.0000000000    0.0000000000    0.0000000000    0.0000000000    0.0000000000    0.0000000000    0.0000000000    0.0000000000    0.0000000000    0.0000000000    0.0000000000    0.0000000000    0.0000000000    0.0000000000    0.0000000000    0.0000000000    0.0000000000    0.0000000000    0.0000000000    0.0000000000    0.0000000000    0.0000000000    0.0000000000    0.0000000000    0.0000000000    0.0000000000    0.0000000000    0.0000000000    0.0000000000    0.0000000000    0.0000000000    0.0000000000    0.0000000000    0.0000000000    0.0000000000    0.0000000000    0.0000000000    0.0000000000    0.0000000000    0.0000000000    0.0000000000    0.0000000000    0.0000000000    0.0000000000    0.0000000000    0.0000000000    0.0000000000    0.0000000000    0.0000000000    0.0000000000    0.0000000000    0.0000000000    0.0000000000    0.0000000000    0.0000000000    0.0000000000    0.0000000000    0.0000000000    0.0000000000    0.0000000000    0.0000000000    0.0000000000    0.0000000000    0.0000000000    0.0000000000    0.0000000000    0.0000000000    0.0000000000    0.0000000000    0.0000000000    0.0000000000    0.0000000000    0.0000000000    0.0000000000    0.0000000000
  0.0000000000    0.0000000000    0.0000000000    0.0000000000    0.0000000000    0.0000000000    0.0000000000    0.0000000000    0.0000000000    0.0000000000    0.0000000000    0.0000000000    0.0000000000    0.0000000000    0.0000000000    0.0000000000    0.0000000000    0.0000000000    0.0000000000    0.0000000000    0.0000000000    0.0000000000    0.0000000000    0.0000000000    0.0000000000    0.0000000000    0.0000000000    0.0000000000    0.0000000000    0.0000000000    0.0000000000    0.0000000000    0.0000000000    0.0000000000    0.0000000000    0.0000000000    0.0000000000    0.0000000000    0.0000000000    0.0000000000    0.0000000000    0.0000000000    0.0000000000    0.0000000000    0.0000000000    0.0000000000    0.0000000000    0.0000000000    0.0000000000    0.0000000000    0.0000000000    0.0000000000    0.0000000000    0.0000000000    0.0000000000    0.0000000000    0.0000000000    0.0000000000    0.0000000000    0.0000000000    0.0000000000    0.0000000000    0.0000000000    0.0000000000    0.0000000000    0.0000000000    0.0000000000    0.0000000000    0.0000000000    0.0000000000    0.0000000000    0.0000000000    0.0000000000    0.0000000000    0.0000000000    0.0000000000    0.0000000000    0.0000000000    0.0000000000    0.0000000000
 -0.0000000000   -0.0000000009    0.0000000000   -0.0000000000   -0.0000000000    0.0000000000    0.0000000001   -0.0000000000    0.0000000000    0.0000000000    0.0000000001   -0.0000000000   -0.0000000000   -0.0000000000    0.0000000000   -0.0000000000   -0.0000000000   -0.0000000000    0.0000000000   -0.0000000000    0.0000000004   -0.0000000000   -0.0000000000   -0.0000000000   -0.0000000000    0.0000000000   -0.0000000001    0.0000000000   -0.0000000000    0.0000000000    0.0000000000   -0.0000000000   -0.0000000000   -0.0000000000    0.0000000000    0.0000000000    0.0000000000    0.0000000000    0.0000000000    0.0000000000   -0.0000000000    0.0000000000    0.0000000000    0.0000000000   -0.0000000000   -0.0000000000   -0.0000000000    0.0000000000    0.0000000000    0.0000000000   -0.0000000000    0.0000000000   -0.0000000000   -0.0000000000    0.0000000000    0.0000000000    0.0000000000   -0.0000000000    0.0000000000   -0.0000000000    0.0000000000   -0.0000000000   -0.0000000000   -0.0000000000   -0.0000000000    0.0000000000    0.0000000000    0.0000000000    0.0000000000   -0.0000000000    0.0000000000    0.0000000000   -0.0000000000    0.0000000000    0.0000000000    0.0000000000   -0.0000000000   -0.0000000000    0.0000000000   -0.0000000000
 -0.0007686723   -0.0000000000   -0.0000000000   -0.0000000000    0.0000000000   -0.0000000000    0.0000000000   -0.0000016523   -0.0000000000    0.0000000000   -0.0000000000    0.0000083577    0.0000000000   -0.0000000000    0.0000000000   -0.0000000000    0.0000000000   -0.0000000000    0.0000000000    0.0000000000   -0.0000000000    0.0000237440   -0.0000006941   -0.0000000000    0.0000000000    0.0000000000    0.0000000000    0.0000070863   -0.0000000000    0.0000000000   -0.0000000000    0.0000000000   -0.0000033596    0.0000000000   -0.0000000000    0.0000000000    0.0000000000   -0.0000000000   -0.0000000000   -0.0000000000   -0.0000000000   -0.0000000000    0.0000000000    0.0000000000    0.0000000000   -0.0000000000    0.0000000000    0.0000000000    0.0000000000    0.0000006166    0.0000012376   -0.0000000000   -0.0000000000    0.0000000000   -0.0000000000    0.0000000000   -0.0000000000   -0.0000000000   -0.0000000000   -0.0000000000    0.0000007697    0.0000000000    0.0000000000   -0.0000000000   -0.0000000000    0.0000000000   -0.0000000000   -0.0000000000   -0.0000000952    0.0000000000    0.0000000000   -0.0000000000   -0.0000000000   -0.0000000000   -0.0000000000    0.0000009750    0.0000000596   -0.0000000000   -0.0000000000    0.0000000000
  0.0000000166    0.0000000000    0.0000000985   -0.0000000000   -0.0000000000    0.0000000000    0.0000000000    0.0000000001    0.0000000000   -0.0000000000    0.0000000000   -0.0000000001   -0.0000000592    0.0000000000   -0.0000003428    0.0000000000    0.0000000000    0.0000000000   -0.0000005067    0.0000000000    0.0000000000   -0.0000000002    0.0000000000   -0.0000000000   -0.0000000149   -0.0000000000    0.0000000000   -0.0000000001    0.0000000000    0.0000000000    0.0000000000    0.0000000000    0.0000000000   -0.0000000000    0.0000000000    0.0000000000   -0.0000000000   -0.0000000000    0.0000000000    0.0000000000    0.0000005833   -0.0000000000   -0.0000000000   -0.0000000000   -0.0000000000   -0.0000000000   -0.0000000314    0.0000000000   -0.0000000000   -0.0000000000   -0.0000000000   -0.0000000000    0.0000000000   -0.0000000000   -0.0000000000   -0.0000000309    0.0000000914   -0.0000000000    0.0000000000    0.0000000000   -0.0000000000   -0.0000000000    0.0000000000   -0.0000000000   -0.0000000000    0.0000000035    0.0000000000    0.0000000000    0.0000000000   -0.0000000000    0.0000000000   -0.0000000028   -0.0000000000   -0.0000000000    0.0000000000   -0.0000000000   -0.0000000000    0.0000000000   -0.0000000000    0.0000000000
  0.0000000000   -0.0000000000    0.0000000000   -0.0000000402    0.0000000000   -0.0000000000    0.0000000000   -0.0000000000   -0.0000000000   -0.0000000000   -0.0000000000    0.0000000000    0.0000000000   -0.0000000017   -0.0000000000    0.0000000039    0.0000000000    0.0000000000    0.0000000000    0.0000000006   -0.0000000000   -0.0000000000   -0.0000000000   -0.0000000000   -0.0000000000    0.0000000001    0.0000000000    0.0000000000    0.0000000000    0.0000000000    0.0000000000    0.0000000000    0.0000000000   -0.0000000000    0.0000000000    0.0000000000   -0.0000000000   -0.0000000000    0.0000000000   -0.0000000000   -0.0000000000    0.0000000008    0.0000000000   -0.0000000000    0.0000000000    0.0000000000    0.0000000000    0.0000000018    0.0000000000    0.0000000000   -0.0000000000    0.0000000000    0.0000000000   -0.0000000000   -0.0000000017   -0.0000000000   -0.0000000000   -0.0000000002    0.0000000000   -0.0000000000   -0.0000000000    0.0000000000    0.0000000000   -0.0000000000    0.0000000002    0.0000000000    0.0000000000   -0.0000000000    0.0000000000    0.0000000000   -0.0000000005   -0.0000000000   -0.0000000000   -0.0000000000   -0.0000000000    0.0000000000    0.0000000000   -0.0000000000   -0.0000000000    0.0000000000
 -0.0000000000   -0.0000000000   -0.0000000000    0.0000000000    0.0000000000   -0.0000000000   -0.0000000000   -0.0000000000   -0.0000000001    0.0000000000    0.0000000000    0.0000000000   -0.0000000000    0.0000000000   -0.0000000000    0.0000000000   -0.0000000000   -0.0000000000    0.0000000000    0.0000000000   -0.0000000000    0.0000000000    0.0000000000   -0.0000000000    0.0000000000   -0.0000000000    0.0000000000    0.0000000000   -0.0000000000   -0.0000000000    0.0000000000    0.0000000000    0.0000000000    0.0000000000   -0.0000000000    0.0000000000    0.0000000000   -0.0000000000   -0.0000000000    0.0000000000    0.0000000000    0.0000000000   -0.0000000000    0.0000000000    0.0000000000   -0.0000000000    0.0000000000    0.0000000000   -0.0000000000    0.0000000000   -0.0000000000   -0.0000000000   -0.0000000000    0.0000000000   -0.0000000000   -0.0000000000    0.0000000000   -0.0000000000   -0.0000000000   -0.0000000000    0.0000000000    0.0000000000   -0.0000000000   -0.0000000000   -0.0000000000    0.0000000000   -0.0000000000   -0.0000000000    0.0000000000   -0.0000000000   -0.0000000000   -0.0000000000    0.0000000000    0.0000000000   -0.0000000000    0.0000000000    0.0000000000    0.0000000000   -0.0000000000   -0.0000000000
 -0.0000000010   -0.0000000000    0.0000000000   -0.0000000000    0.0000000000   -0.0000000000    0.0000000000   -0.0000000000   -0.0000000000    0.0000000959    0.0000000000   -0.0000000000    0.0000000000    0.0000000000   -0.0000000000   -0.0000000000   -0.0000000000   -0.0000000000    0.0000000000    0.0000000000   -0.0000000000   -0.0000000000   -0.0000000000    0.0000000000   -0.0000000000    0.0000000000   -0.0000000000    0.0000000000   -0.0000000000   -0.0000000000    0.0000000082    0.0000000000   -0.0000000000   -0.0000000000   -0.0000000595   -0.0000000000   -0.0000000000    0.0000000000   -0.0000003269    0.0000000000   -0.0000000000    0.0000000000   -0.0000000000    0.0000000233    0.0000000000    0.0000000000    0.0000000000   -0.0000000000   -0.0000000000   -0.0000000000   -0.0000000000   -0.0000000000    0.0000000000    0.0000000000    0.0000000000    0.0000000000   -0.0000000000    0.0000000000    0.0000000000   -0.0000000000   -0.0000000000    0.0000000000    0.0000000000   -0.0000000024   -0.0000000000   -0.0000000000   -0.0000000217   -0.0000000000   -0.0000000000    0.0000000000    0.0000000000   -0.0000000000   -0.0000000000    0.0000000000   -0.0000000000    0.0000000000    0.0000000000   -0.0000000000   -0.0000000000   -0.0000000015
  0.0000000000   -0.0000000000    0.0000000000    0.0000000000    0.0000000000   -0.0000000000    0.0000000131   -0.0000000000    0.0000000000    0.0000000000   -0.0000000011   -0.0000000000    0.0000000000   -0.0000000000    0.0000000000   -0.0000000000   -0.0000000000    0.0000000000   -0.0000000000    0.0000000000   -0.0000000000   -0.0000000000    0.0000000000    0.0000000000   -0.0000000000    0.0000000000   -0.0000000000   -0.0000000000    0.0000000000   -0.0000000000    0.0000000000    0.0000000000    0.0000000000    0.0000000000    0.0000000000    0.0000000000   -0.0000000000   -0.0000000000   -0.0000000000   -0.0000000000   -0.0000000000    0.0000000000    0.0000000000    0.0000000000    0.0000000000   -0.0000000000    0.0000000000    0.0000000000    0.0000000000   -0.0000000000   -0.0000000000   -0.0000000000   -0.0000000000    0.0000000000    0.0000000000   -0.0000000000    0.0000000000   -0.0000000000   -0.0000000000   -0.0000000000   -0.0000000000    0.0000000000    0.0000000000   -0.0000000000   -0.0000000000   -0.0000000000    0.0000000000    0.0000000000   -0.0000000000   -0.0000000000    0.0000000000   -0.0000000000    0.0000000000    0.0000000000    0.0000000000   -0.0000000000    0.0000000000   -0.0000000000    0.0000000000    0.0000000000
 -0.0001746977   -0.0000000000    0.0000000000    0.0000000000   -0.0000000000    0.0000000000    0.0000000000   -0.0000002751   -0.0000000000   -0.0000000000   -0.0000000000    0.0000010053    0.0000000000    0.0000000000   -0.0000000000   -0.0000000000    0.0000000000    0.0000000000   -0.0000000000    0.0000000000   -0.0000000000    0.0000024603   -0.0000000704    0.0000000000   -0.0000000000    0.0000000000   -0.0000000000    0.0000006983   -0.0000000000    0.0000000000   -0.0000000000    0.0000000000   -0.0000003163    0.0000000000    0.0000000000    0.0000000000    0.0000000000   -0.0000000000    0.0000000000    0.0000000000    0.0000000000    0.0000000000    0.0000000000   -0.0000000000    0.0000000000    0.0000000000    0.0000000000    0.0000000000   -0.0000000000    0.0000000482    0.0000001011   -0.0000000000    0.0000000000    0.0000000000    0.0000000000    0.0000000000    0.0000000000   -0.0000000000   -0.0000000000   -0.0000000000    0.0000000614    0.0000000000    0.0000000000   -0.0000000000    0.0000000000   -0.0000000000    0.0000000000   -0.0000000000   -0.0000000066    0.0000000000    0.0000000000   -0.0000000000   -0.0000000000   -0.0000000000   -0.0000000000    0.0000000756    0.0000000046   -0.0000000000   -0.0000000000    0.0000000000
  0.0000000000   -0.0000000000    0.0000000000   -0.0000000000   -0.0000000000    0.0000000000    0.0000000000   -0.0000000000    0.0000000000    0.0000000000    0.0000000000   -0.0000000000    0.0000000000   -0.0000000000   -0.0000000000   -0.0000000000   -0.0000000008    0.0000000000    0.0000000000    0.0000000000   -0.0000000000    0.0000000000    0.0000000000    0.0000000000    0.0000000000    0.0000000000   -0.0000000000   -0.0000000000   -0.0000000000   -0.0000000000   -0.0000000000    0.0000000000   -0.0000000000   -0.0000000000   -0.0000000000   -0.0000000000   -0.0000000004   -0.0000000000   -0.0000000000    0.0000000000    0.0000000000    0.0000000000   -0.0000000000    0.0000000000    0.0000000000   -0.0000000000   -0.0000000000    0.0000000000   -0.0000000000    0.0000000000    0.0000000000   -0.0000000000   -0.0000000000    0.0000000000    0.0000000000    0.0000000000    0.0000000000   -0.0000000000   -0.0000000000    0.0000000000    0.0000000000   -0.0000000000    0.0000000000    0.0000000000    0.0000000000    0.0000000000    0.0000000000    0.0000000000    0.0000000000   -0.0000000000   -0.0000000000    0.0000000000    0.0000000000   -0.0000000000    0.0000000000   -0.0000000000    0.0000000000    0.0000000000    0.0000000000   -0.0000000000
 -0.0000000021   -0.0000000000   -0.0000000000   -0.0000000000    0.0000000058   -0.0000000000    0.0000000000   -0.0000000001    0.0000000000   -0.0000000000    0.0000000000   -0.0000000000   -0.0000000000   -0.0000000000    0.0000000000   -0.0000000000    0.0000000000   -0.0000000008    0.0000000000    0.0000000000   -0.0000000000    0.0000000000    0.0000000000   -0.0000000000    0.0000000000   -0.0000000000    0.0000000000    0.0000000000   -0.0000000001    0.0000000000   -0.0000000000   -0.0000000000   -0.0000000000   -0.0000000000   -0.0000000000   -0.0000000000   -0.0000000000   -0.0000000040    0.0000000000    0.0000000000   -0.0000000000   -0.0000000000   -0.0000000000    0.0000000000    0.0000000002    0.0000000000   -0.0000000000   -0.0000000000   -0.0000000000   -0.0000000000   -0.0000000000    0.0000000000    0.0000000000    0.0000000001    0.0000000000   -0.0000000000   -0.0000000000   -0.0000000000   -0.0000000007   -0.0000000000   -0.0000000000   -0.0000000000   -0.0000000000    0.0000000000    0.0000000000    0.0000000000    0.0000000000   -0.0000000000   -0.0000000000   -0.0000000000   -0.0000000000    0.0000000000   -0.0000000000   -0.0000000000   -0.0000000000    0.0000000000    0.0000000000   -0.0000000000    0.0000000000   -0.0000000000
  0.0000000000    0.0000001463   -0.0000000000   -0.0000000000    0.0000000000   -0.0000000000   -0.0000000001   -0.0000000000   -0.0000000000    0.0000000000   -0.0000000010   -0.0000000000    0.0000000000   -0.0000000000   -0.0000000000    0.0000000000    0.0000000000    0.0000000000   -0.0000000000    0.0000000000   -0.0000000009   -0.0000000000    0.0000000000    0.0000000112   -0.0000000000    0.0000000000   -0.0000000008   -0.0000000000    0.0000000000   -0.0000000000   -0.0000000000    0.0000000000    0.0000000000   -0.0000000011   -0.0000000000   -0.0000000000    0.0000000000    0.0000000000    0.0000000000    0.0000000000   -0.0000000000   -0.0000000000   -0.0000000000   -0.0000000000    0.0000000000   -0.0000000000   -0.0000000000   -0.0000000000   -0.0000000010    0.0000000000    0.0000000000    0.0000000007    0.0000000000   -0.0000000000   -0.0000000000    0.0000000000    0.0000000000    0.0000000000   -0.0000000000    0.0000000000    0.0000000000   -0.0000000005   -0.0000000000    0.0000000000    0.0000000000   -0.0000000000   -0.0000000000   -0.0000000000   -0.0000000000   -0.0000000001   -0.0000000000   -0.0000000000    0.0000000000    0.0000000000    0.0000000005    0.0000000000    0.0000000000   -0.0000000000   -0.0000000000   -0.0000000000
  0.9999990280    0.0000000002    0.0000000001   -0.0000000000   -0.0000000000    0.0000000000   -0.0000000000    0.0002110704   -0.0000000000   -0.0000000000    0.0000000006   -0.0004603910   -0.0000000000   -0.0000000000   -0.0000000001   -0.0000000000    0.0000000000    0.0000000000   -0.0000000000    0.0000000000    0.0000000000   -0.0009884203    0.0000193573   -0.0000000000   -0.0000000001   -0.0000000000   -0.0000000000   -0.0002698186    0.0000000000   -0.0000000000    0.0000000000   -0.0000000000    0.0001184701   -0.0000000000   -0.0000000000   -0.0000000000    0.0000000000    0.0000000000    0.0000000000    0.0000000000    0.0000000000    0.0000000000   -0.0000000000   -0.0000000000   -0.0000000000    0.0000000000    0.0000000000   -0.0000000000   -0.0000000000   -0.0000118714   -0.0000347459    0.0000000000   -0.0000000000   -0.0000000000    0.0000000000    0.0000000000    0.0000000000    0.0000000000    0.0000000000    0.0000000000   -0.0000210090   -0.0000000000   -0.0000000000    0.0000000000   -0.0000000000   -0.0000000000   -0.0000000000    0.0000000000    0.0000017049   -0.0000000000    0.0000000000   -0.0000000000    0.0000000000   -0.0000000000    0.0000000000   -0.0000254480   -0.0000015978    0.0000000000   -0.0000000000   -0.0000000000

# Root 14  E=0.3780822977 Ha  10.288149 eV
  0.0000000000    0.0000000000    0.0000000000    0.0000000000    0.0000000000    0.0000000000    0.0000000000    0.0000000000    0.0000000000    0.0000000000    0.0000000000    0.0000000000    0.0000000000    0.0000000000    0.0000000000    0.0000000000    0.0000000000    0.0000000000    0.0000000000    0.0000000000    0.0000000000    0.0000000000    0.0000000000    0.0000000000    0.0000000000    0.0000000000    0.0000000000    0.0000000000    0.0000000000    0.0000000000    0.0000000000    0.0000000000    0.0000000000    0.0000000000    0.0000000000    0.0000000000    0.0000000000    0.0000000000    0.0000000000    0.0000000000    0.0000000000    0.0000000000    0.0000000000    0.0000000000    0.0000000000    0.0000000000    0.0000000000    0.0000000000    0.0000000000    0.0000000000    0.0000000000    0.0000000000    0.0000000000    0.0000000000    0.0000000000    0.0000000000    0.0000000000    0.0000000000    0.0000000000    0.0000000000    0.0000000000    0.0000000000    0.0000000000    0.0000000000    0.0000000000    0.0000000000    0.0000000000    0.0000000000    0.0000000000    0.0000000000    0.0000000000    0.0000000000    0.0000000000    0.0000000000    0.0000000000    0.0000000000    0.0000000000    0.0000000000    0.0000000000    0.0000000000
  0.0000000000    0.0000000000    0.0000000000    0.0000000000    0.0000000000    0.0000000000    0.0000000000    0.0000000000    0.0000000000    0.0000000000    0.0000000000    0.0000000000    0.0000000000    0.0000000000    0.0000000000    0.0000000000    0.0000000000    0.0000000000    0.0000000000    0.0000000000    0.0000000000    0.0000000000    0.0000000000    0.0000000000    0.0000000000    0.0000000000    0.0000000000    0.0000000000    0.0000000000    0.0000000000    0.0000000000    0.0000000000    0.0000000000    0.0000000000    0.0000000000    0.0000000000    0.0000000000    0.0000000000    0.0000000000    0.0000000000    0.0000000000    0.0000000000    0.0000000000    0.0000000000    0.0000000000    0.0000000000    0.0000000000    0.0000000000    0.0000000000    0.0000000000    0.0000000000    0.0000000000    0.0000000000    0.0000000000    0.0000000000    0.0000000000    0.0000000000    0.0000000000    0.0000000000    0.0000000000    0.0000000000    0.0000000000    0.0000000000    0.0000000000    0.0000000000    0.0000000000    0.0000000000    0.0000000000    0.0000000000    0.0000000000    0.0000000000    0.0000000000    0.0000000000    0.0000000000    0.0000000000    0.0000000000    0.0000000000    0.0000000000    0.0000000000    0.0000000000
  0.0000000000    0.0000000000    0.0000000000    0.0000000000    0.0000000000    0.0000000000    0.0000000000    0.0000000000    0.0000000000    0.0000000000    0.0000000000    0.0000000000    0.0000000000    0.0000000000    0.0000000000    0.0000000000    0.0000000000    0.0000000000    0.0000000000    0.0000000000    0.0000000000    0.0000000000    0.0000000000    0.0000000000    0.0000000000    0.0000000000    0.0000000000    0.0000000000    0.0000000000    0.0000000000    0.0000000000    0.0000000000    0.0000000000    0.0000000000    0.0000000000    0.0000000000    0.0000000000    0.0000000000    0.0000000000    0.0000000000    0.0000000000    0.0000000000    0.0000000000    0.0000000000    0.0000000000    0.0000000000    0.0000000000    0.0000000000    0.0000000000    0.0000000000    0.0000000000    0.0000000000    0.0000000000    0.0000000000    0.0000000000    0.0000000000    0.0000000000    0.0000000000    0.0000000000    0.0000000000    0.0000000000    0.0000000000    0.0000000000    0.0000000000    0.0000000000    0.0000000000    0.0000000000    0.0000000000    0.0000000000    0.0000000000    0.0000000000    0.0000000000    0.0000000000    0.0000000000    0.0000000000    0.0000000000    0.0000000000    0.0000000000    0.0000000000    0.0000000000
  0.0000000000    0.0000000000    0.0000000000    0.0000000000    0.0000000000    0.0000000000    0.0000000000    0.0000000000    0.0000000000    0.0000000000    0.0000000000    0.0000000000    0.0000000000    0.0000000000    0.0000000000    0.0000000000    0.0000000000    0.0000000000    0.0000000000    0.0000000000    0.0000000000    0.0000000000    0.0000000000    0.0000000000    0.0000000000    0.0000000000    0.0000000000    0.0000000000    0.0000000000    0.0000000000    0.0000000000    0.0000000000    0.0000000000    0.0000000000    0.0000000000    0.0000000000    0.0000000000    0.0000000000    0.0000000000    0.0000000000    0.0000000000    0.0000000000    0.0000000000    0.0000000000    0.0000000000    0.0000000000    0.0000000000    0.0000000000    0.0000000000    0.0000000000    0.0000000000    0.0000000000    0.0000000000    0.0000000000    0.0000000000    0.0000000000    0.0000000000    0.0000000000    0.0000000000    0.0000000000    0.0000000000    0.0000000000    0.0000000000    0.0000000000    0.0000000000    0.0000000000    0.0000000000    0.0000000000    0.0000000000    0.0000000000    0.0000000000    0.0000000000    0.0000000000    0.0000000000    0.0000000000    0.0000000000    0.0000000000    0.0000000000    0.0000000000    0.0000000000
  0.0000000000   -0.0007686801   -0.0000000000    0.0000000000   -0.0000000000    0.0000000000    0.0000016523    0.0000000000   -0.0000000000    0.0000000000   -0.0000083577   -0.0000000000   -0.0000000000   -0.0000000000    0.0000000000   -0.0000000000   -0.0000000000   -0.0000000000    0.0000000000    0.0000000000   -0.0000237440   -0.0000000000    0.0000000000   -0.0000006941    0.0000000000   -0.0000000000    0.0000070863   -0.0000000000   -0.0000000000   -0.0000000000    0.0000000000    0.0000000000    0.0000000000    0.0000033597    0.0000000000   -0.0000000000   -0.0000000000    0.0000000000   -0.0000000000    0.0000000000   -0.0000000000    0.0000000000    0.0000000000   -0.0000000000   -0.0000000000   -0.0000000000    0.0000000000   -0.0000000000   -0.0000006166    0.0000000000   -0.0000000000   -0.0000012376   -0.0000000000   -0.0000000000    0.0000000000    0.0000000000   -0.0000000000    0.0000000000    0.0000000000   -0.0000000000   -0.0000000000    0.0000007697    0.0000000000   -0.0000000000    0.0000000000    0.0000000000   -0.0000000000    0.0000000000   -0.0000000000   -0.0000000952   -0.0000000000   -0.0000000000   -0.0000000000    0.0000000000   -0.0000009750   -0.0000000000    0.0000000000    0.0000000596    0.0000000000    0.0000000000
  0.0000000009    0.0000000000    0.0000000000    0.0000000000   -0.0000000000    0.0000000000   -0.0000000000    0.0000000001    0.0000000000   -0.0000000000   -0.0000000000    0.0000000001   -0.0000000000    0.0000000000   -0.0000000000    0.0000000000    0.0000000000    0.0000000000   -0.0000000000   -0.0000000000   -0.0000000000    0.0000000004    0.0000000000    0.0000000000    0.0000000000   -0.0000000000   -0.0000000000    0.0000000001    0.0000000000    0.0000000000   -0.0000000000   -0.0000000000   -0.0000000000   -0.0000000000    0.0000000000   -0.0000000000    0.0000000000   -0.0000000000   -0.0000000000    0.0000000000    0.0000000000    0.0000000000   -0.0000000000   -0.0000000000   -0.0000000000   -0.0000000000   -0.0000000000   -0.0000000000    0.0000000000    0.0000000000    0.0000000000   -0.0000000000   -0.0000000000    0.0000000000    0.0000000000    0.0000000000   -0.0000000000    0.0000000000    0.0000000000   -0.0000000000    0.0000000000   -0.0000000000    0.0000000000   -0.0000000000    0.0000000000    0.0000000000   -0.0000000000    0.0000000000    0.0000000000   -0.0000000000   -0.0000000000    0.0000000000   -0.0000000000    0.0000000000    0.0000000000    0.0000000000    0.0000000000    0.0000000000   -0.0000000000    0.0000000000
  0.0000000000    0.0000000000   -0.0000000402    0.0000000000   -0.0000000000   -0.0000000000   -0.0000000000    0.0000000000   -0.0000000000    0.0000000000   -0.0000000000    0.0000000000   -0.0000000017    0.0000000000   -0.0000000039    0.0000000000    0.0000000000   -0.0000000000   -0.0000000006   -0.0000000000    0.0000000000   -0.0000000000   -0.0000000000   -0.0000000000    0.0000000001   -0.0000000000   -0.0000000000   -0.0000000000   -0.0000000000    0.0000000000   -0.0000000000    0.0000000000    0.0000000000    0.0000000000    0.0000000000    0.0000000000   -0.0000000000    0.0000000000    0.0000000000   -0.0000000000    0.0000000008   -0.0000000000   -0.0000000000    0.0000000000    0.0000000000   -0.0000000000   -0.0000000018   -0.0000000000    0.0000000000    0.0000000000    0.0000000000    0.0000000000   -0.0000000000   -0.0000000000    0.0000000000    0.0000000017   -0.0000000002   -0.0000000000    0.0000000000   -0.0000000000   -0.0000000000    0.0000000000   -0.0000000000    0.0000000000    0.0000000000   -0.0000000002    0.0000000000    0.0000000000   -0.0000000000    0.0000000000    0.0000000000   -0.0000000005    0.0000000000   -0.0000000000    0.0000000000   -0.0000000000   -0.0000000000   -0.0000000000   -0.0000000000   -0.0000000000
  0.0000000000    0.0000000705    0.0000000000   -0.0000000985   -0.0000000000    0.0000000000   -0.0000000001    0.0000000000   -0.0000000000   -0.0000000000    0.0000000004    0.0000000000   -0.0000000000    0.0000000592   -0.0000000000   -0.0000003428    0.0000000000    0.0000000000   -0.0000000000   -0.0000005067    0.0000000009    0.0000000000    0.0000000000    0.0000000000   -0.0000000000    0.0000000149   -0.0000000003   -0.0000000000    0.0000000000    0.0000000000    0.0000000000    0.0000000000   -0.0000000000   -0.0000000001    0.0000000000   -0.0000000000   -0.0000000000   -0.0000000000    0.0000000000    0.0000000000   -0.0000000000   -0.0000005833    0.0000000000   -0.0000000000    0.0000000000   -0.0000000000   -0.0000000000   -0.0000000314    0.0000000000   -0.0000000000   -0.0000000000    0.0000000000   -0.0000000000   -0.0000000000   -0.0000000309    0.0000000000   -0.0000000000   -0.0000000914   -0.0000000000   -0.0000000000    0.0000000000   -0.0000000000    0.0000000000   -0.0000000000    0.0000000035    0.0000000000    0.0000000000    0.0000000000    0.0000000000    0.0000000000    0.0000000028    0.0000000000   -0.0000000000   -0.0000000000    0.0000000000    0.0000000000   -0.0000000000   -0.0000000000   -0.0000000000    0.0000000000
  0.0000000000   -0.0000000019   -0.0000000000    0.0000000000    0.0000000000   -0.0000000000    0.0000000001   -0.0000000000   -0.0000000959   -0.0000000000    0.0000000000    0.0000000000   -0.0000000000    0.0000000000   -0.0000000000   -0.0000000000   -0.0000000000    0.0000000000    0.0000000000   -0.0000000000   -0.0000000000    0.0000000000    0.0000000000   -0.0000000000    0.0000000000   -0.0000000000    0.0000000000   -0.0000000000    0.0000000000   -0.0000000000   -0.0000000000    0.0000000082    0.0000000000    0.0000000000    0.0000000000   -0.0000000595    0.0000000000   -0.0000000000    0.0000000000    0.0000003269    0.0000000000   -0.0000000000    0.0000000233    0.0000000000    0.0000000000   -0.0000000000    0.0000000000   -0.0000000000   -0.0000000000    0.0000000000    0.0000000000    0.0000000000   -0.0000000000    0.0000000000    0.0000000000   -0.0000000000    0.0000000000   -0.0000000000   -0.0000000000    0.0000000000    0.0000000000   -0.0000000000    0.0000000024    0.0000000000    0.0000000000    0.0000000000   -0.0000000000    0.0000000217    0.0000000000    0.0000000000   -0.0000000000   -0.0000000000    0.0000000000    0.0000000000   -0.0000000000   -0.0000000000   -0.0000000000    0.0000000000    0.0000000015    0.0000000000
 -0.0000000000    0.0000000000   -0.0000000000    0.0000000000    0.0000000000    0.0000000000    0.0000000000    0.0000000000    0.0000000000   -0.0000000001    0.0000000000   -0.0000000000    0.0000000000   -0.0000000000   -0.0000000000    0.0000000000    0.0000000000   -0.0000000000    0.0000000000    0.0000000000   -0.0000000000    0.0000000000    0.0000000000    0.0000000000   -0.0000000000    0.0000000000   -0.0000000000   -0.0000000000   -0.0000000000    0.0000000000   -0.0000000000   -0.0000000000    0.0000000000   -0.0000000000   -0.0000000000    0.0000000000    0.0000000000   -0.0000000000    0.0000000000   -0.0000000000    0.0000000000    0.0000000000   -0.0000000000    0.0000000000    0.0000000000   -0.0000000000    0.0000000000   -0.0000000000   -0.0000000000    0.0000000000    0.0000000000   -0.0000000000   -0.0000000000   -0.0000000000    0.0000000000    0.0000000000   -0.0000000000    0.0000000000   -0.0000000000   -0.0000000000    0.0000000000    0.0000000000   -0.0000000000   -0.0000000000   -0.0000000000    0.0000000000   -0.0000000000   -0.0000000000    0.0000000000    0.0000000000    0.0000000000   -0.0000000000   -0.0000000000   -0.0000000000    0.0000000000    0.0000000000   -0.0000000000    0.0000000000   -0.0000000000   -0.0000000000
  0.0000000000   -0.0001747036    0.0000000000    0.0000000000    0.0000000000   -0.0000000000    0.0000002750   -0.0000000000    0.0000000000    0.0000000000   -0.0000010054   -0.0000000000    0.0000000000    0.0000000000    0.0000000000   -0.0000000000   -0.0000000000    0.0000000000   -0.0000000000   -0.0000000000   -0.0000024603   -0.0000000000   -0.0000000000   -0.0000000704    0.0000000000   -0.0000000000    0.0000006983    0.0000000000    0.0000000000   -0.0000000000    0.0000000000   -0.0000000000    0.0000000000    0.0000003163    0.0000000000    0.0000000000    0.0000000000   -0.0000000000   -0.0000000000   -0.0000000000   -0.0000000000   -0.0000000000   -0.0000000000    0.0000000000    0.0000000000   -0.0000000000   -0.0000000000   -0.0000000000   -0.0000000482   -0.0000000000    0.0000000000   -0.0000001011   -0.0000000000    0.0000000000    0.0000000000   -0.0000000000   -0.0000000000   -0.0000000000   -0.0000000000    0.0000000000   -0.0000000000    0.0000000614   -0.0000000000   -0.0000000000    0.0000000000    0.0000000000    0.0000000000   -0.0000000000   -0.0000000000   -0.0000000066   -0.0000000000   -0.0000000000    0.0000000000    0.0000000000   -0.0000000756   -0.0000000000    0.0000000000    0.0000000046    0.0000000000    0.0000000000
  0.0000000000   -0.0000000000   -0.0000000000    0.0000000000   -0.0000000000   -0.0000000000   -0.0000000000    0.0000000131   -0.0000000000   -0.0000000000   -0.0000000000   -0.0000000011   -0.0000000000   -0.0000000000   -0.0000000000    0.0000000000   -0.0000000000    0.0000000000    0.0000000000   -0.0000000000   -0.0000000000   -0.0000000000   -0.0000000000   -0.0000000000    0.0000000000   -0.0000000000    0.0000000000    0.0000000000    0.0000000000   -0.0000000000    0.0000000000    0.0000000000    0.0000000000    0.0000000000    0.0000000000    0.0000000000    0.0000000000   -0.0000000000   -0.0000000000    0.0000000000    0.0000000000   -0.0000000000    0.0000000000   -0.0000000000   -0.0000000000    0.0000000000   -0.0000000000   -0.0000000000   -0.0000000000    0.0000000000   -0.0000000000   -0.0000000000    0.0000000000    0.0000000000   -0.0000000000    0.0000000000   -0.0000000000    0.0000000000   -0.0000000000    0.0000000000   -0.0000000000    0.0000000000    0.0000000000    0.0000000000   -0.0000000000    0.0000000000   -0.0000000000   -0.0000000000    0.0000000000   -0.0000000000   -0.0000000000    0.0000000000   -0.0000000000   -0.0000000000   -0.0000000000    0.0000000000    0.0000000000   -0.0000000000    0.0000000000    0.0000000000
  0.0000000000   -0.0000000040    0.0000000000    0.0000000000    0.0000000000    0.0000000058   -0.0000000000    0.0000000000    0.0000000000    0.0000000000   -0.0000000001   -0.0000000000    0.0000000000    0.0000000000   -0.0000000000   -0.0000000000   -0.0000000008    0.0000000000    0.0000000000   -0.0000000000    0.0000000001    0.0000000000    0.0000000000   -0.0000000000   -0.0000000000   -0.0000000000    0.0000000000   -0.0000000000    0.0000000000   -0.0000000001    0.0000000000   -0.0000000000   -0.0000000000   -0.0000000000    0.0000000000   -0.0000000000   -0.0000000040    0.0000000000   -0.0000000000   -0.0000000000   -0.0000000000   -0.0000000000    0.0000000000    0.0000000000    0.0000000000   -0.0000000002   -0.0000000000   -0.0000000000   -0.0000000000   -0.0000000000    0.0000000000   -0.0000000000   -0.0000000001    0.0000000000    0.0000000000    0.0000000000    0.0000000000   -0.0000000000    0.0000000000   -0.0000000007    0.0000000000   -0.0000000000   -0.0000000000   -0.0000000000    0.0000000000    0.0000000000    0.0000000000   -0.0000000000    0.0000000000    0.0000000000   -0.0000000000   -0.0000000000   -0.0000000000   -0.0000000000   -0.0000000000   -0.0000000000    0.0000000000    0.0000000000    0.0000000000   -0.0000000000
  0.0000000000    0.0000000000    0.0000000000   -0.0000000000   -0.0000000000    0.0000000000   -0.0000000000   -0.0000000000   -0.0000000000    0.0000000000   -0.0000000000    0.0000000000   -0.0000000000   -0.0000000000   -0.0000000000   -0.0000000000   -0.0000000000    0.0000000008   -0.0000000000    0.0000000000    0.0000000000    0.0000000000    0.0000000000   -0.0000000000    0.0000000000    0.0000000000   -0.0000000000   -0.0000000000    0.0000000000    0.0000000000   -0.0000000000    0.0000000000    0.0000000000   -0.0000000000   -0.0000000000    0.0000000000    0.0000000000    0.0000000004   -0.0000000000   -0.0000000000    0.0000000000   -0.0000000000    0.0000000000   -0.0000000000   -0.0000000000    0.0000000000    0.0000000000    0.0000000000    0.0000000000   -0.0000000000   -0.0000000000    0.0000000000    0.0000000000   -0.0000000000    0.0000000000   -0.0000000000   -0.0000000000   -0.0000000000   -0.0000000000   -0.0000000000    0.0000000000   -0.0000000000    0.0000000000    0.0000000000    0.0000000000    0.0000000000    0.0000000000   -0.0000000000   -0.0000000000   -0.0000000000    0.0000000000    0.0000000000    0.0000000000   -0.0000000000   -0.0000000000    0.0000000000    0.0000000000   -0.0000000000   -0.0000000000    0.0000000000
 -0.0000000002    0.9999990280    0.0000000000    0.0000000002    0.0000000000   -0.0000000000   -0.0002110687   -0.0000000000   -0.0000000000   -0.0000000000    0.0004603911    0.0000000006   -0.0000000000    0.0000000000    0.0000000000   -0.0000000001   -0.0000000000   -0.0000000000   -0.0000000000    0.0000000000    0.0009884203    0.0000000000   -0.0000000000    0.0000193573   -0.0000000000   -0.0000000001   -0.0002698180    0.0000000000    0.0000000000    0.0000000000    0.0000000000    0.0000000000   -0.0000000000   -0.0001184698    0.0000000000    0.0000000000    0.0000000000    0.0000000000    0.0000000000   -0.0000000000   -0.0000000000    0.0000000000    0.0000000000   -0.0000000000    0.0000000000   -0.0000000000   -0.0000000000   -0.0000000000    0.0000118713   -0.0000000000    0.0000000000    0.0000347460    0.0000000000    0.0000000000   -0.0000000000    0.0000000000   -0.0000000000   -0.0000000000   -0.0000000000    0.0000000000    0.0000000000   -0.0000210090   -0.0000000000   -0.0000000000    0.0000000000    0.0000000000   -0.0000000000   -0.0000000000    0.0000000000    0.0000017049   -0.0000000000   -0.0000000000    0.0000000000    0.0000000000    0.0000254479    0.0000000000    0.0000000000   -0.0000015977   -0.0000000000   -0.0000000000
 -0.0000001463   -0.0000000000   -0.0000000000    0.0000000000    0.0000000000    0.0000000000   -0.0000000000   -0.0000000001    0.0000000000    0.0000000000    0.0000000000   -0.0000000010    0.0000000000    0.0000000000   -0.0000000000    0.0000000000   -0.0000000000    0.0000000000    0.0000000000   -0.0000000000   -0.0000000000   -0.0000000009   -0.0000000112   -0.0000000000   -0.0000000000    0.0000000000   -0.0000000000    0.0000000008   -0.0000000000    0.0000000000    0.0000000000    0.0000000000   -0.0000000011    0.0000000000    0.0000000000    0.0000000000   -0.0000000000    0.0000000000    0.0000000000   -0.0000000000   -0.0000000000   -0.0000000000   -0.0000000000    0.0000000000    0.0000000000   -0.0000000000    0.0000000000   -0.0000000000    0.0000000000   -0.0000000010    0.0000000007   -0.0000000000   -0.0000000000   -0.0000000000    0.0000000000    0.0000000000    0.0000000000   -0.0000000000    0.0000000000    0.0000000000    0.0000000005   -0.0000000000    0.0000000000    0.0000000000    0.0000000000   -0.0000000000   -0.0000000000    0.0000000000    0.0000000001    0.0000000000   -0.0000000000    0.0000000000    0.0000000000   -0.0000000000   -0.0000000000    0.0000000005    0.0000000000   -0.0000000000    0.0000000000   -0.0000000000

# Root 15  E=0.4123233761 Ha  11.219896 eV
  0.0000000000    0.0000000000    0.0000000000    0.0000000000    0.0000000000    0.0000000000    0.0000000000    0.0000000000    0.0000000000    0.0000000000    0.0000000000    0.0000000000    0.0000000000    0.0000000000    0.0000000000    0.0000000000    0.0000000000    0.0000000000    0.0000000000    0.0000000000    0.0000000000    0.0000000000    0.0000000000    0.0000000000    0.0000000000    0.0000000000    0.0000000000    0.0000000000    0.0000000000    0.0000000000    0.0000000000    0.0000000000    0.0000000000    0.0000000000    0.0000000000    0.0000000000    0.0000000000    0.0000000000    0.0000000000    0.0000000000    0.0000000000    0.0000000000    0.0000000000    0.0000000000    0.0000000000    0.0000000000    0.0000000000    0.0000000000    0.0000000000    0.0000000000    0.0000000000    0.0000000000    0.0000000000    0.0000000000    0.0000000000    0.0000000000    0.0000000000    0.0000000000    0.0000000000    0.0000000000    0.0000000000    0.0000000000    0.0000000000    0.0000000000    0.0000000000    0.0000000000    0.0000000000    0.0000000000    0.0000000000    0.0000000000    0.0000000000    0.0000000000    0.0000000000    0.0000000000    0.0000000000    0.0000000000    0.0000000000    0.0000000000    0.0000000000    0.0000000000
  0.0000000000    0.0000000000    0.0000000000    0.0000000000    0.0000000000    0.0000000000    0.0000000000    0.0000000000    0.0000000000    0.0000000000    0.0000000000    0.0000000000    0.0000000000    0.0000000000    0.0000000000    0.0000000000    0.0000000000    0.0000000000    0.0000000000    0.0000000000    0.0000000000    0.0000000000    0.0000000000    0.0000000000    0.0000000000    0.0000000000    0.0000000000    0.0000000000    0.0000000000    0.0000000000    0.0000000000    0.0000000000    0.0000000000    0.0000000000    0.0000000000    0.0000000000    0.0000000000    0.0000000000    0.0000000000    0.0000000000    0.0000000000    0.0000000000    0.0000000000    0.0000000000    0.0000000000    0.0000000000    0.0000000000    0.0000000000    0.0000000000    0.0000000000    0.0000000000    0.0000000000    0.0000000000    0.0000000000    0.0000000000    0.0000000000    0.0000000000    0.0000000000    0.0000000000    0.0000000000    0.0000000000    0.0000000000    0.0000000000    0.0000000000    0.0000000000    0.0000000000    0.0000000000    0.0000000000    0.0000000000    0.0000000000    0.0000000000    0.0000000000    0.0000000000    0.0000000000    0.0000000000    0.0000000000    0.0000000000    0.0000000000    0.0000000000    0.0000000000
  0.0000000000    0.0000000000    0.0000000000    0.0000000000    0.0000000000    0.0000000000    0.0000000000    0.0000000000    0.0000000000    0.0000000000    0.0000000000    0.0000000000    0.0000000000    0.0000000000    0.0000000000    0.0000000000    0.0000000000    0.0000000000    0.0000000000    0.0000000000    0.0000000000    0.0000000000    0.0000000000    0.0000000000    0.0000000000    0.0000000000    0.0000000000    0.0000000000    0.0000000000    0.0000000000    0.0000000000    0.0000000000    0.0000000000    0.0000000000    0.0000000000    0.0000000000    0.0000000000    0.0000000000    0.0000000000    0.0000000000    0.0000000000    0.0000000000    0.0000000000    0.0000000000    0.0000000000    0.0000000000    0.0000000000    0.0000000000    0.0000000000    0.0000000000    0.0000000000    0.0000000000    0.0000000000    0.0000000000    0.0000000000    0.0000000000    0.0000000000    0.0000000000    0.0000000000    0.0000000000    0.0000000000    0.0000000000    0.0000000000    0.0000000000    0.0000000000    0.0000000000    0.0000000000    0.0000000000    0.0000000000    0.0000000000    0.0000000000    0.0000000000    0.0000000000    0.0000000000    0.0000000000    0.0000000000    0.0000000000    0.0000000000    0.0000000000    0.0000000000
  0.0000000000    0.0000000000    0.0000000000    0.0000000000    0.0000000000    0.0000000000    0.0000000000    0.0000000000    0.0000000000    0.0000000000    0.0000000000    0.0000000000    0.0000000000    0.0000000000    0.0000000000    0.0000000000    0.0000000000    0.0000000000    0.0000000000    0.0000000000    0.0000000000    0.0000000000    0.0000000000    0.0000000000    0.0000000000    0.0000000000    0.0000000000    0.0000000000    0.0000000000    0.0000000000    0.0000000000    0.0000000000    0.0000000000    0.0000000000    0.0000000000    0.0000000000    0.0000000000    0.0000000000    0.0000000000    0.0000000000    0.0000000000    0.0000000000    0.0000000000    0.0000000000    0.0000000000    0.0000000000    0.0000000000    0.0000000000    0.0000000000    0.0000000000    0.0000000000    0.0000000000    0.0000000000    0.0000000000    0.0000000000    0.0000000000    0.0000000000    0.0000000000    0.0000000000    0.0000000000    0.0000000000    0.0000000000    0.0000000000    0.0000000000    0.0000000000    0.0000000000    0.0000000000    0.0000000000    0.0000000000    0.0000000000    0.0000000000    0.0000000000    0.0000000000    0.0000000000    0.0000000000    0.0000000000    0.0000000000    0.0000000000    0.0000000000    0.0000000000
 -0.0000000005   -0.0000000000   -0.0000001706   -0.0000000000    0.0000000232   -0.0000000000    0.0000000000   -0.0000000328    0.0000000000   -0.0038404090   -0.0000000000    0.0000000078    0.0000000013    0.0000000000   -0.0000000010    0.0000000000    0.0000000000   -0.0000000089   -0.0000000117    0.0000000000   -0.0000000000    0.0000000008   -0.0000000022    0.0000000000    0.0000000045    0.0000000000    0.0000000000   -0.0000000001   -0.0000000021    0.0000000000    0.0046422087    0.0000000000    0.0000000039   -0.0000000000    0.0009183021    0.0000000000   -0.0000000000   -0.0000000007    0.0000000166    0.0000000000   -0.0000000014    0.0000000000    0.0000000000   -0.0003294689   -0.0000000007    0.0000000000    0.0000000003   -0.0000000000   -0.0000000000   -0.0000000002    0.0000000001    0.0000000000   -0.0000000000    0.0000000001   -0.0000000000   -0.0000000005   -0.0000000028    0.0000000000    0.0000000001    0.0000000000   -0.0000000002   -0.0000000000    0.0000000001   -0.0005721806    0.0000000000   -0.0000000005   -0.0000000051   -0.0000000000   -0.0000000005    0.0000000000    0.0000000000   -0.0000000002    0.0000000005   -0.0000000000   -0.0000000000    0.0000000001   -0.0000000003    0.0000000000   -0.0000000000    0.0001978380
 -0.0000000000   -0.0000000006   -0.0000000000    0.0000000356    0.0000000000   -0.0000000201   -0.0000000175    0.0000000000    0.0039073222    0.0000000000    0.0000000050    0.0000000000   -0.0000000000    0.0000000003   -0.0000000000   -0.0000000013    0.0000000067    0.0000000000   -0.0000000000    0.0000000004    0.0000000006    0.0000000000   -0.0000000000   -0.0000000003    0.0000000000    0.0000000005    0.0000000017    0.0000000000   -0.0000000000    0.0000000001   -0.0000000000    0.0047230835    0.0000000000    0.0000000017   -0.0000000000    0.0009343037    0.0000000001   -0.0000000000    0.0000000000   -0.0000000163   -0.0000000000   -0.0000000002   -0.0003352086   -0.0000000000    0.0000000000   -0.0000000008    0.0000000000   -0.0000000003    0.0000000000    0.0000000000    0.0000000000    0.0000000003    0.0000000001   -0.0000000000   -0.0000000000    0.0000000000   -0.0000000000   -0.0000000001   -0.0000000000    0.0000000004   -0.0000000000    0.0000000000    0.0005821493    0.0000000001   -0.0000000001   -0.0000000000   -0.0000000000    0.0000000048   -0.0000000000   -0.0000000001   -0.0000000002   -0.0000000000    0.0000000000   -0.0000000001   -0.0000000001   -0.0000000000    0.0000000000    0.0000000000   -0.0002012848   -0.0000000000
  0.0000000000    0.0000000007    0.0000000000    0.0000000661   -0.0000000000   -0.0173904475   -0.0000000071    0.0000000000    0.0000000109    0.0000000000    0.0000000019    0.0000000000   -0.0000000000    0.0000000026   -0.0000000000    0.0000000121    0.0174950445    0.0000000003   -0.0000000000   -0.0000000009   -0.0000000000   -0.0000000000   -0.0000000000   -0.0000000001   -0.0000000000    0.0000000006    0.0000000028   -0.0000000000    0.0000000000    0.0038132840   -0.0000000000    0.0000000011   -0.0000000000   -0.0000000008   -0.0000000000    0.0000000007    0.0000000463   -0.0000000000    0.0000000000   -0.0000000001   -0.0000000000    0.0000000001    0.0000000003    0.0000000000   -0.0000000000    0.0002474421   -0.0000000000   -0.0000000003    0.0000000000   -0.0000000000    0.0000000000    0.0000000000    0.0012712543   -0.0000000000   -0.0000000003    0.0000000000   -0.0000000000    0.0000000002   -0.0000000000    0.0000000074    0.0000000000   -0.0000000001    0.0000000000   -0.0000000000   -0.0000000005   -0.0000000000   -0.0000000000    0.0000000002   -0.0000000000   -0.0000000000    0.0000000001    0.0000000000   -0.0000000000   -0.0008922731   -0.0000000002   -0.0000000000    0.0000000000    0.0000000001   -0.0000000001    0.0000000000
  0.0000000039    0.0000000000    0.0000001168   -0.0000000000   -0.0170926428    0.0000000000    0.0000000000    0.0000000435   -0.0000000000    0.0000000136    0.0000000000   -0.0000000054   -0.0000000008   -0.0000000000    0.0000000206   -0.0000000000   -0.0000000003    0.0171954471   -0.0000000047    0.0000000000    0.0000000000   -0.0000000008   -0.0000000063   -0.0000000000   -0.0000000047   -0.0000000000   -0.0000000000    0.0000000087    0.0037479924   -0.0000000000   -0.0000000015    0.0000000000    0.0000000002   -0.0000000000   -0.0000000013    0.0000000000    0.0000000000    0.0000000459    0.0000000002    0.0000000000   -0.0000000005   -0.0000000000    0.0000000000   -0.0000000003   -0.0002432065   -0.0000000000   -0.0000000005   -0.0000000000    0.0000000000   -0.0000000002   -0.0000000002    0.0000000000   -0.0000000000   -0.0012494849    0.0000000000    0.0000000004   -0.0000000009    0.0000000000    0.0000000079    0.0000000000    0.0000000005    0.0000000000    0.0000000000   -0.0000000002   -0.0000000000    0.0000000006   -0.0000000002   -0.0000000000   -0.0000000012    0.0000000000   -0.0000000000    0.0000000002   -0.0008769943    0.0000000000   -0.0000000000    0.0000000001    0.0000000009   -0.0000000000   -0.0000000000   -0.0000000002
  0.0000025239    0.0000000000   -0.0000001000   -0.0000000000   -0.0000000169   -0.0000000000    0.0000000283   -0.0737095548    0.0000000000    0.0000000026   -0.0000000125    0.0077573328    0.0000000017   -0.0000000000    0.0000000020    0.0000000000    0.0000000000   -0.0000000033   -0.0000000009   -0.0000000000   -0.0000000021    0.0055400170   -0.0000008093   -0.0000000000    0.0000000009    0.0000000000   -0.0000000005   -0.0012277109   -0.0000000124   -0.0000000000    0.0000000052   -0.0000000000    0.0054208199   -0.0000000024   -0.0000000001    0.0000000000    0.0000000000    0.0000000001    0.0000000002   -0.0000000000   -0.0000000000    0.0000000000    0.0000000000    0.0000000009    0.0000000025   -0.0000000000    0.0000000012   -0.0000000000    0.0000000000   -0.0000000272   -0.0010981741    0.0000000004   -0.0000000000    0.0000000001    0.0000000000    0.0000000006    0.0000000009   -0.0000000000    0.0000000002    0.0000000000   -0.0013238778   -0.0000000005   -0.0000000000    0.0000000006    0.0000000000   -0.0000000011   -0.0000000001   -0.0000000000   -0.0000000028   -0.0000000000   -0.0000000000    0.0000000002    0.0000000013    0.0000000000   -0.0000000004    0.0006942603   -0.0010854565   -0.0000000004    0.0000000000    0.0000000009
 -0.0000000000    0.0000027156    0.0000000000   -0.0000000061    0.0000000000   -0.0000000055    0.0749936231    0.0000000278    0.0000000023   -0.0000000000   -0.0078924695   -0.0000000127   -0.0000000000   -0.0000000003   -0.0000000000    0.0000000009   -0.0000000001    0.0000000000    0.0000000000   -0.0000000003   -0.0056365363   -0.0000000021    0.0000000000   -0.0000008286   -0.0000000000    0.0000000007   -0.0012491027    0.0000000005    0.0000000000   -0.0000000026   -0.0000000000   -0.0000000024   -0.0000000024   -0.0055152593    0.0000000000    0.0000000004    0.0000000001   -0.0000000000   -0.0000000000   -0.0000000000    0.0000000000    0.0000000001    0.0000000006   -0.0000000000   -0.0000000000   -0.0000000005   -0.0000000000   -0.0000000001    0.0000000281    0.0000000000    0.0000000004    0.0011173081   -0.0000000002   -0.0000000000    0.0000000002   -0.0000000000   -0.0000000000   -0.0000000001   -0.0000000000    0.0000000001    0.0000000005   -0.0013469409    0.0000000000   -0.0000000000   -0.0000000002   -0.0000000000    0.0000000000   -0.0000000000    0.0000000000   -0.0000000028    0.0000000001   -0.0000000000   -0.0000000000    0.0000000002   -0.0007063549   -0.0000000004    0.0000000004   -0.0011043662    0.0000000003   -0.0000000000
  0.0000000025   -0.0000000000   -0.0000002545   -0.0000000000    0.0000000652   -0.0000000000    0.0000000000   -0.0000000695   -0.0000000000   -0.0042698905    0.0000000000   -0.0000000089   -0.0000000207   -0.0000000000   -0.0000000018    0.0000000000    0.0000000000   -0.0000000087    0.0000000004    0.0000000000    0.0000000000   -0.0000000040    0.0000000002   -0.0000000000   -0.0000000034    0.0000000000   -0.0000000000    0.0000000002   -0.0000000004   -0.0000000000    0.0071275258   -0.0000000000   -0.0000000067    0.0000000000    0.0025152631   -0.0000000000    0.0000000000    0.0000000005    0.0000000370    0.0000000000   -0.0000000001    0.0000000000    0.0000000000   -0.0004134307    0.0000000003   -0.0000000000    0.0000000009   -0.0000000000    0.0000000000    0.0000000001    0.0000000005    0.0000000000    0.0000000000   -0.0000000005    0.0000000000   -0.0000000012   -0.0000000000    0.0000000000    0.0000000002    0.0000000000   -0.0000000008   -0.0000000000   -0.0000000002    0.0009316644    0.0000000000   -0.0000000015   -0.0000000098   -0.0000000000    0.0000000001   -0.0000000000    0.0000000000   -0.0000000008    0.0000000002   -0.0000000000    0.0000000000   -0.0000000000   -0.0000000002   -0.0000000000    0.0000000000    0.0008338953
  0.0000000000    0.0000000001   -0.0000000000    0.0000000756    0.0000000000    0.0000000126   -0.0000000023   -0.0000000000    0.0043442116   -0.0000000000   -0.0000000074   -0.0000000000   -0.0000000000    0.0000000047   -0.0000000000    0.0000000000   -0.0000000024   -0.0000000000    0.0000000000   -0.0000000008   -0.0000000021   -0.0000000000    0.0000000000    0.0000000002   -0.0000000000   -0.0000000009    0.0000000011    0.0000000000   -0.0000000000    0.0000000003    0.0000000000    0.0072517028   -0.0000000000   -0.0000000040    0.0000000000    0.0025590830    0.0000000003   -0.0000000000    0.0000000000   -0.0000000374   -0.0000000000    0.0000000001   -0.0004206340   -0.0000000000    0.0000000000    0.0000000002    0.0000000000    0.0000000003   -0.0000000001    0.0000000000    0.0000000000   -0.0000000004    0.0000000003    0.0000000000   -0.0000000005   -0.0000000000    0.0000000000    0.0000000000    0.0000000000   -0.0000000002    0.0000000000   -0.0000000001   -0.0009478956   -0.0000000002   -0.0000000001   -0.0000000000   -0.0000000000    0.0000000100    0.0000000000    0.0000000001   -0.0000000001   -0.0000000000    0.0000000000   -0.0000000001    0.0000000001    0.0000000000    0.0000000000   -0.0000000000   -0.0008484225    0.0000000000
 -0.0000000010    0.0000000000    0.6963288830    0.0000000072    0.0000000343    0.0000000000   -0.0000000000   -0.0000000126    0.0000000000   -0.0000000698   -0.0000000000    0.0000000072    0.0134128927    0.0000000001   -0.0104727516    0.0000000001   -0.0000000000    0.0000000052   -0.0000004589    0.0000000000   -0.0000000000   -0.0000000017    0.0000000037   -0.0000000000   -0.0122495957   -0.0000000001   -0.0000000000    0.0000000034    0.0000000050    0.0000000000   -0.0000000164   -0.0000000000    0.0000000008   -0.0000000000    0.0000000011    0.0000000000    0.0000000000   -0.0000000001   -0.0000000003   -0.0000000000   -0.0000000021    0.0000000000   -0.0000000000    0.0000000006   -0.0000000043    0.0000000000   -0.0029937380    0.0000000000    0.0000000000   -0.0000000006   -0.0000000013   -0.0000000000   -0.0000000000    0.0000000000   -0.0000000000    0.0027732547   -0.0000000235    0.0000000000   -0.0000000001   -0.0000000000    0.0000000017    0.0000000000    0.0000000000   -0.0000000005    0.0000000028   -0.0011840319    0.0000000000   -0.0000000000   -0.0000000002    0.0000000000   -0.0000000001    0.0001790887   -0.0000000005    0.0000000000    0.0000000000   -0.0000000009    0.0000000003   -0.0000000000   -0.0000000000   -0.0000000015
 -0.0000000000    0.0000000002    0.0000000071   -0.7084600644    0.0000000000    0.0000000262    0.0000000149   -0.0000000000    0.0000000108   -0.0000000000   -0.0000000013   -0.0000000000    0.0000000001   -0.0136465782   -0.0000000001   -0.0106552101    0.0000000088   -0.0000000000   -0.0000000000   -0.0000004671    0.0000000000   -0.0000000000    0.0000000000    0.0000000018   -0.0000000001    0.0124629999    0.0000000004    0.0000000000    0.0000000000   -0.0000000017   -0.0000000000   -0.0000000031   -0.0000000000   -0.0000000004    0.0000000000    0.0000000005    0.0000000000   -0.0000000000    0.0000000000    0.0000000000    0.0000000000    0.0000000034    0.0000000002    0.0000000000    0.0000000000   -0.0000000013   -0.0000000000   -0.0030458932    0.0000000009   -0.0000000000   -0.0000000000    0.0000000004   -0.0000000009    0.0000000000    0.0028215715    0.0000000000    0.0000000000    0.0000000248   -0.0000000000    0.0000000000    0.0000000000   -0.0000000001   -0.0000000000   -0.0000000000   -0.0012046609   -0.0000000029    0.0000000000    0.0000000000   -0.0000000000   -0.0000000001   -0.0001822072   -0.0000000001   -0.0000000000    0.0000000003   -0.0000000001   -0.0000000000    0.0000000000   -0.0000000000    0.0000000003   -0.0000000000
 -0.0000000376   -0.0000000000    0.0000000344    0.0000000000    0.0000000225   -0.0000000000   -0.0000000000   -0.0000000069   -0.0000000000    0.0000014356   -0.0000000000    0.0000000014   -0.0000000005    0.0000000000    0.0000000001    0.0000000000   -0.0000000000    0.0000000067    0.0000000360    0.0000000000    0.0000000000   -0.0000000005   -0.0000000067    0.0000000000   -0.0000000011   -0.0000000000    0.0000000000    0.0000000003    0.0000000036    0.0000000000    0.0000000199    0.0000000000    0.0000000001    0.0000000000   -0.0000000766   -0.0000000000   -0.0000000000   -0.0000000010    0.0017356753   -0.0000000000    0.0000000002   -0.0000000000   -0.0000000000    0.0000000240   -0.0000000002    0.0000000000   -0.0000000000    0.0000000000    0.0000000000    0.0000000002    0.0000000000   -0.0000000000    0.0000000000    0.0000000002   -0.0000000000   -0.0000000002    0.0000000012   -0.0000000000    0.0000000002    0.0000000000    0.0000000001    0.0000000000    0.0000000000   -0.0000000030   -0.0000000000    0.0000000000   -0.0012083207   -0.0000000000   -0.0000000007    0.0000000000   -0.0000000000    0.0000000001    0.0000000002   -0.0000000000   -0.0000000000   -0.0000000000   -0.0000000000    0.0000000000    0.0000000000   -0.0000000056
 -0.0000000000    0.0000000196    0.0000000000   -0.0000000092    0.0000000000    0.0000000071   -0.0000000007   -0.0000000000   -0.0000013799   -0.0000000000   -0.0000000018   -0.0000000000   -0.0000000000   -0.0000000003    0.0000000000    0.0000000008    0.0000000014    0.0000000000   -0.0000000000    0.0000000064   -0.0000000001   -0.0000000000   -0.0000000000    0.0000000054   -0.0000000000   -0.0000000002   -0.0000000001   -0.0000000000   -0.0000000000    0.0000000008   -0.0000000000    0.0000000151    0.0000000000   -0.0000000004    0.0000000000   -0.0000000774   -0.0000000004    0.0000000000   -0.0000000000   -0.0017659165   -0.0000000000   -0.0000000001    0.0000000243    0.0000000000    0.0000000000    0.0000000001   -0.0000000000    0.0000000001   -0.0000000002   -0.0000000000    0.0000000000    0.0000000001    0.0000000004   -0.0000000000   -0.0000000001    0.0000000000   -0.0000000000   -0.0000000001   -0.0000000000    0.0000000003    0.0000000000    0.0000000000    0.0000000029    0.0000000000    0.0000000001    0.0000000000   -0.0000000000    0.0012293714    0.0000000000    0.0000000003    0.0000000001    0.0000000000    0.0000000000    0.0000000003   -0.0000000000    0.0000000000    0.0000000000    0.0000000000    0.0000000056    0.0000000000

# Root 16  E=0.4123243195 Ha  11.219922 eV
  0.0000000000    0.0000000000    0.0000000000    0.0000000000    0.0000000000    0.0000000000    0.0000000000    0.0000000000    0.0000000000    0.0000000000    0.0000000000    0.0000000000    0.0000000000    0.0000000000    0.0000000000    0.0000000000    0.0000000000    0.0000000000    0.0000000000    0.0000000000    0.0000000000    0.0000000000    0.0000000000    0.0000000000    0.0000000000    0.0000000000    0.0000000000    0.0000000000    0.0000000000    0.0000000000    0.0000000000    0.0000000000    0.0000000000    0.0000000000    0.0000000000    0.0000000000    0.0000000000    0.0000000000    0.0000000000    0.0000000000    0.0000000000    0.0000000000    0.0000000000    0.0000000000    0.0000000000    0.0000000000    0.0000000000    0.0000000000    0.0000000000    0.0000000000    0.0000000000    0.0000000000    0.0000000000    0.0000000000    0.0000000000    0.0000000000    0.0000000000    0.0000000000    0.0000000000    0.0000000000    0.0000000000    0.0000000000    0.0000000000    0.0000000000    0.0000000000    0.0000000000    0.0000000000    0.0000000000    0.0000000000    0.0000000000    0.0000000000    0.0000000000    0.0000000000    0.0000000000    0.0000000000    0.0000000000    0.0000000000    0.0000000000    0.0000000000    0.0000000000
  0.0000000000    0.0000000000    0.0000000000    0.0000000000    0.0000000000    0.0000000000    0.0000000000    0.0000000000    0.0000000000    0.0000000000    0.0000000000    0.0000000000    0.0000000000    0.0000000000    0.0000000000    0.0000000000    0.0000000000    0.0000000000    0.0000000000    0.0000000000    0.0000000000    0.0000000000    0.0000000000    0.0000000000    0.0000000000    0.0000000000    0.0000000000    0.0000000000    0.0000000000    0.0000000000    0.0000000000    0.0000000000    0.0000000000    0.0000000000    0.0000000000    0.0000000000    0.0000000000    0.0000000000    0.0000000000    0.0000000000    0.0000000000    0.0000000000    0.0000000000    0.0000000000    0.0000000000    0.0000000000    0.0000000000    0.0000000000    0.0000000000    0.0000000000    0.0000000000    0.0000000000    0.0000000000    0.0000000000    0.0000000000    0.0000000000    0.0000000000    0.0000000000    0.0000000000    0.0000000000    0.0000000000    0.0000000000    0.0000000000    0.0000000000    0.0000000000    0.0000000000    0.0000000000    0.0000000000    0.0000000000    0.0000000000    0.0000000000    0.0000000000    0.0000000000    0.0000000000    0.0000000000    0.0000000000    0.0000000000    0.0000000000    0.0000000000    0.0000000000
  0.0000000000    0.0000000000    0.0000000000    0.0000000000    0.0000000000    0.0000000000    0.0000000000    0.0000000000    0.0000000000    0.0000000000    0.0000000000    0.0000000000    0.0000000000    0.0000000000    0.0000000000    0.0000000000    0.0000000000    0.0000000000    0.0000000000    0.0000000000    0.0000000000    0.0000000000    0.0000000000    0.0000000000    0.0000000000    0.0000000000    0.0000000000    0.0000000000    0.0000000000    0.0000000000    0.0000000000    0.0000000000    0.0000000000    0.0000000000    0.0000000000    0.0000000000    0.0000000000    0.0000000000    0.0000000000    0.0000000000    0.0000000000    0.0000000000    0.0000000000    0.0000000000    0.0000000000    0.0000000000    0.0000000000    0.0000000000    0.0000000000    0.0000000000    0.0000000000    0.0000000000    0.0000000000    0.0000000000    0.0000000000    0.0000000000    0.0000000000    0.0000000000    0.0000000000    0.0000000000    0.0000000000    0.0000000000    0.0000000000    0.0000000000    0.0000000000    0.0000000000    0.0000000000    0.0000000000    0.0000000000    0.0000000000    0.0000000000    0.0000000000    0.0000000000    0.0000000000    0.0000000000    0.0000000000    0.0000000000    0.0000000000    0.0000000000    0.0000000000
  0.0000000000    0.0000000000    0.0000000000    0.0000000000    0.0000000000    0.0000000000    0.0000000000    0.0000000000    0.0000000000    0.0000000000    0.0000000000    0.0000000000    0.0000000000    0.0000000000    0.0000000000    0.0000000000    0.0000000000    0.0000000000    0.0000000000    0.0000000000    0.0000000000    0.0000000000    0.0000000000    0.0000000000    0.0000000000    0.0000000000    0.0000000000    0.0000000000    0.0000000000    0.0000000000    0.0000000000    0.0000000000    0.0000000000    0.0000000000    0.0000000000    0.0000000000    0.0000000000    0.0000000000    0.0000000000    0.0000000000    0.0000000000    0.0000000000    0.0000000000    0.0000000000    0.0000000000    0.0000000000    0.0000000000    0.0000000000    0.0000000000    0.0000000000    0.0000000000    0.0000000000    0.0000000000    0.0000000000    0.0000000000    0.0000000000    0.0000000000    0.0000000000    0.0000000000    0.0000000000    0.0000000000    0.0000000000    0.0000000000    0.0000000000    0.0000000000    0.0000000000    0.0000000000    0.0000000000    0.0000000000    0.0000000000    0.0000000000    0.0000000000    0.0000000000    0.0000000000    0.0000000000    0.0000000000    0.0000000000    0.0000000000    0.0000000000    0.0000000000
 -0.0000000005    0.0000000000   -0.0000001736    0.0000000000    0.0000000235    0.0000000000   -0.0000000000   -0.0000000334    0.0000000000   -0.0039069983   -0.0000000000    0.0000000080    0.0000000013    0.0000000000   -0.0000000011    0.0000000000    0.0000000000   -0.0000000091   -0.0000000119    0.0000000000    0.0000000000    0.0000000008   -0.0000000022    0.0000000000    0.0000000046    0.0000000000   -0.0000000000   -0.0000000001   -0.0000000021    0.0000000000    0.0047231431    0.0000000000    0.0000000040   -0.0000000000    0.0009342753    0.0000000000   -0.0000000000   -0.0000000007   -0.0000000073    0.0000000000   -0.0000000015    0.0000000000    0.0000000000   -0.0003352091   -0.0000000007    0.0000000000    0.0000000003   -0.0000000000    0.0000000000   -0.0000000002    0.0000000001   -0.0000000000    0.0000000000    0.0000000001    0.0000000000   -0.0000000005   -0.0000000028    0.0000000000   -0.0000000000   -0.0000000000   -0.0000000002   -0.0000000000    0.0000000001   -0.0005821302    0.0000000000   -0.0000000005    0.0000000033    0.0000000000   -0.0000000005    0.0000000000    0.0000000000   -0.0000000002    0.0000000005    0.0000000000   -0.0000000000    0.0000000001   -0.0000000003   -0.0000000000    0.0000000000    0.0002012922
 -0.0000000000    0.0000000005   -0.0000000000   -0.0000000350    0.0000000000    0.0000000201    0.0000000172    0.0000000000   -0.0038401045   -0.0000000000   -0.0000000050   -0.0000000000   -0.0000000000   -0.0000000003    0.0000000000    0.0000000013   -0.0000000065   -0.0000000000   -0.0000000000   -0.0000000004   -0.0000000006    0.0000000000   -0.0000000000    0.0000000003    0.0000000000   -0.0000000005   -0.0000000017    0.0000000000   -0.0000000000   -0.0000000000    0.0000000000   -0.0046422674   -0.0000000000   -0.0000000017    0.0000000000   -0.0009182807    0.0000000000   -0.0000000000   -0.0000000000   -0.0000000077    0.0000000000    0.0000000000    0.0003294691    0.0000000000    0.0000000000    0.0000000007   -0.0000000000    0.0000000003   -0.0000000000    0.0000000000   -0.0000000000   -0.0000000003   -0.0000000001    0.0000000000    0.0000000000   -0.0000000000   -0.0000000000    0.0000000000    0.0000000000   -0.0000000000    0.0000000000   -0.0000000000   -0.0005721625   -0.0000000001    0.0000000001    0.0000000000   -0.0000000000    0.0000000036    0.0000000000    0.0000000001    0.0000000002    0.0000000000   -0.0000000000    0.0000000001    0.0000000001    0.0000000000   -0.0000000000   -0.0000000000    0.0001978455   -0.0000000000
  0.0000000000   -0.0000000009    0.0000000000   -0.0000000650   -0.0000000000    0.0170908096    0.0000000070    0.0000000000   -0.0000000110   -0.0000000000   -0.0000000018   -0.0000000000   -0.0000000000   -0.0000000026    0.0000000000   -0.0000000118   -0.0171958245   -0.0000000003   -0.0000000000    0.0000000009    0.0000000000   -0.0000000000   -0.0000000000   -0.0000000002   -0.0000000000   -0.0000000006   -0.0000000027    0.0000000000    0.0000000000   -0.0037480554    0.0000000000   -0.0000000011    0.0000000000    0.0000000008    0.0000000000   -0.0000000007   -0.0000000368    0.0000000000   -0.0000000000   -0.0000000002   -0.0000000000   -0.0000000001   -0.0000000003   -0.0000000000   -0.0000000000   -0.0002432069   -0.0000000000    0.0000000003   -0.0000000000    0.0000000000   -0.0000000000   -0.0000000000   -0.0012495279   -0.0000000000    0.0000000003    0.0000000000   -0.0000000000   -0.0000000002   -0.0000000000    0.0000000062   -0.0000000000    0.0000000001   -0.0000000001   -0.0000000000    0.0000000005    0.0000000000    0.0000000000   -0.0000000000   -0.0000000000   -0.0000000001   -0.0000000001   -0.0000000000   -0.0000000000    0.0008769881    0.0000000002    0.0000000000   -0.0000000000   -0.0000000001    0.0000000001   -0.0000000000
  0.0000000040    0.0000000000    0.0000001188   -0.0000000000   -0.0173885359   -0.0000000000   -0.0000000000    0.0000000442   -0.0000000000    0.0000000136    0.0000000000   -0.0000000054   -0.0000000008    0.0000000000    0.0000000210   -0.0000000000   -0.0000000003    0.0174953785   -0.0000000048   -0.0000000000    0.0000000000   -0.0000000009   -0.0000000064   -0.0000000000   -0.0000000048    0.0000000000    0.0000000000    0.0000000088    0.0038133572    0.0000000000   -0.0000000015   -0.0000000000    0.0000000002   -0.0000000000   -0.0000000013   -0.0000000000    0.0000000000    0.0000000379    0.0000000001    0.0000000000   -0.0000000005    0.0000000000    0.0000000000   -0.0000000004   -0.0002474454    0.0000000000   -0.0000000005   -0.0000000000    0.0000000000   -0.0000000002   -0.0000000002    0.0000000000    0.0000000000   -0.0012712954    0.0000000000    0.0000000005   -0.0000000010    0.0000000000   -0.0000000057   -0.0000000000    0.0000000005    0.0000000000    0.0000000000   -0.0000000002   -0.0000000000    0.0000000006   -0.0000000001   -0.0000000000   -0.0000000012    0.0000000000   -0.0000000000    0.0000000002   -0.0008922665   -0.0000000000   -0.0000000000    0.0000000001    0.0000000010   -0.0000000000    0.0000000000   -0.0000000002
  0.0000092011   -0.0000000000   -0.0000001021    0.0000000000   -0.0000000172    0.0000000000   -0.0000000278   -0.0749909992   -0.0000000000    0.0000000026   -0.0000000068    0.0078919573    0.0000000016    0.0000000000    0.0000000018   -0.0000000000    0.0000000000   -0.0000000034   -0.0000000008    0.0000000000    0.0000000021    0.0056368172   -0.0000010400    0.0000000000    0.0000000010   -0.0000000000    0.0000000005   -0.0012492846   -0.0000000127    0.0000000000    0.0000000053    0.0000000000    0.0055152129    0.0000000017   -0.0000000001   -0.0000000000    0.0000000000    0.0000000000    0.0000000002    0.0000000000    0.0000000002    0.0000000000   -0.0000000000    0.0000000009    0.0000000026    0.0000000000    0.0000000013   -0.0000000000   -0.0000000000   -0.0000000353   -0.0011173338   -0.0000000004    0.0000000000    0.0000000001   -0.0000000000    0.0000000006    0.0000000008   -0.0000000000    0.0000000002    0.0000000000   -0.0013469432    0.0000000005   -0.0000000000    0.0000000006    0.0000000000   -0.0000000011   -0.0000000001    0.0000000000    0.0000000027   -0.0000000000   -0.0000000000    0.0000000002    0.0000000013   -0.0000000000    0.0000000001    0.0007063568   -0.0011043442    0.0000000004   -0.0000000000    0.0000000009
 -0.0000000000   -0.0000091888    0.0000000000    0.0000000056    0.0000000000    0.0000000053   -0.0737068358    0.0000000283   -0.0000000022   -0.0000000000    0.0077568125    0.0000000066   -0.0000000000    0.0000000001   -0.0000000000   -0.0000000004    0.0000000001    0.0000000000    0.0000000000    0.0000000002    0.0055402995   -0.0000000021    0.0000000000    0.0000010273   -0.0000000000   -0.0000000005    0.0012278958    0.0000000005    0.0000000000    0.0000000025   -0.0000000000    0.0000000023   -0.0000000018    0.0054207742    0.0000000000   -0.0000000004    0.0000000001   -0.0000000000   -0.0000000000    0.0000000000   -0.0000000000    0.0000000003   -0.0000000006   -0.0000000000   -0.0000000000    0.0000000005   -0.0000000000   -0.0000000000   -0.0000000351    0.0000000000    0.0000000004   -0.0010982034    0.0000000001   -0.0000000000   -0.0000000001   -0.0000000000   -0.0000000000   -0.0000000001   -0.0000000000    0.0000000000    0.0000000005    0.0013238782   -0.0000000000   -0.0000000000    0.0000000002    0.0000000000    0.0000000000    0.0000000000   -0.0000000000   -0.0000000027   -0.0000000001   -0.0000000000   -0.0000000000   -0.0000000002    0.0006942612   -0.0000000001    0.0000000004    0.0010854335   -0.0000000003   -0.0000000000
  0.0000000025    0.0000000000   -0.0000002590    0.0000000000    0.0000000669    0.0000000000   -0.0000000000   -0.0000000707    0.0000000001   -0.0043415776    0.0000000000   -0.0000000091   -0.0000000211    0.0000000000   -0.0000000018    0.0000000000    0.0000000000   -0.0000000085    0.0000000002   -0.0000000000    0.0000000000   -0.0000000041    0.0000000002    0.0000000000   -0.0000000035   -0.0000000000    0.0000000000    0.0000000002   -0.0000000003    0.0000000000    0.0072520512    0.0000000001   -0.0000000069    0.0000000000    0.0025591960    0.0000000001    0.0000000000    0.0000000004    0.0000000142   -0.0000000000   -0.0000000001    0.0000000000    0.0000000000   -0.0004205909    0.0000000003    0.0000000000    0.0000000010    0.0000000000   -0.0000000000    0.0000000001    0.0000000005   -0.0000000000   -0.0000000000   -0.0000000005   -0.0000000000   -0.0000000013   -0.0000000000    0.0000000000    0.0000000003    0.0000000000   -0.0000000009   -0.0000000000   -0.0000000002    0.0009479028    0.0000000000   -0.0000000016   -0.0000000094   -0.0000000000    0.0000000001   -0.0000000000    0.0000000000   -0.0000000008    0.0000000002    0.0000000000    0.0000000000   -0.0000000000   -0.0000000002    0.0000000000   -0.0000000000    0.0008484026
  0.0000000000   -0.0000000001   -0.0000000000   -0.0000000743    0.0000000000   -0.0000000131    0.0000000022   -0.0000000000   -0.0042671693   -0.0000000001    0.0000000073    0.0000000000   -0.0000000000   -0.0000000046   -0.0000000000   -0.0000000000    0.0000000017   -0.0000000000    0.0000000000    0.0000000014    0.0000000020   -0.0000000000    0.0000000000   -0.0000000002   -0.0000000000    0.0000000009   -0.0000000011    0.0000000000   -0.0000000000   -0.0000000005    0.0000000001   -0.0071278760    0.0000000000    0.0000000039    0.0000000001   -0.0025153741    0.0000000000    0.0000000000    0.0000000000    0.0000000137   -0.0000000000   -0.0000000003    0.0004133897    0.0000000000    0.0000000000   -0.0000000001    0.0000000000   -0.0000000003    0.0000000001    0.0000000000    0.0000000000    0.0000000004   -0.0000000001    0.0000000000    0.0000000005   -0.0000000000   -0.0000000000   -0.0000000001   -0.0000000000    0.0000000000   -0.0000000000    0.0000000001    0.0009316716    0.0000000002    0.0000000001    0.0000000000    0.0000000000   -0.0000000093   -0.0000000000   -0.0000000001    0.0000000001    0.0000000000    0.0000000000    0.0000000001   -0.0000000001   -0.0000000000    0.0000000000    0.0000000000    0.0008338746    0.0000000000
 -0.0000000010   -0.0000000000    0.7084604006   -0.0000000070    0.0000000349    0.0000000000    0.0000000000   -0.0000000132    0.0000000000   -0.0000000710   -0.0000000000    0.0000000069    0.0136471828   -0.0000000001   -0.0106557495   -0.0000000001   -0.0000000000    0.0000000053   -0.0000004542   -0.0000000000    0.0000000000   -0.0000000015    0.0000000037    0.0000000000   -0.0124627481    0.0000000001   -0.0000000000    0.0000000034    0.0000000051   -0.0000000000   -0.0000000167   -0.0000000000    0.0000000008   -0.0000000000    0.0000000012    0.0000000000   -0.0000000000   -0.0000000001   -0.0000000003    0.0000000000   -0.0000000921    0.0000000000   -0.0000000000    0.0000000006   -0.0000000044    0.0000000000   -0.0030459462   -0.0000000000    0.0000000000   -0.0000000005   -0.0000000013   -0.0000000000   -0.0000000000    0.0000000000    0.0000000000    0.0028216334   -0.0000000445    0.0000000000   -0.0000000001   -0.0000000000    0.0000000017    0.0000000000    0.0000000000   -0.0000000005    0.0000000028   -0.0012046393    0.0000000000   -0.0000000000   -0.0000000002    0.0000000000   -0.0000000001    0.0001821761   -0.0000000006    0.0000000000    0.0000000000   -0.0000000009    0.0000000003   -0.0000000000    0.0000000000   -0.0000000015
  0.0000000000   -0.0000000002    0.0000000071    0.6963292270    0.0000000000   -0.0000000258   -0.0000000153   -0.0000000000   -0.0000000106   -0.0000000000    0.0000000007    0.0000000000    0.0000000001    0.0134135091   -0.0000000001    0.0104732940   -0.0000000086    0.0000000000   -0.0000000000    0.0000004466    0.0000000004   -0.0000000000    0.0000000000   -0.0000000015   -0.0000000001   -0.0122493412   -0.0000000002    0.0000000000    0.0000000000    0.0000000017   -0.0000000000    0.0000000030    0.0000000000    0.0000000002    0.0000000000   -0.0000000005   -0.0000000000   -0.0000000000    0.0000000000   -0.0000000001   -0.0000000000   -0.0000000918   -0.0000000002   -0.0000000000   -0.0000000000    0.0000000013   -0.0000000000    0.0029937890   -0.0000000005    0.0000000000   -0.0000000000   -0.0000000003    0.0000000009    0.0000000000   -0.0027733199    0.0000000000   -0.0000000000   -0.0000000447    0.0000000000   -0.0000000000    0.0000000000    0.0000000001    0.0000000000    0.0000000000    0.0011840131    0.0000000028   -0.0000000000    0.0000000000    0.0000000000    0.0000000001    0.0001790552    0.0000000001   -0.0000000000   -0.0000000003    0.0000000000    0.0000000000    0.0000000000    0.0000000000   -0.0000000003   -0.0000000000
 -0.0000000382    0.0000000000    0.0000000350   -0.0000000000    0.0000000229    0.0000000000    0.0000000000   -0.0000000070    0.0000000000   -0.0000018965   -0.0000000000    0.0000000014   -0.0000000007   -0.0000000000    0.0000000000   -0.0000000000   -0.0000000000    0.0000000067    0.0000000366   -0.0000000000    0.0000000000   -0.0000000005   -0.0000000069   -0.0000000000   -0.0000000012    0.0000000000   -0.0000000000    0.0000000003    0.0000000036   -0.0000000000   -0.0000002221   -0.0000000000    0.0000000001   -0.0000000000   -0.0000000448   -0.0000000000   -0.0000000000   -0.0000000009    0.0017661270   -0.0000000000    0.0000000002    0.0000000000   -0.0000000000    0.0000000106   -0.0000000001   -0.0000000000   -0.0000000001   -0.0000000000    0.0000000000    0.0000000002    0.0000000000    0.0000000000   -0.0000000000    0.0000000005    0.0000000000   -0.0000000002    0.0000000013   -0.0000000000    0.0000000001    0.0000000000    0.0000000001   -0.0000000000   -0.0000000000    0.0000000047   -0.0000000000    0.0000000000   -0.0012293555   -0.0000000000   -0.0000000007    0.0000000000   -0.0000000000    0.0000000001   -0.0000000000   -0.0000000000    0.0000000000   -0.0000000000   -0.0000000000    0.0000000000   -0.0000000000   -0.0000000039
  0.0000000000   -0.0000000193    0.0000000000    0.0000000090   -0.0000000000   -0.0000000070    0.0000000007   -0.0000000000   -0.0000019434   -0.0000000000    0.0000000017    0.0000000000   -0.0000000000   -0.0000000005   -0.0000000000   -0.0000000007   -0.0000000012   -0.0000000000   -0.0000000000   -0.0000000063    0.0000000001   -0.0000000000   -0.0000000000   -0.0000000053   -0.0000000000    0.0000000001    0.0000000001    0.0000000000   -0.0000000000   -0.0000000008   -0.0000000000    0.0000002234    0.0000000000    0.0000000004   -0.0000000000    0.0000000435    0.0000000001   -0.0000000000    0.0000000000    0.0017358880    0.0000000000    0.0000000001   -0.0000000103   -0.0000000000    0.0000000000    0.0000000001    0.0000000000    0.0000000001    0.0000000002    0.0000000000   -0.0000000000   -0.0000000001    0.0000000002   -0.0000000000    0.0000000000   -0.0000000000    0.0000000000    0.0000000001    0.0000000000   -0.0000000002   -0.0000000000   -0.0000000000    0.0000000048    0.0000000000    0.0000000000    0.0000000000    0.0000000000   -0.0012083047   -0.0000000000   -0.0000000003   -0.0000000001   -0.0000000000   -0.0000000000    0.0000000002    0.0000000000   -0.0000000000   -0.0000000000   -0.0000000000   -0.0000000038   -0.0000000000
