# rinf: amplitudes  shape=(nroots=16, nocc_full=16, nvirt=80)
# nfrozen=4 (rows 0..3 are zero)  nocc_active=12
# Each block: root N (1-based), energy, then nocc_full rows of nvirt values

# Root 1  E=0.2992998635 Ha  8.144368 eV
  0.0000000000    0.0000000000    0.0000000000    0.0000000000    0.0000000000    0.0000000000    0.0000000000    0.0000000000    0.0000000000    0.0000000000    0.0000000000    0.0000000000    0.0000000000    0.0000000000    0.0000000000    0.0000000000    0.0000000000    0.0000000000    0.0000000000    0.0000000000    0.0000000000    0.0000000000    0.0000000000    0.0000000000    0.0000000000    0.0000000000    0.0000000000    0.0000000000    0.0000000000    0.0000000000    0.0000000000    0.0000000000    0.0000000000    0.0000000000    0.0000000000    0.0000000000    0.0000000000    0.0000000000    0.0000000000    0.0000000000    0.0000000000    0.0000000000    0.0000000000    0.0000000000    0.0000000000    0.0000000000    0.0000000000    0.0000000000    0.0000000000    0.0000000000    0.0000000000    0.0000000000    0.0000000000    0.0000000000    0.0000000000    0.0000000000    0.0000000000    0.0000000000    0.0000000000    0.0000000000    0.0000000000    0.0000000000    0.0000000000    0.0000000000    0.0000000000    0.0000000000    0.0000000000    0.0000000000    0.0000000000    0.0000000000    0.0000000000    0.0000000000    0.0000000000    0.0000000000    0.0000000000    0.0000000000    0.0000000000    0.0000000000    0.0000000000    0.0000000000
  0.0000000000    0.0000000000    0.0000000000    0.0000000000    0.0000000000    0.0000000000    0.0000000000    0.0000000000    0.0000000000    0.0000000000    0.0000000000    0.0000000000    0.0000000000    0.0000000000    0.0000000000    0.0000000000    0.0000000000    0.0000000000    0.0000000000    0.0000000000    0.0000000000    0.0000000000    0.0000000000    0.0000000000    0.0000000000    0.0000000000    0.0000000000    0.0000000000    0.0000000000    0.0000000000    0.0000000000    0.0000000000    0.0000000000    0.0000000000    0.0000000000    0.0000000000    0.0000000000    0.0000000000    0.0000000000    0.0000000000    0.0000000000    0.0000000000    0.0000000000    0.0000000000    0.0000000000    0.0000000000    0.0000000000    0.0000000000    0.0000000000    0.0000000000    0.0000000000    0.0000000000    0.0000000000    0.0000000000    0.0000000000    0.0000000000    0.0000000000    0.0000000000    0.0000000000    0.0000000000    0.0000000000    0.0000000000    0.0000000000    0.0000000000    0.0000000000    0.0000000000    0.0000000000    0.0000000000    0.0000000000    0.0000000000    0.0000000000    0.0000000000    0.0000000000    0.0000000000    0.0000000000    0.0000000000    0.0000000000    0.0000000000    0.0000000000    0.0000000000
  0.0000000000    0.0000000000    0.0000000000    0.0000000000    0.0000000000    0.0000000000    0.0000000000    0.0000000000    0.0000000000    0.0000000000    0.0000000000    0.0000000000    0.0000000000    0.0000000000    0.0000000000    0.0000000000    0.0000000000    0.0000000000    0.0000000000    0.0000000000    0.0000000000    0.0000000000    0.0000000000    0.0000000000    0.0000000000    0.0000000000    0.0000000000    0.0000000000    0.0000000000    0.0000000000    0.0000000000    0.0000000000    0.0000000000    0.0000000000    0.0000000000    0.0000000000    0.0000000000    0.0000000000    0.0000000000    0.0000000000    0.0000000000    0.0000000000    0.0000000000    0.0000000000    0.0000000000    0.0000000000    0.0000000000    0.0000000000    0.0000000000    0.0000000000    0.0000000000    0.0000000000    0.0000000000    0.0000000000    0.0000000000    0.0000000000    0.0000000000    0.0000000000    0.0000000000    0.0000000000    0.0000000000    0.0000000000    0.0000000000    0.0000000000    0.0000000000    0.0000000000    0.0000000000    0.0000000000    0.0000000000    0.0000000000    0.0000000000    0.0000000000    0.0000000000    0.0000000000    0.0000000000    0.0000000000    0.0000000000    0.0000000000    0.0000000000    0.0000000000
  0.0000000000    0.0000000000    0.0000000000    0.0000000000    0.0000000000    0.0000000000    0.0000000000    0.0000000000    0.0000000000    0.0000000000    0.0000000000    0.0000000000    0.0000000000    0.0000000000    0.0000000000    0.0000000000    0.0000000000    0.0000000000    0.0000000000    0.0000000000    0.0000000000    0.0000000000    0.0000000000    0.0000000000    0.0000000000    0.0000000000    0.0000000000    0.0000000000    0.0000000000    0.0000000000    0.0000000000    0.0000000000    0.0000000000    0.0000000000    0.0000000000    0.0000000000    0.0000000000    0.0000000000    0.0000000000    0.0000000000    0.0000000000    0.0000000000    0.0000000000    0.0000000000    0.0000000000    0.0000000000    0.0000000000    0.0000000000    0.0000000000    0.0000000000    0.0000000000    0.0000000000    0.0000000000    0.0000000000    0.0000000000    0.0000000000    0.0000000000    0.0000000000    0.0000000000    0.0000000000    0.0000000000    0.0000000000    0.0000000000    0.0000000000    0.0000000000    0.0000000000    0.0000000000    0.0000000000    0.0000000000    0.0000000000    0.0000000000    0.0000000000    0.0000000000    0.0000000000    0.0000000000    0.0000000000    0.0000000000    0.0000000000    0.0000000000    0.0000000000
  0.0000015568    0.0000000000    0.0000000013    0.0000000000   -0.0000000000   -0.0000000000   -0.0000000000    0.0135704103    0.0000000000    0.0000000012   -0.0000000136    0.0110251552   -0.0000000012    0.0000000000    0.0000000021   -0.0000000000   -0.0000000000    0.0000000025   -0.0000000019    0.0000000000   -0.0000000000    0.0066590403   -0.0000004734    0.0000000000    0.0000000008    0.0000000000   -0.0000000000   -0.0080829840   -0.0000000004   -0.0000000000    0.0000000005    0.0000000000    0.0124476894   -0.0000000007    0.0000000013    0.0000000000    0.0000000000    0.0000000029    0.0000000008    0.0000000000   -0.0000000015    0.0000000000   -0.0000000000    0.0000000044    0.0000000046   -0.0000000000    0.0000000024    0.0000000000    0.0000000000    0.0000001068    0.0025217601   -0.0000000000   -0.0000000000   -0.0000000016    0.0000000000    0.0000000012    0.0000000006   -0.0000000000   -0.0000000008   -0.0000000000   -0.0006233758   -0.0000000000    0.0000000000   -0.0000000003    0.0000000000   -0.0000000030   -0.0000000002    0.0000000000    0.0000000134   -0.0000000000   -0.0000000000    0.0000000011   -0.0000000013   -0.0000000000    0.0000000002   -0.0012354764    0.0006406663    0.0000000000   -0.0000000000    0.0000000019
 -0.0000000000   -0.0000015693    0.0000000000   -0.0000000003    0.0000000000    0.0000000005    0.0135804625    0.0000000000   -0.0000000008   -0.0000000000    0.0110333232    0.0000000136    0.0000000000   -0.0000000015    0.0000000000    0.0000000012   -0.0000000004   -0.0000000000   -0.0000000000    0.0000000011    0.0066639826    0.0000000000   -0.0000000000    0.0000004790   -0.0000000000   -0.0000000007    0.0080889647   -0.0000000000    0.0000000000   -0.0000000002   -0.0000000000    0.0000000006    0.0000000007    0.0124569133   -0.0000000000    0.0000000003   -0.0000000008    0.0000000000   -0.0000000000   -0.0000000003   -0.0000000000   -0.0000000166    0.0000000009    0.0000000000    0.0000000000    0.0000000004   -0.0000000000   -0.0000000079    0.0000001301    0.0000000000    0.0000000000    0.0025236344    0.0000000005    0.0000000000   -0.0000000031    0.0000000000    0.0000000000    0.0000000200   -0.0000000000    0.0000000001   -0.0000000000    0.0006238385   -0.0000000007   -0.0000000000    0.0000000058    0.0000000000   -0.0000000000    0.0000000002   -0.0000000000   -0.0000000209    0.0000000038    0.0000000000    0.0000000000    0.0000000010   -0.0012363892   -0.0000000002    0.0000000000   -0.0006411384   -0.0000000000   -0.0000000000
  0.0000000000   -0.0000000028   -0.0000000000   -0.0188126699    0.0000000000   -0.0000000002   -0.0000000001    0.0000000000   -0.0000000000   -0.0000000000    0.0000000015    0.0000000000   -0.0000000000   -0.0065475308    0.0000000000   -0.0072457866    0.0000000042   -0.0000000000    0.0000000000   -0.0000015848   -0.0000000019   -0.0000000000    0.0000000000   -0.0000000025    0.0000000000    0.0076320167   -0.0000000017   -0.0000000000    0.0000000000   -0.0000000004    0.0000000000   -0.0000000011    0.0000000000    0.0000000066    0.0000000000   -0.0000000008   -0.0000000007    0.0000000000    0.0000000000    0.0000000002   -0.0000000000   -0.0000006731   -0.0000000019   -0.0000000000   -0.0000000000    0.0000000028   -0.0000000000    0.0005759436   -0.0000000590    0.0000000000   -0.0000000000   -0.0000000349   -0.0000000032    0.0000000000    0.0000138487   -0.0000000000    0.0000000000    0.0000000706    0.0000000000   -0.0000000005    0.0000000000   -0.0000000231    0.0000000028    0.0000000000   -0.0003329662   -0.0000000008    0.0000000000    0.0000000003    0.0000000000    0.0000000186    0.0000213549    0.0000000000    0.0000000000   -0.0000000016   -0.0000000092   -0.0000000000   -0.0000000000   -0.0000000143   -0.0000000010   -0.0000000000
  0.0000000391    0.0000000000   -0.0187987544    0.0000000000    0.0000000006   -0.0000000000   -0.0000000000    0.0000000091    0.0000000000   -0.0000000007   -0.0000000000    0.0000000066   -0.0065426830    0.0000000000    0.0072404343    0.0000000000    0.0000000000   -0.0000000094    0.0000015844    0.0000000000   -0.0000000000   -0.0000000002   -0.0000000059    0.0000000000    0.0076263833   -0.0000000000   -0.0000000000   -0.0000000109    0.0000000029    0.0000000000    0.0000000018   -0.0000000000    0.0000000091   -0.0000000000   -0.0000000021   -0.0000000000   -0.0000000000   -0.0000000005    0.0000000016   -0.0000000000   -0.0000007107    0.0000000000    0.0000000000   -0.0000000081   -0.0000000087    0.0000000000   -0.0005754923   -0.0000000000    0.0000000000    0.0000000012   -0.0000000009    0.0000000000    0.0000000000    0.0000000009   -0.0000000000   -0.0000138325    0.0000001175   -0.0000000000   -0.0000000008   -0.0000000000    0.0000000072    0.0000000000   -0.0000000000    0.0000000049   -0.0000000008    0.0003327015    0.0000000013    0.0000000000   -0.0000000011    0.0000000000   -0.0000000000    0.0000213604    0.0000000069   -0.0000000000    0.0000000000   -0.0000000084   -0.0000000039    0.0000000000    0.0000000000   -0.0000000058
 -0.0000000016    0.0000000000   -0.0000000022    0.0000000000   -0.0000000010   -0.0000000000    0.0000000000   -0.0000000014    0.0000000065    0.0174775627    0.0000000000   -0.0000000011   -0.0000000019   -0.0000000000    0.0000000002    0.0000000000   -0.0000000000    0.0000000004    0.0000000006    0.0000000000    0.0000000000    0.0000000009    0.0000000001    0.0000000000    0.0000000033    0.0000000000    0.0000000000    0.0000000007   -0.0000000029   -0.0000000000    0.0092845933   -0.0000000035   -0.0000000021   -0.0000000000   -0.0012235398    0.0000000005    0.0000000000   -0.0000000050   -0.0000008134   -0.0000000000    0.0000000009   -0.0000000000    0.0000000008   -0.0020487610    0.0000000057    0.0000000000    0.0000000038   -0.0000000000    0.0000000000    0.0000000006    0.0000000044    0.0000000000    0.0000000000   -0.0000000036   -0.0000000000    0.0000000029   -0.0000000009    0.0000000000    0.0000000005    0.0000000000   -0.0000000049    0.0000000000   -0.0000000000   -0.0002422329    0.0000000000   -0.0000000049    0.0000001698    0.0000000000    0.0000000002   -0.0000000000    0.0000000000   -0.0000000002   -0.0000000011    0.0000000000    0.0000000000    0.0000000030   -0.0000000003    0.0000000000    0.0000000004    0.0011079742
  0.0000000000    0.0000000001    0.0000000000    0.0000000003    0.0000000000   -0.0000000009    0.0000000002    0.0000000000    0.0174905049   -0.0000000065    0.0000000001    0.0000000000    0.0000000000   -0.0000000006   -0.0000000000    0.0000000003   -0.0000000015   -0.0000000000   -0.0000000000    0.0000000002    0.0000000009   -0.0000000000   -0.0000000000    0.0000000002   -0.0000000000    0.0000000004    0.0000000002   -0.0000000000    0.0000000000    0.0000000000   -0.0000000034   -0.0092914725    0.0000000000   -0.0000000005    0.0000000005    0.0012244498    0.0000000012    0.0000000000    0.0000000000   -0.0000008143   -0.0000000000   -0.0000000016    0.0020502888    0.0000000008   -0.0000000000    0.0000000002   -0.0000000000   -0.0000000037    0.0000000028   -0.0000000000   -0.0000000000    0.0000000043    0.0000000004    0.0000000000   -0.0000000023   -0.0000000000    0.0000000000    0.0000000022    0.0000000000   -0.0000000001    0.0000000000    0.0000000033   -0.0002424141    0.0000000000    0.0000000038    0.0000000000   -0.0000000000    0.0000001695   -0.0000000000   -0.0000000008    0.0000000004    0.0000000000    0.0000000000    0.0000000004    0.0000000016   -0.0000000000    0.0000000000    0.0000000013    0.0011087939   -0.0000000004
  0.0000022619    0.0000000000   -0.0000000027   -0.0000000000    0.0000000001   -0.0000000000   -0.0000000000    0.0004311001    0.0000000000    0.0000000009    0.0000000362   -0.0290520505   -0.0000000026   -0.0000000000    0.0000000009    0.0000000000    0.0000000000    0.0000000004   -0.0000000013   -0.0000000000    0.0000000002   -0.0123109908    0.0000030950    0.0000000000    0.0000000025   -0.0000000000    0.0000000000    0.0011495313   -0.0000000007    0.0000000000   -0.0000000003   -0.0000000000   -0.0252316425    0.0000000018   -0.0000000002    0.0000000000    0.0000000000    0.0000000001   -0.0000000004    0.0000000000   -0.0000000050    0.0000000000    0.0000000000    0.0000000000    0.0000000003   -0.0000000000   -0.0000000001    0.0000000000   -0.0000000000    0.0000002617   -0.0025503220    0.0000000000   -0.0000000000    0.0000000008   -0.0000000000   -0.0000000006   -0.0000000012   -0.0000000000    0.0000000010    0.0000000000    0.0010117161    0.0000000000    0.0000000000   -0.0000000016   -0.0000000000    0.0000000009    0.0000000000    0.0000000000   -0.0000000721    0.0000000000   -0.0000000000    0.0000000010   -0.0000000013    0.0000000000   -0.0000000002    0.0011323635   -0.0008073451   -0.0000000000   -0.0000000000    0.0000000006
  0.0000000000   -0.0000022657    0.0000000000    0.0000000007   -0.0000000000    0.0000000003    0.0004313866    0.0000000000    0.0000000002   -0.0000000000   -0.0290736104   -0.0000000362    0.0000000000    0.0000000003   -0.0000000000    0.0000000012   -0.0000000005    0.0000000000   -0.0000000000    0.0000000009   -0.0123201164   -0.0000000002    0.0000000000   -0.0000030941   -0.0000000000   -0.0000000003   -0.0011503949    0.0000000000   -0.0000000000    0.0000000001   -0.0000000000    0.0000000004   -0.0000000018   -0.0252503559    0.0000000000    0.0000000003   -0.0000000004    0.0000000000   -0.0000000000   -0.0000000002   -0.0000000000   -0.0000000124    0.0000000003    0.0000000000    0.0000000000   -0.0000000014    0.0000000000   -0.0000000056    0.0000002792    0.0000000000   -0.0000000000   -0.0025522061    0.0000000009   -0.0000000000   -0.0000000025   -0.0000000000    0.0000000000    0.0000000133    0.0000000000   -0.0000000006    0.0000000000   -0.0010124602   -0.0000000009   -0.0000000000    0.0000000048    0.0000000000    0.0000000000    0.0000000001    0.0000000000    0.0000000676    0.0000000028    0.0000000000   -0.0000000000   -0.0000000001    0.0011332078    0.0000000002   -0.0000000000    0.0008079460    0.0000000005    0.0000000000
 -0.0000000064   -0.0000000000    0.0000000005   -0.0000000000    0.0010017852    0.0000000000    0.0000000000   -0.0000000019    0.0000000000    0.0000000009   -0.0000000000    0.0000000010    0.0000000015   -0.0000000000   -0.0000000274    0.0000000000    0.0000000002   -0.0227952931    0.0000000000    0.0000000000   -0.0000000000   -0.0000000002    0.0000000000    0.0000000000   -0.0000000036    0.0000000000    0.0000000000   -0.0000000012    0.0069324915    0.0000000001    0.0000000017    0.0000000000    0.0000000024   -0.0000000000   -0.0000000024    0.0000000000   -0.0000000000   -0.0000009503   -0.0000000060    0.0000000000    0.0000000003   -0.0000000000    0.0000000000   -0.0000000051   -0.0033671001    0.0000000000   -0.0000000015   -0.0000000000    0.0000000000   -0.0000000020   -0.0000000023    0.0000000000    0.0000000000   -0.0045906860   -0.0000000000   -0.0000000023   -0.0000000004    0.0000000000   -0.0000003665   -0.0000000000    0.0000000041    0.0000000000   -0.0000000000    0.0000000006   -0.0000000000    0.0000000038   -0.0000000004   -0.0000000000   -0.0000000006    0.0000000000   -0.0000000000    0.0000000011   -0.0021675854   -0.0000000000    0.0000000000   -0.0000000033   -0.0000000008    0.0000000000    0.0000000000   -0.0000000020
  0.0000000000    0.0000000031    0.0000000000    0.0000000007    0.0000000000   -0.0010024918   -0.0000000003   -0.0000000000    0.0000000009   -0.0000000000   -0.0000000001   -0.0000000000    0.0000000000    0.0000000010   -0.0000000000    0.0000000155    0.0228122021    0.0000000002    0.0000000000   -0.0000000001   -0.0000000010   -0.0000000000   -0.0000000000   -0.0000000003   -0.0000000000   -0.0000000007   -0.0000000007    0.0000000000    0.0000000001   -0.0069376321    0.0000000000   -0.0000000011    0.0000000000    0.0000000011   -0.0000000000   -0.0000000009    0.0000009510   -0.0000000000   -0.0000000000   -0.0000000013    0.0000000000    0.0000000028   -0.0000000006   -0.0000000000   -0.0000000000   -0.0033695928   -0.0000000000    0.0000000063   -0.0000000050    0.0000000000   -0.0000000000   -0.0000000067   -0.0045940906   -0.0000000000    0.0000000037   -0.0000000000   -0.0000000000   -0.0000000033   -0.0000000000    0.0000003659    0.0000000000   -0.0000000055    0.0000000002    0.0000000000   -0.0000000059   -0.0000000000    0.0000000000   -0.0000000002    0.0000000000    0.0000000016   -0.0000000003   -0.0000000000   -0.0000000000    0.0021691946   -0.0000000027   -0.0000000000   -0.0000000000   -0.0000000018   -0.0000000001   -0.0000000000
  0.0979906491    0.0000000000    0.0000000142   -0.0000000000   -0.0000000057    0.0000000000    0.0000000000   -0.0000006030   -0.0000000000   -0.0000000005    0.0000000000   -0.0000001763    0.0000000193   -0.0000000000   -0.0000000242    0.0000000000   -0.0000000000   -0.0000000051    0.0000000003   -0.0000000000   -0.0000000000   -0.0000003121   -0.0196805783    0.0000000000   -0.0000000150    0.0000000000   -0.0000000000    0.0000014384   -0.0000000020    0.0000000000   -0.0000000005    0.0000000000   -0.0000008355    0.0000000000    0.0000000041    0.0000000000    0.0000000000    0.0000000037    0.0000000040    0.0000000000   -0.0000000036    0.0000000000   -0.0000000000    0.0000000134    0.0000000129   -0.0000000000    0.0000000091    0.0000000000   -0.0000000000   -0.0018668270   -0.0000000227    0.0000000000   -0.0000000000   -0.0000000053    0.0000000000    0.0000000067    0.0000000033   -0.0000000000    0.0000000028    0.0000000000   -0.0000000286   -0.0000000000    0.0000000000   -0.0000000022    0.0000000000   -0.0000000119   -0.0000000021   -0.0000000000    0.0006396648   -0.0000000002    0.0000000000   -0.0000000109   -0.0000000062   -0.0000000000   -0.0000000000    0.0000000507   -0.0000000352   -0.0000000000   -0.0000000000    0.0000000062
  0.0000000000   -0.0980633899    0.0000000000    0.0000000037   -0.0000000000    0.0000000013   -0.0000006043   -0.0000000000    0.0000000001   -0.0000000000   -0.0000001803   -0.0000000000    0.0000000000    0.0000000002    0.0000000000    0.0000000079    0.0000000035    0.0000000000   -0.0000000000    0.0000000043   -0.0000003151    0.0000000000    0.0000000000    0.0196951746   -0.0000000000   -0.0000000108   -0.0000014504    0.0000000000   -0.0000000000   -0.0000000002   -0.0000000000    0.0000000014   -0.0000000000   -0.0000008423    0.0000000000   -0.0000000011    0.0000000021   -0.0000000000    0.0000000000    0.0000000022   -0.0000000000   -0.0000000854   -0.0000000047   -0.0000000000   -0.0000000000   -0.0000000027   -0.0000000000   -0.0000000269   -0.0018680854    0.0000000000   -0.0000000000    0.0000000048    0.0000000028   -0.0000000000   -0.0000000035    0.0000000000    0.0000000000    0.0000001012   -0.0000000000    0.0000000016   -0.0000000000    0.0000000262   -0.0000000037   -0.0000000000    0.0000000109    0.0000000000    0.0000000000   -0.0000000014   -0.0000000002   -0.0006401761    0.0000000241    0.0000000000    0.0000000000    0.0000000016    0.0000000465    0.0000000000   -0.0000000000    0.0000000590    0.0000000039   -0.0000000000

# Root 2  E=0.3075862447 Ha  8.369852 eV
  0.0000000000    0.0000000000    0.0000000000    0.0000000000    0.0000000000    0.0000000000    0.0000000000    0.0000000000    0.0000000000    0.0000000000    0.0000000000    0.0000000000    0.0000000000    0.0000000000    0.0000000000    0.0000000000    0.0000000000    0.0000000000    0.0000000000    0.0000000000    0.0000000000    0.0000000000    0.0000000000    0.0000000000    0.0000000000    0.0000000000    0.0000000000    0.0000000000    0.0000000000    0.0000000000    0.0000000000    0.0000000000    0.0000000000    0.0000000000    0.0000000000    0.0000000000    0.0000000000    0.0000000000    0.0000000000    0.0000000000    0.0000000000    0.0000000000    0.0000000000    0.0000000000    0.0000000000    0.0000000000    0.0000000000    0.0000000000    0.0000000000    0.0000000000    0.0000000000    0.0000000000    0.0000000000    0.0000000000    0.0000000000    0.0000000000    0.0000000000    0.0000000000    0.0000000000    0.0000000000    0.0000000000    0.0000000000    0.0000000000    0.0000000000    0.0000000000    0.0000000000    0.0000000000    0.0000000000    0.0000000000    0.0000000000    0.0000000000    0.0000000000    0.0000000000    0.0000000000    0.0000000000    0.0000000000    0.0000000000    0.0000000000    0.0000000000    0.0000000000
  0.0000000000    0.0000000000    0.0000000000    0.0000000000    0.0000000000    0.0000000000    0.0000000000    0.0000000000    0.0000000000    0.0000000000    0.0000000000    0.0000000000    0.0000000000    0.0000000000    0.0000000000    0.0000000000    0.0000000000    0.0000000000    0.0000000000    0.0000000000    0.0000000000    0.0000000000    0.0000000000    0.0000000000    0.0000000000    0.0000000000    0.0000000000    0.0000000000    0.0000000000    0.0000000000    0.0000000000    0.0000000000    0.0000000000    0.0000000000    0.0000000000    0.0000000000    0.0000000000    0.0000000000    0.0000000000    0.0000000000    0.0000000000    0.0000000000    0.0000000000    0.0000000000    0.0000000000    0.0000000000    0.0000000000    0.0000000000    0.0000000000    0.0000000000    0.0000000000    0.0000000000    0.0000000000    0.0000000000    0.0000000000    0.0000000000    0.0000000000    0.0000000000    0.0000000000    0.0000000000    0.0000000000    0.0000000000    0.0000000000    0.0000000000    0.0000000000    0.0000000000    0.0000000000    0.0000000000    0.0000000000    0.0000000000    0.0000000000    0.0000000000    0.0000000000    0.0000000000    0.0000000000    0.0000000000    0.0000000000    0.0000000000    0.0000000000    0.0000000000
  0.0000000000    0.0000000000    0.0000000000    0.0000000000    0.0000000000    0.0000000000    0.0000000000    0.0000000000    0.0000000000    0.0000000000    0.0000000000    0.0000000000    0.0000000000    0.0000000000    0.0000000000    0.0000000000    0.0000000000    0.0000000000    0.0000000000    0.0000000000    0.0000000000    0.0000000000    0.0000000000    0.0000000000    0.0000000000    0.0000000000    0.0000000000    0.0000000000    0.0000000000    0.0000000000    0.0000000000    0.0000000000    0.0000000000    0.0000000000    0.0000000000    0.0000000000    0.0000000000    0.0000000000    0.0000000000    0.0000000000    0.0000000000    0.0000000000    0.0000000000    0.0000000000    0.0000000000    0.0000000000    0.0000000000    0.0000000000    0.0000000000    0.0000000000    0.0000000000    0.0000000000    0.0000000000    0.0000000000    0.0000000000    0.0000000000    0.0000000000    0.0000000000    0.0000000000    0.0000000000    0.0000000000    0.0000000000    0.0000000000    0.0000000000    0.0000000000    0.0000000000    0.0000000000    0.0000000000    0.0000000000    0.0000000000    0.0000000000    0.0000000000    0.0000000000    0.0000000000    0.0000000000    0.0000000000    0.0000000000    0.0000000000    0.0000000000    0.0000000000
  0.0000000000    0.0000000000    0.0000000000    0.0000000000    0.0000000000    0.0000000000    0.0000000000    0.0000000000    0.0000000000    0.0000000000    0.0000000000    0.0000000000    0.0000000000    0.0000000000    0.0000000000    0.0000000000    0.0000000000    0.0000000000    0.0000000000    0.0000000000    0.0000000000    0.0000000000    0.0000000000    0.0000000000    0.0000000000    0.0000000000    0.0000000000    0.0000000000    0.0000000000    0.0000000000    0.0000000000    0.0000000000    0.0000000000    0.0000000000    0.0000000000    0.0000000000    0.0000000000    0.0000000000    0.0000000000    0.0000000000    0.0000000000    0.0000000000    0.0000000000    0.0000000000    0.0000000000    0.0000000000    0.0000000000    0.0000000000    0.0000000000    0.0000000000    0.0000000000    0.0000000000    0.0000000000    0.0000000000    0.0000000000    0.0000000000    0.0000000000    0.0000000000    0.0000000000    0.0000000000    0.0000000000    0.0000000000    0.0000000000    0.0000000000    0.0000000000    0.0000000000    0.0000000000    0.0000000000    0.0000000000    0.0000000000    0.0000000000    0.0000000000    0.0000000000    0.0000000000    0.0000000000    0.0000000000    0.0000000000    0.0000000000    0.0000000000    0.0000000000
  0.0000016269    0.0000000000   -0.0000000013    0.0000000000   -0.0000000001   -0.0000000000    0.0000000000   -0.0135763722   -0.0000000000   -0.0000000012    0.0000000136   -0.0110342461    0.0000000011    0.0000000000   -0.0000000021   -0.0000000000    0.0000000000   -0.0000000026    0.0000000019   -0.0000000000    0.0000000000   -0.0066693991    0.0000017261    0.0000000000   -0.0000000008    0.0000000000    0.0000000000    0.0080887542    0.0000000004    0.0000000000   -0.0000000005    0.0000000000   -0.0124625330    0.0000000008   -0.0000000013    0.0000000000   -0.0000000000   -0.0000000030   -0.0000000008    0.0000000000    0.0000000015   -0.0000000000    0.0000000000   -0.0000000044   -0.0000000046    0.0000000000   -0.0000000024    0.0000000000    0.0000000000    0.0000000932   -0.0025251028    0.0000000000    0.0000000000    0.0000000015    0.0000000000   -0.0000000012   -0.0000000006    0.0000000000    0.0000000008    0.0000000000    0.0006244084    0.0000000000   -0.0000000000    0.0000000003   -0.0000000000    0.0000000030    0.0000000002    0.0000000000    0.0000000254   -0.0000000000    0.0000000000   -0.0000000010    0.0000000013    0.0000000000   -0.0000000002    0.0012369186   -0.0006411380   -0.0000000000   -0.0000000000   -0.0000000019
  0.0000000000    0.0000016144   -0.0000000000   -0.0000000003   -0.0000000000    0.0000000006    0.0135663094    0.0000000000   -0.0000000008   -0.0000000000    0.0110260688    0.0000000136   -0.0000000000   -0.0000000014    0.0000000000    0.0000000012   -0.0000000003   -0.0000000000    0.0000000000    0.0000000011    0.0066644655    0.0000000000   -0.0000000000    0.0000017301   -0.0000000000   -0.0000000008    0.0080827521   -0.0000000000    0.0000000000   -0.0000000002   -0.0000000000    0.0000000006    0.0000000007    0.0124532992   -0.0000000000    0.0000000003   -0.0000000007    0.0000000000   -0.0000000000   -0.0000000003   -0.0000000000   -0.0000000166    0.0000000009    0.0000000000    0.0000000000    0.0000000004   -0.0000000000   -0.0000000079   -0.0000000699    0.0000000000    0.0000000000    0.0025232375    0.0000000005    0.0000000000   -0.0000000031    0.0000000000    0.0000000000    0.0000000200   -0.0000000000    0.0000000000   -0.0000000000    0.0006239466   -0.0000000007   -0.0000000000    0.0000000058    0.0000000000   -0.0000000000    0.0000000002    0.0000000000    0.0000000179    0.0000000038    0.0000000000    0.0000000000    0.0000000010   -0.0012359994   -0.0000000002    0.0000000000   -0.0006406603   -0.0000000000   -0.0000000000
 -0.0000000000   -0.0000000028    0.0000000000   -0.0187895695   -0.0000000000   -0.0000000002   -0.0000000002   -0.0000000000   -0.0000000002   -0.0000000000    0.0000000015    0.0000000000    0.0000000000   -0.0065601629   -0.0000000000   -0.0072330792    0.0000000042   -0.0000000000    0.0000000000    0.0000005870   -0.0000000019   -0.0000000000   -0.0000000000   -0.0000000025   -0.0000000000    0.0076237914   -0.0000000017    0.0000000000   -0.0000000000   -0.0000000004   -0.0000000000   -0.0000000011    0.0000000000    0.0000000066    0.0000000000   -0.0000000008   -0.0000000007    0.0000000000   -0.0000000000    0.0000000003    0.0000000000    0.0000007219   -0.0000000019   -0.0000000000    0.0000000000    0.0000000028    0.0000000000    0.0005744016   -0.0000000589   -0.0000000000    0.0000000000   -0.0000000349   -0.0000000032    0.0000000000    0.0000135124    0.0000000000   -0.0000000000   -0.0000001535    0.0000000000   -0.0000000005    0.0000000000   -0.0000000231    0.0000000027    0.0000000000   -0.0003326389   -0.0000000008   -0.0000000000    0.0000000003    0.0000000000    0.0000000186    0.0000217406    0.0000000000   -0.0000000000   -0.0000000016   -0.0000000092   -0.0000000000    0.0000000000   -0.0000000143   -0.0000000010    0.0000000000
 -0.0000000391   -0.0000000000    0.0188035162    0.0000000000   -0.0000000006   -0.0000000000   -0.0000000000   -0.0000000089   -0.0000000000    0.0000000006    0.0000000000   -0.0000000065    0.0065650274    0.0000000000   -0.0072384553    0.0000000000   -0.0000000000    0.0000000094    0.0000005867   -0.0000000000   -0.0000000000    0.0000000002    0.0000000059    0.0000000000   -0.0076294622   -0.0000000000   -0.0000000000    0.0000000108   -0.0000000029    0.0000000000   -0.0000000018   -0.0000000000   -0.0000000091    0.0000000000    0.0000000021    0.0000000000    0.0000000000    0.0000000005   -0.0000000016    0.0000000000   -0.0000006844    0.0000000000   -0.0000000000    0.0000000081    0.0000000087   -0.0000000000    0.0005748026   -0.0000000000    0.0000000000   -0.0000000012    0.0000000009    0.0000000000   -0.0000000000   -0.0000000009   -0.0000000000    0.0000135165    0.0000001067   -0.0000000000    0.0000000008    0.0000000000   -0.0000000072   -0.0000000000    0.0000000000   -0.0000000049    0.0000000008   -0.0003328674   -0.0000000013   -0.0000000000    0.0000000011   -0.0000000000    0.0000000000   -0.0000217780   -0.0000000069    0.0000000000   -0.0000000000    0.0000000084    0.0000000039    0.0000000000    0.0000000000    0.0000000058
  0.0000000016    0.0000000000    0.0000000020   -0.0000000000    0.0000000014   -0.0000000000    0.0000000000    0.0000000014    0.0000000067   -0.0174736455   -0.0000000000    0.0000000011    0.0000000018   -0.0000000000   -0.0000000004    0.0000000000   -0.0000000000   -0.0000000003   -0.0000000006    0.0000000000    0.0000000000   -0.0000000009   -0.0000000001    0.0000000000   -0.0000000032    0.0000000000    0.0000000000   -0.0000000007    0.0000000030   -0.0000000000   -0.0092883948   -0.0000000036    0.0000000021   -0.0000000000    0.0012263836    0.0000000005    0.0000000000    0.0000000050   -0.0000007990    0.0000000000   -0.0000000009   -0.0000000000    0.0000000007    0.0020535870   -0.0000000057    0.0000000000   -0.0000000037   -0.0000000000    0.0000000000   -0.0000000006   -0.0000000044    0.0000000000    0.0000000000    0.0000000037   -0.0000000000   -0.0000000029    0.0000000009    0.0000000000   -0.0000000005   -0.0000000000    0.0000000049    0.0000000000   -0.0000000001    0.0002430713   -0.0000000000    0.0000000050    0.0000001372   -0.0000000000   -0.0000000002   -0.0000000000    0.0000000000    0.0000000002    0.0000000011    0.0000000000    0.0000000000   -0.0000000030    0.0000000003    0.0000000000    0.0000000004   -0.0011095014
 -0.0000000000    0.0000000001   -0.0000000000   -0.0000000002   -0.0000000000   -0.0000000009    0.0000000002   -0.0000000000    0.0174606899    0.0000000067    0.0000000001   -0.0000000000   -0.0000000000   -0.0000000007    0.0000000000    0.0000000005   -0.0000000015    0.0000000000    0.0000000000    0.0000000002    0.0000000009    0.0000000000    0.0000000000    0.0000000002    0.0000000000    0.0000000005    0.0000000002    0.0000000000   -0.0000000000    0.0000000000    0.0000000036   -0.0092815121   -0.0000000000   -0.0000000005   -0.0000000005    0.0012254783    0.0000000012   -0.0000000000    0.0000000000    0.0000007981    0.0000000000   -0.0000000017    0.0020520751   -0.0000000007    0.0000000000    0.0000000002    0.0000000000   -0.0000000037    0.0000000028    0.0000000000    0.0000000000    0.0000000043    0.0000000004   -0.0000000000   -0.0000000023    0.0000000000   -0.0000000000    0.0000000023    0.0000000000   -0.0000000001   -0.0000000000    0.0000000033   -0.0002428929   -0.0000000001    0.0000000037    0.0000000000   -0.0000000000   -0.0000001375   -0.0000000000   -0.0000000008    0.0000000004    0.0000000000   -0.0000000000    0.0000000004    0.0000000016    0.0000000000   -0.0000000000    0.0000000013    0.0011086780    0.0000000004
  0.0000023916   -0.0000000000    0.0000000029   -0.0000000000    0.0000000001   -0.0000000000   -0.0000000000   -0.0003976306    0.0000000000   -0.0000000009   -0.0000000355    0.0291040470    0.0000000028   -0.0000000000   -0.0000000009    0.0000000000    0.0000000000   -0.0000000001    0.0000000014   -0.0000000000    0.0000000002    0.0123224486   -0.0000004558    0.0000000000   -0.0000000024    0.0000000000    0.0000000000   -0.0011553648    0.0000000008   -0.0000000000    0.0000000003   -0.0000000000    0.0252577350   -0.0000000012    0.0000000002    0.0000000000    0.0000000000   -0.0000000002    0.0000000004   -0.0000000000    0.0000000050    0.0000000000    0.0000000000   -0.0000000000   -0.0000000002    0.0000000000    0.0000000001    0.0000000000    0.0000000000    0.0000002729    0.0025520119    0.0000000000   -0.0000000000   -0.0000000007   -0.0000000000    0.0000000006    0.0000000012   -0.0000000000   -0.0000000010   -0.0000000000   -0.0010124170   -0.0000000000   -0.0000000000    0.0000000016    0.0000000000   -0.0000000009   -0.0000000000    0.0000000000   -0.0000001095    0.0000000000    0.0000000000   -0.0000000009    0.0000000014   -0.0000000000    0.0000000002   -0.0011328931    0.0008082920   -0.0000000000   -0.0000000000   -0.0000000006
  0.0000000000    0.0000023878   -0.0000000000    0.0000000007    0.0000000000   -0.0000000004    0.0003973031   -0.0000000000    0.0000000002    0.0000000000   -0.0290825150   -0.0000000355   -0.0000000000    0.0000000002    0.0000000000    0.0000000012   -0.0000000008   -0.0000000000    0.0000000000    0.0000000009   -0.0123133216    0.0000000002   -0.0000000000   -0.0000004523    0.0000000000   -0.0000000004   -0.0011545205   -0.0000000000    0.0000000000    0.0000000000    0.0000000000    0.0000000004   -0.0000000012   -0.0252390373   -0.0000000000    0.0000000003   -0.0000000005    0.0000000000    0.0000000000   -0.0000000002   -0.0000000000   -0.0000000124    0.0000000003    0.0000000000   -0.0000000000   -0.0000000013   -0.0000000000   -0.0000000056   -0.0000002554    0.0000000000    0.0000000000   -0.0025501153    0.0000000010   -0.0000000000   -0.0000000025   -0.0000000000    0.0000000000    0.0000000132    0.0000000000   -0.0000000006    0.0000000000   -0.0010116613   -0.0000000009   -0.0000000000    0.0000000048    0.0000000000    0.0000000000    0.0000000001   -0.0000000000   -0.0000001139    0.0000000028    0.0000000000    0.0000000000   -0.0000000001    0.0011320589    0.0000000002    0.0000000000    0.0008076958    0.0000000005   -0.0000000000
  0.0000000064   -0.0000000000   -0.0000000005   -0.0000000000   -0.0009542808    0.0000000000    0.0000000000    0.0000000019   -0.0000000000   -0.0000000005    0.0000000000   -0.0000000012   -0.0000000015   -0.0000000000    0.0000000274   -0.0000000000   -0.0000000006    0.0228326103   -0.0000000000   -0.0000000000   -0.0000000000    0.0000000003   -0.0000000000    0.0000000000    0.0000000036   -0.0000000000   -0.0000000000    0.0000000012   -0.0069406616    0.0000000001   -0.0000000016    0.0000000000   -0.0000000025    0.0000000000    0.0000000024    0.0000000000   -0.0000000000   -0.0000009378    0.0000000060    0.0000000000   -0.0000000003   -0.0000000000   -0.0000000000    0.0000000051    0.0033726261    0.0000000000    0.0000000015    0.0000000000    0.0000000000    0.0000000020    0.0000000024    0.0000000000    0.0000000001    0.0045932489   -0.0000000000    0.0000000023    0.0000000004    0.0000000000   -0.0000003307   -0.0000000000   -0.0000000041   -0.0000000000    0.0000000000   -0.0000000006    0.0000000000   -0.0000000038    0.0000000003    0.0000000000    0.0000000006   -0.0000000000    0.0000000000   -0.0000000011    0.0021703004   -0.0000000000   -0.0000000000    0.0000000033    0.0000000009    0.0000000000    0.0000000000    0.0000000020
 -0.0000000000    0.0000000031   -0.0000000000    0.0000000007   -0.0000000000   -0.0009535380   -0.0000000003    0.0000000000    0.0000000008   -0.0000000000   -0.0000000005   -0.0000000000   -0.0000000000    0.0000000010    0.0000000000    0.0000000155    0.0228157105    0.0000000006    0.0000000000   -0.0000000001   -0.0000000008    0.0000000000    0.0000000000   -0.0000000003    0.0000000000   -0.0000000007   -0.0000000006    0.0000000000   -0.0000000001   -0.0069355226   -0.0000000000   -0.0000000011    0.0000000000    0.0000000011    0.0000000000   -0.0000000009   -0.0000009371    0.0000000000    0.0000000000   -0.0000000013    0.0000000000    0.0000000028   -0.0000000006    0.0000000000    0.0000000000   -0.0033701249   -0.0000000000    0.0000000063   -0.0000000051    0.0000000000    0.0000000000   -0.0000000066   -0.0045898485    0.0000000001    0.0000000037   -0.0000000000   -0.0000000000   -0.0000000033    0.0000000000   -0.0000003313    0.0000000000   -0.0000000055    0.0000000002    0.0000000000   -0.0000000059   -0.0000000000    0.0000000000   -0.0000000002    0.0000000000    0.0000000016   -0.0000000003   -0.0000000000    0.0000000000    0.0021686954   -0.0000000027   -0.0000000000    0.0000000000   -0.0000000018   -0.0000000001    0.0000000000
 -0.0981489607   -0.0000000000   -0.0000000142   -0.0000000000    0.0000000057    0.0000000000   -0.0000000000   -0.0000013677   -0.0000000000    0.0000000005   -0.0000000000    0.0000001853   -0.0000000193   -0.0000000000    0.0000000242   -0.0000000000   -0.0000000000    0.0000000052   -0.0000000006   -0.0000000000   -0.0000000000    0.0000051638    0.0196918466   -0.0000000000    0.0000000150    0.0000000000   -0.0000000000    0.0000006577    0.0000000020    0.0000000000    0.0000000005    0.0000000000   -0.0000006631    0.0000000000   -0.0000000041   -0.0000000000   -0.0000000000   -0.0000000035   -0.0000000040   -0.0000000000    0.0000000037   -0.0000000000    0.0000000000   -0.0000000134   -0.0000000129    0.0000000000   -0.0000000091   -0.0000000000    0.0000000000    0.0018685886   -0.0000000100    0.0000000000    0.0000000000    0.0000000053   -0.0000000000   -0.0000000068   -0.0000000033    0.0000000000   -0.0000000029   -0.0000000000    0.0000000086   -0.0000000000   -0.0000000000    0.0000000022   -0.0000000000    0.0000000119    0.0000000021    0.0000000000   -0.0006390335    0.0000000002   -0.0000000000    0.0000000109    0.0000000062   -0.0000000000    0.0000000000    0.0000000393   -0.0000000274   -0.0000000000   -0.0000000000   -0.0000000062
  0.0000000000   -0.0980763681   -0.0000000000    0.0000000037   -0.0000000000    0.0000000013    0.0000013659    0.0000000000    0.0000000001   -0.0000000000   -0.0000001891   -0.0000000000   -0.0000000000    0.0000000002    0.0000000000    0.0000000080    0.0000000035    0.0000000000   -0.0000000000    0.0000000042   -0.0000051628   -0.0000000000    0.0000000000    0.0196772691   -0.0000000000   -0.0000000108    0.0000006463   -0.0000000000    0.0000000000   -0.0000000002   -0.0000000000    0.0000000014    0.0000000000    0.0000006565    0.0000000000   -0.0000000011    0.0000000019   -0.0000000000    0.0000000000    0.0000000022   -0.0000000000   -0.0000000854   -0.0000000047   -0.0000000000   -0.0000000000   -0.0000000028   -0.0000000000   -0.0000000269   -0.0018670793    0.0000000000    0.0000000000    0.0000000374    0.0000000027   -0.0000000000   -0.0000000035    0.0000000000    0.0000000000    0.0000001011   -0.0000000000    0.0000000016    0.0000000000    0.0000000062   -0.0000000037   -0.0000000000    0.0000000109    0.0000000000    0.0000000000   -0.0000000014   -0.0000000002   -0.0006385972    0.0000000241    0.0000000000    0.0000000000    0.0000000015   -0.0000000435   -0.0000000000    0.0000000000   -0.0000000037    0.0000000039    0.0000000000

# Root 3  E=0.3223342637 Ha  8.771167 eV
  0.0000000000    0.0000000000    0.0000000000    0.0000000000    0.0000000000    0.0000000000    0.0000000000    0.0000000000    0.0000000000    0.0000000000    0.0000000000    0.0000000000    0.0000000000    0.0000000000    0.0000000000    0.0000000000    0.0000000000    0.0000000000    0.0000000000    0.0000000000    0.0000000000    0.0000000000    0.0000000000    0.0000000000    0.0000000000    0.0000000000    0.0000000000    0.0000000000    0.0000000000    0.0000000000    0.0000000000    0.0000000000    0.0000000000    0.0000000000    0.0000000000    0.0000000000    0.0000000000    0.0000000000    0.0000000000    0.0000000000    0.0000000000    0.0000000000    0.0000000000    0.0000000000    0.0000000000    0.0000000000    0.0000000000    0.0000000000    0.0000000000    0.0000000000    0.0000000000    0.0000000000    0.0000000000    0.0000000000    0.0000000000    0.0000000000    0.0000000000    0.0000000000    0.0000000000    0.0000000000    0.0000000000    0.0000000000    0.0000000000    0.0000000000    0.0000000000    0.0000000000    0.0000000000    0.0000000000    0.0000000000    0.0000000000    0.0000000000    0.0000000000    0.0000000000    0.0000000000    0.0000000000    0.0000000000    0.0000000000    0.0000000000    0.0000000000    0.0000000000
  0.0000000000    0.0000000000    0.0000000000    0.0000000000    0.0000000000    0.0000000000    0.0000000000    0.0000000000    0.0000000000    0.0000000000    0.0000000000    0.0000000000    0.0000000000    0.0000000000    0.0000000000    0.0000000000    0.0000000000    0.0000000000    0.0000000000    0.0000000000    0.0000000000    0.0000000000    0.0000000000    0.0000000000    0.0000000000    0.0000000000    0.0000000000    0.0000000000    0.0000000000    0.0000000000    0.0000000000    0.0000000000    0.0000000000    0.0000000000    0.0000000000    0.0000000000    0.0000000000    0.0000000000    0.0000000000    0.0000000000    0.0000000000    0.0000000000    0.0000000000    0.0000000000    0.0000000000    0.0000000000    0.0000000000    0.0000000000    0.0000000000    0.0000000000    0.0000000000    0.0000000000    0.0000000000    0.0000000000    0.0000000000    0.0000000000    0.0000000000    0.0000000000    0.0000000000    0.0000000000    0.0000000000    0.0000000000    0.0000000000    0.0000000000    0.0000000000    0.0000000000    0.0000000000    0.0000000000    0.0000000000    0.0000000000    0.0000000000    0.0000000000    0.0000000000    0.0000000000    0.0000000000    0.0000000000    0.0000000000    0.0000000000    0.0000000000    0.0000000000
  0.0000000000    0.0000000000    0.0000000000    0.0000000000    0.0000000000    0.0000000000    0.0000000000    0.0000000000    0.0000000000    0.0000000000    0.0000000000    0.0000000000    0.0000000000    0.0000000000    0.0000000000    0.0000000000    0.0000000000    0.0000000000    0.0000000000    0.0000000000    0.0000000000    0.0000000000    0.0000000000    0.0000000000    0.0000000000    0.0000000000    0.0000000000    0.0000000000    0.0000000000    0.0000000000    0.0000000000    0.0000000000    0.0000000000    0.0000000000    0.0000000000    0.0000000000    0.0000000000    0.0000000000    0.0000000000    0.0000000000    0.0000000000    0.0000000000    0.0000000000    0.0000000000    0.0000000000    0.0000000000    0.0000000000    0.0000000000    0.0000000000    0.0000000000    0.0000000000    0.0000000000    0.0000000000    0.0000000000    0.0000000000    0.0000000000    0.0000000000    0.0000000000    0.0000000000    0.0000000000    0.0000000000    0.0000000000    0.0000000000    0.0000000000    0.0000000000    0.0000000000    0.0000000000    0.0000000000    0.0000000000    0.0000000000    0.0000000000    0.0000000000    0.0000000000    0.0000000000    0.0000000000    0.0000000000    0.0000000000    0.0000000000    0.0000000000    0.0000000000
  0.0000000000    0.0000000000    0.0000000000    0.0000000000    0.0000000000    0.0000000000    0.0000000000    0.0000000000    0.0000000000    0.0000000000    0.0000000000    0.0000000000    0.0000000000    0.0000000000    0.0000000000    0.0000000000    0.0000000000    0.0000000000    0.0000000000    0.0000000000    0.0000000000    0.0000000000    0.0000000000    0.0000000000    0.0000000000    0.0000000000    0.0000000000    0.0000000000    0.0000000000    0.0000000000    0.0000000000    0.0000000000    0.0000000000    0.0000000000    0.0000000000    0.0000000000    0.0000000000    0.0000000000    0.0000000000    0.0000000000    0.0000000000    0.0000000000    0.0000000000    0.0000000000    0.0000000000    0.0000000000    0.0000000000    0.0000000000    0.0000000000    0.0000000000    0.0000000000    0.0000000000    0.0000000000    0.0000000000    0.0000000000    0.0000000000    0.0000000000    0.0000000000    0.0000000000    0.0000000000    0.0000000000    0.0000000000    0.0000000000    0.0000000000    0.0000000000    0.0000000000    0.0000000000    0.0000000000    0.0000000000    0.0000000000    0.0000000000    0.0000000000    0.0000000000    0.0000000000    0.0000000000    0.0000000000    0.0000000000    0.0000000000    0.0000000000    0.0000000000
 -0.0000000089    0.0000000000   -0.0000000009   -0.0000000000   -0.0000001121    0.0000000000   -0.0000000000    0.0000000104   -0.0000000000   -0.0000000000   -0.0000000000    0.0000000075   -0.0000000004    0.0000000000    0.0000000012   -0.0000000000   -0.0000000000    0.0000002372   -0.0000000006    0.0000000000   -0.0000000000    0.0000000033    0.0000000020   -0.0000000000    0.0000000006    0.0000000000    0.0000000000   -0.0000000085   -0.0000000927   -0.0000000000   -0.0000000005   -0.0000000000    0.0000000097   -0.0000000000   -0.0000000011   -0.0000000000   -0.0000000002   -0.0034918419   -0.0000000003   -0.0000000000    0.0000000004    0.0000000000    0.0000000000   -0.0000000038    0.0000000217    0.0000000000   -0.0000000026    0.0000000000    0.0000000000   -0.0000000015   -0.0000000007   -0.0000000000    0.0000000000    0.0000000299    0.0000000000   -0.0000000019   -0.0000000005    0.0000000000    0.0013336280    0.0000000282    0.0000000025    0.0000000000    0.0000000000   -0.0000000006   -0.0000000000    0.0000000029    0.0000000007    0.0000000000   -0.0000000005    0.0000000000   -0.0000000000    0.0000000004    0.0000000137    0.0000000000    0.0000000000   -0.0000000037    0.0000000003   -0.0000000000   -0.0000000000   -0.0000000011
 -0.0000000000   -0.0000000021    0.0000000000   -0.0000000000   -0.0000000000   -0.0000001084   -0.0000000025   -0.0000000000   -0.0000000000   -0.0000000000   -0.0000000023   -0.0000000000   -0.0000000000   -0.0000000005    0.0000000000    0.0000000005    0.0000002293    0.0000000000    0.0000000000    0.0000000004   -0.0000000010    0.0000000000   -0.0000000000    0.0000000005    0.0000000000    0.0000000002   -0.0000000015    0.0000000000    0.0000000000   -0.0000000901    0.0000000000    0.0000000000   -0.0000000000   -0.0000000030    0.0000000000   -0.0000000001   -0.0037134198    0.0000000002    0.0000000000    0.0000000001   -0.0000000000   -0.0000000025   -0.0000000006   -0.0000000000    0.0000000000   -0.0000000228   -0.0000000000   -0.0000000033    0.0000000035   -0.0000000000   -0.0000000000    0.0000000032   -0.0000000277    0.0000000000   -0.0000000016   -0.0000000000    0.0000000000    0.0000000031   -0.0000000300    0.0014182519   -0.0000000000    0.0000000020   -0.0000000001   -0.0000000000    0.0000000029    0.0000000000   -0.0000000000    0.0000000001   -0.0000000000   -0.0000000010    0.0000000012    0.0000000000    0.0000000000    0.0000000119    0.0000000010    0.0000000000    0.0000000000    0.0000000019    0.0000000003    0.0000000000
  0.0000000000   -0.0000000019   -0.0000000000    0.0000000038   -0.0000000000    0.0000000001   -0.0000000002    0.0000000000    0.0000003784   -0.0000000000    0.0000000011    0.0000000000   -0.0000000000    0.0000000032    0.0000000000    0.0000000000    0.0000000004    0.0000000000   -0.0000000000   -0.0000000000   -0.0000000012    0.0000000000   -0.0000000000   -0.0000000003    0.0000000000   -0.0000000025   -0.0000000007   -0.0000000000   -0.0000000000   -0.0000000004    0.0000000000   -0.0000001161    0.0000000000    0.0000000034   -0.0000000000    0.0000001160   -0.0000000004    0.0000000000   -0.0000000000    0.0031493710    0.0000000000    0.0000000068    0.0000000240    0.0000000000    0.0000000000   -0.0000000009   -0.0000000000    0.0000000122   -0.0000000114    0.0000000000    0.0000000000   -0.0000000149   -0.0000000001   -0.0000000000    0.0000000066    0.0000000000   -0.0000000000   -0.0000000091    0.0000000000   -0.0000000003    0.0000000000   -0.0000000107   -0.0000000024   -0.0000000000   -0.0000000113   -0.0000000000   -0.0000000000    0.0001051044    0.0000000000    0.0000000039   -0.0000000033   -0.0000000000   -0.0000000000   -0.0000000009   -0.0000000048   -0.0000000000   -0.0000000000   -0.0000000055   -0.0000000154    0.0000000000
  0.0000000065   -0.0000000000   -0.0000000184   -0.0000000000    0.0000000006   -0.0000000000    0.0000000000    0.0000000033   -0.0000000000   -0.0000003980   -0.0000000000    0.0000000006   -0.0000000105   -0.0000000000    0.0000000088   -0.0000000000   -0.0000000000    0.0000000034    0.0000000013   -0.0000000000    0.0000000000    0.0000000018   -0.0000000011   -0.0000000000    0.0000000159    0.0000000000    0.0000000000   -0.0000000058   -0.0000000026    0.0000000000   -0.0000001238   -0.0000000000   -0.0000000007    0.0000000000    0.0000001201    0.0000000000    0.0000000000    0.0000000036   -0.0029614450   -0.0000000000    0.0000000004    0.0000000000   -0.0000000000    0.0000000364    0.0000000130    0.0000000000    0.0000000071    0.0000000000    0.0000000000    0.0000000043    0.0000000096    0.0000000000   -0.0000000000   -0.0000000057   -0.0000000000    0.0000000046    0.0000000032   -0.0000000000    0.0000000027    0.0000000000   -0.0000000105   -0.0000000000   -0.0000000000    0.0000000061    0.0000000000   -0.0000000098   -0.0000988360   -0.0000000000    0.0000000007   -0.0000000000   -0.0000000000    0.0000000007   -0.0000000043    0.0000000000   -0.0000000000    0.0000000046   -0.0000000007    0.0000000000    0.0000000000    0.0000000210
 -0.0000000016    0.0000000000    0.0000010481   -0.0000000000   -0.0000000001   -0.0000000000    0.0000000000   -0.0000000000   -0.0000000000    0.0000000093   -0.0000000000    0.0000000001    0.0000002741   -0.0000000000    0.0000002156    0.0000000000   -0.0000000000   -0.0000000007   -0.0001424519   -0.0000000001   -0.0000000000   -0.0000000003    0.0000000002   -0.0000000000   -0.0000001527    0.0000000000   -0.0000000000    0.0000000001    0.0000000001    0.0000000000    0.0000000044    0.0000000000    0.0000000004    0.0000000000   -0.0000000017   -0.0000000000    0.0000000000   -0.0000000026    0.0000000034   -0.0000000000   -0.0022288458    0.0000000009   -0.0000000000   -0.0000000032   -0.0000000019    0.0000000000   -0.0000000691   -0.0000000000   -0.0000000000   -0.0000000011   -0.0000000018   -0.0000000000   -0.0000000000    0.0000000015    0.0000000000    0.0000000019    0.0020845579   -0.0000000009   -0.0000000001   -0.0000000000    0.0000000014   -0.0000000000    0.0000000000   -0.0000000009   -0.0000000000    0.0000000002    0.0000000013   -0.0000000000   -0.0000000003    0.0000000000   -0.0000000000    0.0000000336   -0.0000000002    0.0000000000    0.0000000000   -0.0000000006    0.0000000008   -0.0000000000   -0.0000000000    0.0000000002
  0.0000000000    0.0000000002   -0.0000000000   -0.0000009874    0.0000000000   -0.0000000001    0.0000000000    0.0000000000   -0.0000000033   -0.0000000000   -0.0000000000   -0.0000000000   -0.0000000000   -0.0000002531   -0.0000000000    0.0000001960   -0.0000000002    0.0000000000    0.0000000001   -0.0001514818   -0.0000000000    0.0000000000   -0.0000000000   -0.0000000001    0.0000000000    0.0000001391   -0.0000000001   -0.0000000000   -0.0000000000    0.0000000000   -0.0000000000    0.0000000016   -0.0000000000    0.0000000001    0.0000000000   -0.0000000004    0.0000000012    0.0000000000   -0.0000000000   -0.0000000009    0.0000000009    0.0023702801   -0.0000000008    0.0000000000    0.0000000000    0.0000000003    0.0000000000   -0.0000000589   -0.0000000024    0.0000000000    0.0000000000   -0.0000000008   -0.0000000002   -0.0000000000    0.0000000012   -0.0000000000   -0.0000000008   -0.0022168385    0.0000000000   -0.0000000002   -0.0000000000   -0.0000000006    0.0000000001    0.0000000000    0.0000000004    0.0000000000   -0.0000000000   -0.0000000002    0.0000000000    0.0000000007   -0.0000000327   -0.0000000000    0.0000000000    0.0000000000   -0.0000000003    0.0000000000   -0.0000000000   -0.0000000003   -0.0000000001   -0.0000000000
 -0.0000000057    0.0000000000   -0.0000000009   -0.0000000000   -0.0000007724    0.0000000000    0.0000000000    0.0000000050   -0.0000000000   -0.0000000002    0.0000000000   -0.0000000126   -0.0000000003    0.0000000000    0.0000000014   -0.0000000000    0.0000000000   -0.0000002505    0.0000000002   -0.0000000000   -0.0000000000   -0.0000000066   -0.0000000005   -0.0000000000    0.0000000004   -0.0000000000   -0.0000000000   -0.0000000043   -0.0000001072    0.0000000000    0.0000000000    0.0000000000   -0.0000000092    0.0000000000   -0.0000000015   -0.0000000000   -0.0000000001   -0.0018212728   -0.0000000009   -0.0000000000   -0.0000000015    0.0000000000    0.0000000000   -0.0000000047   -0.0000000107   -0.0000000000   -0.0000000026    0.0000000000   -0.0000000000   -0.0000000031   -0.0000000031   -0.0000000000   -0.0000000000   -0.0000000778    0.0000000000   -0.0000000027   -0.0000000014   -0.0000000000   -0.0017748374   -0.0000000375    0.0000000045    0.0000000000   -0.0000000000    0.0000000003   -0.0000000000    0.0000000036    0.0000000006    0.0000000000    0.0000000014   -0.0000000000   -0.0000000000    0.0000000017   -0.0000000396    0.0000000000    0.0000000000   -0.0000000034   -0.0000000013   -0.0000000000   -0.0000000000   -0.0000000021
 -0.0000000000   -0.0000000023   -0.0000000000   -0.0000000002   -0.0000000000   -0.0000007252    0.0000000000    0.0000000000    0.0000000001   -0.0000000000    0.0000000049    0.0000000000   -0.0000000000   -0.0000000008    0.0000000000    0.0000000007   -0.0000002231   -0.0000000000    0.0000000000    0.0000000001    0.0000000028   -0.0000000000   -0.0000000000    0.0000000002    0.0000000000    0.0000000004    0.0000000003   -0.0000000000   -0.0000000000   -0.0000000982    0.0000000000    0.0000000000    0.0000000000    0.0000000035   -0.0000000000   -0.0000000002   -0.0019368440    0.0000000001    0.0000000000   -0.0000000001   -0.0000000000   -0.0000000043   -0.0000000006   -0.0000000000   -0.0000000000    0.0000000038   -0.0000000000   -0.0000000044    0.0000000048   -0.0000000000   -0.0000000000    0.0000000053    0.0000000716   -0.0000000000   -0.0000000023   -0.0000000000    0.0000000000    0.0000000034    0.0000000399   -0.0018874592   -0.0000000000    0.0000000032   -0.0000000001   -0.0000000000    0.0000000039    0.0000000000    0.0000000000    0.0000000001   -0.0000000000   -0.0000000010    0.0000000013    0.0000000000   -0.0000000000   -0.0000000386    0.0000000010    0.0000000000   -0.0000000000    0.0000000020    0.0000000003   -0.0000000000
  0.0096988489   -0.0000000001    0.0000000015    0.0000000000    0.0000000003    0.0000000000   -0.0000000000   -0.0000011433   -0.0000000000    0.0000000000   -0.0000000000    0.0000005835    0.0000000002   -0.0000000000   -0.0000000013    0.0000000000    0.0000000000   -0.0000000117    0.0000000000    0.0000000000   -0.0000000000   -0.0000002979   -0.0005416987    0.0000000000   -0.0000000003   -0.0000000000   -0.0000000000    0.0000001136    0.0000000025   -0.0000000000   -0.0000000000   -0.0000000000    0.0000000338   -0.0000000000    0.0000000017    0.0000000000    0.0000000000    0.0000000056   -0.0000000009    0.0000000000   -0.0000000006   -0.0000000000   -0.0000000000    0.0000000058    0.0000000039    0.0000000000    0.0000000035   -0.0000000000    0.0000000000    0.0032981957   -0.0000000545   -0.0000000000    0.0000000000   -0.0000000049   -0.0000000000    0.0000000031    0.0000000011    0.0000000000    0.0000000008    0.0000000000    0.0000000057    0.0000000000    0.0000000000   -0.0000000004    0.0000000000   -0.0000000044   -0.0000000012   -0.0000000000    0.0006882524   -0.0000000002    0.0000000000   -0.0000000019   -0.0000000030    0.0000000000    0.0000000000   -0.0000000077   -0.0000000292    0.0000000000    0.0000000000    0.0000000024
  0.0000000001    0.0103142994    0.0000000000   -0.0000000003    0.0000000000   -0.0000000000    0.0000010733   -0.0000000000    0.0000000000    0.0000000000   -0.0000005416   -0.0000000000    0.0000000000    0.0000000004   -0.0000000000   -0.0000000004   -0.0000000043   -0.0000000000    0.0000000000   -0.0000000002    0.0000002828   -0.0000000000   -0.0000000000   -0.0005760645   -0.0000000000    0.0000000005    0.0000001068    0.0000000000    0.0000000000    0.0000000012    0.0000000000   -0.0000000001   -0.0000000000   -0.0000000292    0.0000000000    0.0000000000    0.0000000008    0.0000000000   -0.0000000000   -0.0000000015    0.0000000000    0.0000000050    0.0000000005    0.0000000000    0.0000000000    0.0000000006    0.0000000000    0.0000000031   -0.0035074901    0.0000000000   -0.0000000000    0.0000000495    0.0000000007   -0.0000000000    0.0000000011    0.0000000000   -0.0000000000   -0.0000000060    0.0000000000   -0.0000000002   -0.0000000000    0.0000000104    0.0000000003    0.0000000000   -0.0000000021   -0.0000000000   -0.0000000000   -0.0000000001    0.0000000002    0.0007319279   -0.0000000017   -0.0000000000   -0.0000000000   -0.0000000006    0.0000000103    0.0000000000   -0.0000000000   -0.0000000292   -0.0000000004    0.0000000000
  0.0000000502   -0.0000000000    0.0000000006    0.0000000000    0.0053910077    0.0000000000    0.0000000000    0.0000000070   -0.0000000000    0.0000000011   -0.0000000000    0.0000000051    0.0000000166   -0.0000000000    0.0000000118   -0.0000000000   -0.0000000002    0.0122835407    0.0000000001   -0.0000000000    0.0000000000   -0.0000000102   -0.0000000097   -0.0000000000   -0.0000000127   -0.0000000000   -0.0000000000   -0.0000000091   -0.0025564105    0.0000000000   -0.0000000103   -0.0000000000    0.0000000171   -0.0000000000   -0.0000000230   -0.0000000000   -0.0000000000   -0.0000002958   -0.0000000074    0.0000000000    0.0000000052   -0.0000000000    0.0000000000   -0.0000000610    0.0004007505    0.0000000000   -0.0000000445    0.0000000000   -0.0000000000   -0.0000000087   -0.0000000509    0.0000000000    0.0000000000    0.0014814752   -0.0000000000   -0.0000000248   -0.0000000062    0.0000000000    0.0000000750    0.0000000000    0.0000000361    0.0000000000    0.0000000000   -0.0000000187   -0.0000000000    0.0000000407    0.0000000045    0.0000000000   -0.0000000020    0.0000000000    0.0000000000   -0.0000000123    0.0004344274    0.0000000000    0.0000000000   -0.0000000214    0.0000000158    0.0000000000   -0.0000000000   -0.0000000109
 -0.0000000000    0.0000000172    0.0000000000   -0.0000000010   -0.0000000000    0.0057330832   -0.0000000002    0.0000000000   -0.0000000003   -0.0000000000   -0.0000000009   -0.0000000000   -0.0000000000   -0.0000000001    0.0000000000    0.0000000129    0.0130630094    0.0000000002    0.0000000000    0.0000000005    0.0000000038    0.0000000000   -0.0000000000   -0.0000000023    0.0000000000   -0.0000000045   -0.0000000002    0.0000000000   -0.0000000000   -0.0027186365   -0.0000000000    0.0000000015   -0.0000000000   -0.0000000048    0.0000000000   -0.0000000045   -0.0000002605    0.0000000000   -0.0000000000    0.0000000007   -0.0000000000   -0.0000000124   -0.0000000151   -0.0000000000    0.0000000000   -0.0004262359   -0.0000000000   -0.0000000114    0.0000000203    0.0000000000    0.0000000000    0.0000000187   -0.0015754427    0.0000000000    0.0000000011   -0.0000000000    0.0000000000    0.0000000146   -0.0000000000    0.0000000741   -0.0000000000    0.0000000140   -0.0000000048   -0.0000000000    0.0000000023    0.0000000000    0.0000000000   -0.0000000005   -0.0000000000   -0.0000000058    0.0000000138    0.0000000000   -0.0000000000    0.0004619903    0.0000000072    0.0000000000    0.0000000000    0.0000000055    0.0000000084   -0.0000000000

# Root 4  E=0.3383003355 Ha  9.205626 eV
  0.0000000000    0.0000000000    0.0000000000    0.0000000000    0.0000000000    0.0000000000    0.0000000000    0.0000000000    0.0000000000    0.0000000000    0.0000000000    0.0000000000    0.0000000000    0.0000000000    0.0000000000    0.0000000000    0.0000000000    0.0000000000    0.0000000000    0.0000000000    0.0000000000    0.0000000000    0.0000000000    0.0000000000    0.0000000000    0.0000000000    0.0000000000    0.0000000000    0.0000000000    0.0000000000    0.0000000000    0.0000000000    0.0000000000    0.0000000000    0.0000000000    0.0000000000    0.0000000000    0.0000000000    0.0000000000    0.0000000000    0.0000000000    0.0000000000    0.0000000000    0.0000000000    0.0000000000    0.0000000000    0.0000000000    0.0000000000    0.0000000000    0.0000000000    0.0000000000    0.0000000000    0.0000000000    0.0000000000    0.0000000000    0.0000000000    0.0000000000    0.0000000000    0.0000000000    0.0000000000    0.0000000000    0.0000000000    0.0000000000    0.0000000000    0.0000000000    0.0000000000    0.0000000000    0.0000000000    0.0000000000    0.0000000000    0.0000000000    0.0000000000    0.0000000000    0.0000000000    0.0000000000    0.0000000000    0.0000000000    0.0000000000    0.0000000000    0.0000000000
  0.0000000000    0.0000000000    0.0000000000    0.0000000000    0.0000000000    0.0000000000    0.0000000000    0.0000000000    0.0000000000    0.0000000000    0.0000000000    0.0000000000    0.0000000000    0.0000000000    0.0000000000    0.0000000000    0.0000000000    0.0000000000    0.0000000000    0.0000000000    0.0000000000    0.0000000000    0.0000000000    0.0000000000    0.0000000000    0.0000000000    0.0000000000    0.0000000000    0.0000000000    0.0000000000    0.0000000000    0.0000000000    0.0000000000    0.0000000000    0.0000000000    0.0000000000    0.0000000000    0.0000000000    0.0000000000    0.0000000000    0.0000000000    0.0000000000    0.0000000000    0.0000000000    0.0000000000    0.0000000000    0.0000000000    0.0000000000    0.0000000000    0.0000000000    0.0000000000    0.0000000000    0.0000000000    0.0000000000    0.0000000000    0.0000000000    0.0000000000    0.0000000000    0.0000000000    0.0000000000    0.0000000000    0.0000000000    0.0000000000    0.0000000000    0.0000000000    0.0000000000    0.0000000000    0.0000000000    0.0000000000    0.0000000000    0.0000000000    0.0000000000    0.0000000000    0.0000000000    0.0000000000    0.0000000000    0.0000000000    0.0000000000    0.0000000000    0.0000000000
  0.0000000000    0.0000000000    0.0000000000    0.0000000000    0.0000000000    0.0000000000    0.0000000000    0.0000000000    0.0000000000    0.0000000000    0.0000000000    0.0000000000    0.0000000000    0.0000000000    0.0000000000    0.0000000000    0.0000000000    0.0000000000    0.0000000000    0.0000000000    0.0000000000    0.0000000000    0.0000000000    0.0000000000    0.0000000000    0.0000000000    0.0000000000    0.0000000000    0.0000000000    0.0000000000    0.0000000000    0.0000000000    0.0000000000    0.0000000000    0.0000000000    0.0000000000    0.0000000000    0.0000000000    0.0000000000    0.0000000000    0.0000000000    0.0000000000    0.0000000000    0.0000000000    0.0000000000    0.0000000000    0.0000000000    0.0000000000    0.0000000000    0.0000000000    0.0000000000    0.0000000000    0.0000000000    0.0000000000    0.0000000000    0.0000000000    0.0000000000    0.0000000000    0.0000000000    0.0000000000    0.0000000000    0.0000000000    0.0000000000    0.0000000000    0.0000000000    0.0000000000    0.0000000000    0.0000000000    0.0000000000    0.0000000000    0.0000000000    0.0000000000    0.0000000000    0.0000000000    0.0000000000    0.0000000000    0.0000000000    0.0000000000    0.0000000000    0.0000000000
  0.0000000000    0.0000000000    0.0000000000    0.0000000000    0.0000000000    0.0000000000    0.0000000000    0.0000000000    0.0000000000    0.0000000000    0.0000000000    0.0000000000    0.0000000000    0.0000000000    0.0000000000    0.0000000000    0.0000000000    0.0000000000    0.0000000000    0.0000000000    0.0000000000    0.0000000000    0.0000000000    0.0000000000    0.0000000000    0.0000000000    0.0000000000    0.0000000000    0.0000000000    0.0000000000    0.0000000000    0.0000000000    0.0000000000    0.0000000000    0.0000000000    0.0000000000    0.0000000000    0.0000000000    0.0000000000    0.0000000000    0.0000000000    0.0000000000    0.0000000000    0.0000000000    0.0000000000    0.0000000000    0.0000000000    0.0000000000    0.0000000000    0.0000000000    0.0000000000    0.0000000000    0.0000000000    0.0000000000    0.0000000000    0.0000000000    0.0000000000    0.0000000000    0.0000000000    0.0000000000    0.0000000000    0.0000000000    0.0000000000    0.0000000000    0.0000000000    0.0000000000    0.0000000000    0.0000000000    0.0000000000    0.0000000000    0.0000000000    0.0000000000    0.0000000000    0.0000000000    0.0000000000    0.0000000000    0.0000000000    0.0000000000    0.0000000000    0.0000000000
 -0.0000000095    0.0000000000   -0.0000000009    0.0000000000    0.0000000506    0.0000000000   -0.0000000000    0.0000000110    0.0000000000   -0.0000000000   -0.0000000000    0.0000000080   -0.0000000004   -0.0000000000    0.0000000013   -0.0000000000    0.0000000000   -0.0000001399   -0.0000000007    0.0000000000    0.0000000000    0.0000000035    0.0000000021    0.0000000000    0.0000000006   -0.0000000000   -0.0000000000   -0.0000000090    0.0000000469   -0.0000000000   -0.0000000006   -0.0000000000    0.0000000102   -0.0000000000   -0.0000000011   -0.0000000000   -0.0000000002   -0.0037135189   -0.0000000004   -0.0000000000    0.0000000004    0.0000000000    0.0000000000   -0.0000000040   -0.0000000242   -0.0000000000   -0.0000000028   -0.0000000000    0.0000000000   -0.0000000016   -0.0000000008   -0.0000000000   -0.0000000000   -0.0000000050    0.0000000000   -0.0000000020   -0.0000000005    0.0000000000    0.0014182406    0.0000000300    0.0000000027    0.0000000000    0.0000000000   -0.0000000007   -0.0000000000    0.0000000031    0.0000000007    0.0000000000   -0.0000000005    0.0000000000   -0.0000000000    0.0000000004   -0.0000000307   -0.0000000000    0.0000000000   -0.0000000040    0.0000000004    0.0000000000    0.0000000000   -0.0000000012
  0.0000000000    0.0000000020   -0.0000000000    0.0000000000    0.0000000000   -0.0000000578    0.0000000023    0.0000000000    0.0000000000   -0.0000000000    0.0000000021    0.0000000000   -0.0000000000    0.0000000005   -0.0000000000   -0.0000000004    0.0000001531    0.0000000000   -0.0000000000   -0.0000000004    0.0000000009   -0.0000000000   -0.0000000000   -0.0000000005   -0.0000000000   -0.0000000002    0.0000000014    0.0000000000   -0.0000000000   -0.0000000521   -0.0000000000   -0.0000000000    0.0000000000    0.0000000028   -0.0000000000    0.0000000001    0.0034919471   -0.0000000002   -0.0000000000   -0.0000000001    0.0000000000    0.0000000024    0.0000000005    0.0000000000   -0.0000000000   -0.0000000229    0.0000000000    0.0000000031   -0.0000000033    0.0000000000    0.0000000000   -0.0000000030   -0.0000000086    0.0000000000    0.0000000015    0.0000000000   -0.0000000000   -0.0000000029    0.0000000282   -0.0013336171    0.0000000000   -0.0000000018    0.0000000001    0.0000000000   -0.0000000027   -0.0000000000    0.0000000000   -0.0000000000    0.0000000000    0.0000000010   -0.0000000011   -0.0000000000   -0.0000000000    0.0000000314   -0.0000000010   -0.0000000000   -0.0000000000   -0.0000000018   -0.0000000003   -0.0000000000
  0.0000000000    0.0000000018   -0.0000000000   -0.0000000035   -0.0000000000   -0.0000000001    0.0000000002    0.0000000000    0.0000003288    0.0000000000   -0.0000000010   -0.0000000000   -0.0000000000   -0.0000000030   -0.0000000000    0.0000000000   -0.0000000003   -0.0000000000   -0.0000000000    0.0000000000    0.0000000011    0.0000000000   -0.0000000000    0.0000000002    0.0000000000    0.0000000024    0.0000000007   -0.0000000000   -0.0000000000    0.0000000004    0.0000000000   -0.0000001380   -0.0000000000   -0.0000000032   -0.0000000000    0.0000000056    0.0000000004   -0.0000000000   -0.0000000000   -0.0029615519   -0.0000000000   -0.0000000064    0.0000000076    0.0000000000    0.0000000000    0.0000000009    0.0000000000   -0.0000000115    0.0000000107    0.0000000000    0.0000000000    0.0000000140    0.0000000001   -0.0000000000   -0.0000000062   -0.0000000000    0.0000000000    0.0000000085   -0.0000000000    0.0000000003   -0.0000000000    0.0000000101   -0.0000000576   -0.0000000000    0.0000000107    0.0000000000    0.0000000000   -0.0000988192   -0.0000000000   -0.0000000036    0.0000000031    0.0000000000   -0.0000000000    0.0000000008    0.0000000046    0.0000000000   -0.0000000000    0.0000000051   -0.0000000193   -0.0000000000
  0.0000000069    0.0000000000   -0.0000000195   -0.0000000000    0.0000000007    0.0000000000   -0.0000000000    0.0000000035   -0.0000000000    0.0000003048   -0.0000000000    0.0000000006   -0.0000000112   -0.0000000000    0.0000000094    0.0000000000   -0.0000000000    0.0000000036    0.0000000014    0.0000000000   -0.0000000000    0.0000000019   -0.0000000012    0.0000000000    0.0000000169   -0.0000000000   -0.0000000000   -0.0000000062   -0.0000000028    0.0000000000    0.0000001312    0.0000000000   -0.0000000008    0.0000000000    0.0000000057    0.0000000000    0.0000000000    0.0000000038   -0.0031494648    0.0000000000    0.0000000004   -0.0000000000   -0.0000000000    0.0000000066    0.0000000138   -0.0000000000    0.0000000076    0.0000000000   -0.0000000000    0.0000000045    0.0000000103   -0.0000000000   -0.0000000000   -0.0000000061   -0.0000000000    0.0000000049    0.0000000033   -0.0000000000    0.0000000028    0.0000000000   -0.0000000112   -0.0000000000    0.0000000000   -0.0000000572    0.0000000000   -0.0000000104   -0.0001050926   -0.0000000000    0.0000000008   -0.0000000000   -0.0000000000    0.0000000007   -0.0000000045   -0.0000000000   -0.0000000000    0.0000000049   -0.0000000007   -0.0000000000    0.0000000000   -0.0000000136
 -0.0000000017   -0.0000000000   -0.0000009658   -0.0000000000   -0.0000000001    0.0000000000   -0.0000000000   -0.0000000000    0.0000000000    0.0000000099   -0.0000000000    0.0000000001   -0.0000003315   -0.0000000000   -0.0000003133    0.0000000000    0.0000000000   -0.0000000008   -0.0001513290    0.0000000001    0.0000000000   -0.0000000003    0.0000000002    0.0000000000    0.0000002205    0.0000000000    0.0000000000    0.0000000001    0.0000000001   -0.0000000000    0.0000000046   -0.0000000000    0.0000000004   -0.0000000000   -0.0000000018    0.0000000000   -0.0000000000   -0.0000000028    0.0000000036    0.0000000000   -0.0023703273   -0.0000000008    0.0000000000   -0.0000000033   -0.0000000020   -0.0000000000    0.0000001233   -0.0000000000    0.0000000000   -0.0000000012   -0.0000000019    0.0000000000    0.0000000000    0.0000000016    0.0000000000   -0.0000000345    0.0022169069    0.0000000008   -0.0000000001   -0.0000000000    0.0000000015    0.0000000000    0.0000000000   -0.0000000009   -0.0000000000    0.0000000421    0.0000000013    0.0000000000   -0.0000000003   -0.0000000000   -0.0000000000   -0.0000000233   -0.0000000002   -0.0000000000    0.0000000000   -0.0000000007    0.0000000009    0.0000000000    0.0000000000    0.0000000002
  0.0000000000   -0.0000000002    0.0000000000   -0.0000010278    0.0000000000    0.0000000001   -0.0000000000    0.0000000000    0.0000000030   -0.0000000000    0.0000000000   -0.0000000000    0.0000000000   -0.0000003478    0.0000000000    0.0000003259    0.0000000002    0.0000000000    0.0000000001    0.0001422908    0.0000000000    0.0000000000   -0.0000000000    0.0000000001   -0.0000000000    0.0000002292    0.0000000001   -0.0000000000   -0.0000000000   -0.0000000000   -0.0000000000   -0.0000000015   -0.0000000000   -0.0000000001    0.0000000000    0.0000000004   -0.0000000011    0.0000000000   -0.0000000000    0.0000000008    0.0000000009   -0.0022288997    0.0000000007    0.0000000000    0.0000000000   -0.0000000003   -0.0000000000   -0.0000001297    0.0000000022    0.0000000000    0.0000000000    0.0000000008    0.0000000002   -0.0000000000    0.0000000332    0.0000000000   -0.0000000008    0.0020846357   -0.0000000000    0.0000000001   -0.0000000000    0.0000000006   -0.0000000001    0.0000000000   -0.0000000398   -0.0000000000   -0.0000000000    0.0000000001   -0.0000000000   -0.0000000007   -0.0000000248   -0.0000000000    0.0000000000   -0.0000000000    0.0000000002    0.0000000000   -0.0000000000    0.0000000003    0.0000000001   -0.0000000000
 -0.0000000061   -0.0000000000   -0.0000000010    0.0000000000    0.0000007498    0.0000000000    0.0000000000    0.0000000053    0.0000000000   -0.0000000002    0.0000000000   -0.0000000134   -0.0000000003   -0.0000000000    0.0000000015    0.0000000000   -0.0000000000    0.0000004382    0.0000000002    0.0000000000    0.0000000000   -0.0000000070   -0.0000000005    0.0000000000    0.0000000004    0.0000000000    0.0000000000   -0.0000000045    0.0000001561    0.0000000000    0.0000000000    0.0000000000   -0.0000000098    0.0000000000   -0.0000000016   -0.0000000000   -0.0000000001   -0.0019369241   -0.0000000010    0.0000000000   -0.0000000016   -0.0000000000    0.0000000000   -0.0000000050    0.0000000531   -0.0000000000   -0.0000000028   -0.0000000000    0.0000000000   -0.0000000033   -0.0000000033    0.0000000000   -0.0000000000    0.0000001258   -0.0000000000   -0.0000000029   -0.0000000015    0.0000000000   -0.0018874875   -0.0000000399    0.0000000048    0.0000000000   -0.0000000000    0.0000000003   -0.0000000000    0.0000000039    0.0000000006    0.0000000000    0.0000000015   -0.0000000000   -0.0000000000    0.0000000018    0.0000000342    0.0000000000    0.0000000000   -0.0000000036   -0.0000000014    0.0000000000    0.0000000000   -0.0000000023
 -0.0000000000    0.0000000022   -0.0000000000    0.0000000002    0.0000000000   -0.0000007954    0.0000000000    0.0000000000   -0.0000000001   -0.0000000000   -0.0000000045   -0.0000000000   -0.0000000000    0.0000000008    0.0000000000   -0.0000000006   -0.0000004527   -0.0000000000    0.0000000000   -0.0000000001   -0.0000000026   -0.0000000000   -0.0000000000   -0.0000000002    0.0000000000   -0.0000000004   -0.0000000002   -0.0000000000    0.0000000000   -0.0000001616    0.0000000000   -0.0000000000   -0.0000000000   -0.0000000031   -0.0000000000    0.0000000002    0.0018213556   -0.0000000001    0.0000000000    0.0000000001    0.0000000000    0.0000000041    0.0000000005   -0.0000000000    0.0000000000    0.0000000571   -0.0000000000    0.0000000042   -0.0000000045   -0.0000000000   -0.0000000000   -0.0000000050    0.0000001288    0.0000000000    0.0000000021   -0.0000000000   -0.0000000000   -0.0000000032   -0.0000000375    0.0017748660    0.0000000000   -0.0000000030    0.0000000001    0.0000000000   -0.0000000037   -0.0000000000    0.0000000000   -0.0000000001    0.0000000000    0.0000000009   -0.0000000013   -0.0000000000    0.0000000000   -0.0000000354   -0.0000000009   -0.0000000000   -0.0000000000   -0.0000000019   -0.0000000003   -0.0000000000
  0.0103145933    0.0000000001    0.0000000016   -0.0000000000    0.0000000003   -0.0000000000   -0.0000000000    0.0000011314    0.0000000000    0.0000000000    0.0000000000   -0.0000006637    0.0000000002    0.0000000000   -0.0000000013   -0.0000000000    0.0000000000   -0.0000000124    0.0000000000   -0.0000000000   -0.0000000000    0.0000002582   -0.0005759474   -0.0000000000   -0.0000000003    0.0000000000   -0.0000000000   -0.0000001548    0.0000000027    0.0000000000   -0.0000000000    0.0000000000   -0.0000000714    0.0000000000    0.0000000018    0.0000000000    0.0000000000    0.0000000059   -0.0000000010   -0.0000000000   -0.0000000006    0.0000000000   -0.0000000000    0.0000000062    0.0000000041    0.0000000000    0.0000000037    0.0000000000   -0.0000000000    0.0035075490    0.0000000836   -0.0000000000    0.0000000000   -0.0000000052    0.0000000000    0.0000000033    0.0000000012   -0.0000000000    0.0000000009    0.0000000000    0.0000000312    0.0000000000    0.0000000000   -0.0000000004    0.0000000000   -0.0000000047   -0.0000000013   -0.0000000000    0.0007319426   -0.0000000002    0.0000000000   -0.0000000020   -0.0000000032   -0.0000000000    0.0000000000   -0.0000000188    0.0000000285    0.0000000000   -0.0000000000    0.0000000025
  0.0000000001   -0.0096991609    0.0000000000    0.0000000003    0.0000000000   -0.0000000000    0.0000011979    0.0000000000   -0.0000000000   -0.0000000000   -0.0000006982   -0.0000000000    0.0000000000   -0.0000000004   -0.0000000000    0.0000000003    0.0000000040    0.0000000000    0.0000000000    0.0000000002    0.0000002747    0.0000000000   -0.0000000000    0.0005415751   -0.0000000000   -0.0000000005    0.0000001587   -0.0000000000    0.0000000000   -0.0000000011   -0.0000000000    0.0000000001   -0.0000000000   -0.0000000735    0.0000000000   -0.0000000000   -0.0000000007    0.0000000000   -0.0000000000    0.0000000014   -0.0000000000   -0.0000000047   -0.0000000005    0.0000000000    0.0000000000   -0.0000000005    0.0000000000   -0.0000000029    0.0032982703    0.0000000000    0.0000000000    0.0000000866   -0.0000000007   -0.0000000000   -0.0000000011    0.0000000000    0.0000000000    0.0000000056   -0.0000000000    0.0000000002    0.0000000000   -0.0000000335   -0.0000000003   -0.0000000000    0.0000000020    0.0000000000   -0.0000000000    0.0000000001   -0.0000000002   -0.0006882717    0.0000000016    0.0000000000   -0.0000000000    0.0000000006   -0.0000000197   -0.0000000000    0.0000000000   -0.0000000285    0.0000000004    0.0000000000
  0.0000000532    0.0000000000    0.0000000006   -0.0000000000    0.0057329562    0.0000000000   -0.0000000000    0.0000000074   -0.0000000000    0.0000000012   -0.0000000000    0.0000000054    0.0000000177    0.0000000000    0.0000000125   -0.0000000000   -0.0000000002    0.0130632102    0.0000000001   -0.0000000000    0.0000000000   -0.0000000108   -0.0000000103   -0.0000000000   -0.0000000135    0.0000000000   -0.0000000000   -0.0000000096   -0.0027187228    0.0000000000   -0.0000000109   -0.0000000000    0.0000000182   -0.0000000000   -0.0000000245   -0.0000000000    0.0000000000    0.0000004423   -0.0000000078   -0.0000000000    0.0000000056   -0.0000000000    0.0000000000   -0.0000000649    0.0004261277    0.0000000000   -0.0000000473    0.0000000000   -0.0000000000   -0.0000000092   -0.0000000541    0.0000000000    0.0000000000    0.0015755033   -0.0000000000   -0.0000000264   -0.0000000066    0.0000000000   -0.0000001139   -0.0000000000    0.0000000383    0.0000000000    0.0000000000   -0.0000000199   -0.0000000000    0.0000000433    0.0000000048    0.0000000000   -0.0000000021    0.0000000000    0.0000000000   -0.0000000131    0.0004619707    0.0000000000    0.0000000000   -0.0000000227    0.0000000168   -0.0000000000    0.0000000000   -0.0000000116
  0.0000000000   -0.0000000157    0.0000000000    0.0000000010    0.0000000000   -0.0053908770    0.0000000002   -0.0000000000    0.0000000003    0.0000000000    0.0000000008    0.0000000000   -0.0000000000    0.0000000001   -0.0000000000   -0.0000000122   -0.0122837821   -0.0000000002   -0.0000000000   -0.0000000005   -0.0000000035   -0.0000000000   -0.0000000000    0.0000000021   -0.0000000000    0.0000000043    0.0000000002   -0.0000000000    0.0000000000    0.0025565130    0.0000000000   -0.0000000014    0.0000000000    0.0000000045   -0.0000000000    0.0000000043   -0.0000004668    0.0000000000    0.0000000000   -0.0000000007    0.0000000000    0.0000000117    0.0000000142    0.0000000000   -0.0000000000    0.0004007540    0.0000000000    0.0000000107   -0.0000000190    0.0000000000   -0.0000000000   -0.0000000176    0.0014814603   -0.0000000000   -0.0000000010    0.0000000000   -0.0000000000   -0.0000000138   -0.0000000000    0.0000001124    0.0000000000   -0.0000000131    0.0000000045    0.0000000000   -0.0000000022   -0.0000000000   -0.0000000000    0.0000000005    0.0000000000    0.0000000055   -0.0000000130   -0.0000000000    0.0000000000   -0.0004344032   -0.0000000068   -0.0000000000   -0.0000000000   -0.0000000052   -0.0000000079    0.0000000000

# Root 5  E=0.3548642786 Ha  9.656354 eV
  0.0000000000    0.0000000000    0.0000000000    0.0000000000    0.0000000000    0.0000000000    0.0000000000    0.0000000000    0.0000000000    0.0000000000    0.0000000000    0.0000000000    0.0000000000    0.0000000000    0.0000000000    0.0000000000    0.0000000000    0.0000000000    0.0000000000    0.0000000000    0.0000000000    0.0000000000    0.0000000000    0.0000000000    0.0000000000    0.0000000000    0.0000000000    0.0000000000    0.0000000000    0.0000000000    0.0000000000    0.0000000000    0.0000000000    0.0000000000    0.0000000000    0.0000000000    0.0000000000    0.0000000000    0.0000000000    0.0000000000    0.0000000000    0.0000000000    0.0000000000    0.0000000000    0.0000000000    0.0000000000    0.0000000000    0.0000000000    0.0000000000    0.0000000000    0.0000000000    0.0000000000    0.0000000000    0.0000000000    0.0000000000    0.0000000000    0.0000000000    0.0000000000    0.0000000000    0.0000000000    0.0000000000    0.0000000000    0.0000000000    0.0000000000    0.0000000000    0.0000000000    0.0000000000    0.0000000000    0.0000000000    0.0000000000    0.0000000000    0.0000000000    0.0000000000    0.0000000000    0.0000000000    0.0000000000    0.0000000000    0.0000000000    0.0000000000    0.0000000000
  0.0000000000    0.0000000000    0.0000000000    0.0000000000    0.0000000000    0.0000000000    0.0000000000    0.0000000000    0.0000000000    0.0000000000    0.0000000000    0.0000000000    0.0000000000    0.0000000000    0.0000000000    0.0000000000    0.0000000000    0.0000000000    0.0000000000    0.0000000000    0.0000000000    0.0000000000    0.0000000000    0.0000000000    0.0000000000    0.0000000000    0.0000000000    0.0000000000    0.0000000000    0.0000000000    0.0000000000    0.0000000000    0.0000000000    0.0000000000    0.0000000000    0.0000000000    0.0000000000    0.0000000000    0.0000000000    0.0000000000    0.0000000000    0.0000000000    0.0000000000    0.0000000000    0.0000000000    0.0000000000    0.0000000000    0.0000000000    0.0000000000    0.0000000000    0.0000000000    0.0000000000    0.0000000000    0.0000000000    0.0000000000    0.0000000000    0.0000000000    0.0000000000    0.0000000000    0.0000000000    0.0000000000    0.0000000000    0.0000000000    0.0000000000    0.0000000000    0.0000000000    0.0000000000    0.0000000000    0.0000000000    0.0000000000    0.0000000000    0.0000000000    0.0000000000    0.0000000000    0.0000000000    0.0000000000    0.0000000000    0.0000000000    0.0000000000    0.0000000000
  0.0000000000    0.0000000000    0.0000000000    0.0000000000    0.0000000000    0.0000000000    0.0000000000    0.0000000000    0.0000000000    0.0000000000    0.0000000000    0.0000000000    0.0000000000    0.0000000000    0.0000000000    0.0000000000    0.0000000000    0.0000000000    0.0000000000    0.0000000000    0.0000000000    0.0000000000    0.0000000000    0.0000000000    0.0000000000    0.0000000000    0.0000000000    0.0000000000    0.0000000000    0.0000000000    0.0000000000    0.0000000000    0.0000000000    0.0000000000    0.0000000000    0.0000000000    0.0000000000    0.0000000000    0.0000000000    0.0000000000    0.0000000000    0.0000000000    0.0000000000    0.0000000000    0.0000000000    0.0000000000    0.0000000000    0.0000000000    0.0000000000    0.0000000000    0.0000000000    0.0000000000    0.0000000000    0.0000000000    0.0000000000    0.0000000000    0.0000000000    0.0000000000    0.0000000000    0.0000000000    0.0000000000    0.0000000000    0.0000000000    0.0000000000    0.0000000000    0.0000000000    0.0000000000    0.0000000000    0.0000000000    0.0000000000    0.0000000000    0.0000000000    0.0000000000    0.0000000000    0.0000000000    0.0000000000    0.0000000000    0.0000000000    0.0000000000    0.0000000000
  0.0000000000    0.0000000000    0.0000000000    0.0000000000    0.0000000000    0.0000000000    0.0000000000    0.0000000000    0.0000000000    0.0000000000    0.0000000000    0.0000000000    0.0000000000    0.0000000000    0.0000000000    0.0000000000    0.0000000000    0.0000000000    0.0000000000    0.0000000000    0.0000000000    0.0000000000    0.0000000000    0.0000000000    0.0000000000    0.0000000000    0.0000000000    0.0000000000    0.0000000000    0.0000000000    0.0000000000    0.0000000000    0.0000000000    0.0000000000    0.0000000000    0.0000000000    0.0000000000    0.0000000000    0.0000000000    0.0000000000    0.0000000000    0.0000000000    0.0000000000    0.0000000000    0.0000000000    0.0000000000    0.0000000000    0.0000000000    0.0000000000    0.0000000000    0.0000000000    0.0000000000    0.0000000000    0.0000000000    0.0000000000    0.0000000000    0.0000000000    0.0000000000    0.0000000000    0.0000000000    0.0000000000    0.0000000000    0.0000000000    0.0000000000    0.0000000000    0.0000000000    0.0000000000    0.0000000000    0.0000000000    0.0000000000    0.0000000000    0.0000000000    0.0000000000    0.0000000000    0.0000000000    0.0000000000    0.0000000000    0.0000000000    0.0000000000    0.0000000000
 -0.0000000003   -0.0000000000   -0.0000000515   -0.0000000000   -0.0000000005    0.0000000000    0.0000000000    0.0000000165    0.0000000000   -0.0000000006   -0.0000000000    0.0000000111   -0.0000002647   -0.0000000000    0.0000002724   -0.0000000000    0.0000000000   -0.0000000000   -0.0014282567    0.0000000000   -0.0000000000    0.0000000082    0.0000000009   -0.0000000000   -0.0000000254    0.0000000000   -0.0000000000   -0.0000000092   -0.0000000004    0.0000000000   -0.0000000006   -0.0000000000    0.0000000130   -0.0000000000    0.0000000000    0.0000000000   -0.0000000000   -0.0000000021    0.0000000001   -0.0000000000    0.0000818537   -0.0000000000   -0.0000000000    0.0000000004    0.0000000002    0.0000000000   -0.0000000018    0.0000000000    0.0000000000    0.0000000000    0.0000000028   -0.0000000000   -0.0000000000   -0.0000000001   -0.0000000000   -0.0000000422    0.0001524762   -0.0000000000    0.0000000006    0.0000000000   -0.0000000013   -0.0000000000    0.0000000000   -0.0000000002   -0.0000000000    0.0000000653    0.0000000000    0.0000000000    0.0000000006   -0.0000000000   -0.0000000000    0.0000000843   -0.0000000004   -0.0000000000    0.0000000000   -0.0000000006    0.0000000014    0.0000000000    0.0000000000    0.0000000003
 -0.0000000000    0.0000000028   -0.0000000000   -0.0000000535   -0.0000000000    0.0000000009    0.0000000045   -0.0000000000   -0.0000000000   -0.0000000000    0.0000000031    0.0000000000    0.0000000000   -0.0000002602   -0.0000000000   -0.0000002720    0.0000000002    0.0000000000    0.0000000000    0.0014943816    0.0000000022   -0.0000000000    0.0000000000   -0.0000000016    0.0000000000   -0.0000000236    0.0000000030   -0.0000000000   -0.0000000000   -0.0000000000    0.0000000000   -0.0000000002    0.0000000000    0.0000000040    0.0000000000   -0.0000000002    0.0000000005   -0.0000000000    0.0000000000    0.0000000002    0.0000000000    0.0000856552   -0.0000000005   -0.0000000000   -0.0000000000   -0.0000000003    0.0000000000    0.0000000045   -0.0000000148   -0.0000000000    0.0000000000   -0.0000000029   -0.0000000003    0.0000000000    0.0000000424   -0.0000000000    0.0000000000    0.0001594993    0.0000000000   -0.0000000000    0.0000000000   -0.0000000005    0.0000000003    0.0000000000   -0.0000000659   -0.0000000000    0.0000000000   -0.0000000001    0.0000000000    0.0000000047    0.0000000788    0.0000000000    0.0000000000   -0.0000000003   -0.0000000001    0.0000000000    0.0000000000   -0.0000000031    0.0000000000   -0.0000000000
  0.0000000000   -0.0031224620    0.0000000000   -0.0000000070   -0.0000000000    0.0000000000   -0.0000000803   -0.0000000000   -0.0000000007   -0.0000000000   -0.0000000190   -0.0000000000    0.0000000000   -0.0000000018    0.0000000000   -0.0000000019    0.0000000002    0.0000000000    0.0000000000    0.0000000005   -0.0000001835   -0.0000000000   -0.0000000000    0.0006125647    0.0000000000    0.0000000023    0.0000000304   -0.0000000000   -0.0000000000   -0.0000000000   -0.0000000000    0.0000000001    0.0000000000    0.0000000192   -0.0000000000   -0.0000000001    0.0000000001   -0.0000000000    0.0000000000    0.0000000008    0.0000000000   -0.0000000077   -0.0000000001   -0.0000000000    0.0000000000   -0.0000000004    0.0000000000   -0.0000000002    0.0005347950    0.0000000000    0.0000000000    0.0000000956    0.0000000003    0.0000000000    0.0000000007   -0.0000000000    0.0000000000    0.0000000104   -0.0000000000    0.0000000001    0.0000000000   -0.0000000908   -0.0000000004   -0.0000000000   -0.0000000015   -0.0000000000    0.0000000000   -0.0000000005    0.0000000003    0.0010623395    0.0000000022    0.0000000000    0.0000000000    0.0000000000   -0.0000000967   -0.0000000000   -0.0000000000    0.0000000875    0.0000000002   -0.0000000000
  0.0029847239    0.0000000000   -0.0000000269    0.0000000000   -0.0000000009   -0.0000000000    0.0000000000   -0.0000000911    0.0000000000   -0.0000000005    0.0000000000   -0.0000000218   -0.0000000067    0.0000000000    0.0000000071   -0.0000000000   -0.0000000000    0.0000000002   -0.0000000009   -0.0000000000    0.0000000000   -0.0000001843   -0.0005854042   -0.0000000000    0.0000000117    0.0000000000   -0.0000000000   -0.0000000304   -0.0000000003    0.0000000000   -0.0000000002   -0.0000000000    0.0000000197   -0.0000000000   -0.0000000002   -0.0000000000   -0.0000000000   -0.0000000002    0.0000000012    0.0000000000   -0.0000000002    0.0000000000    0.0000000000   -0.0000000010   -0.0000000007    0.0000000000   -0.0000000006    0.0000000000   -0.0000000000    0.0005111774    0.0000000971   -0.0000000000    0.0000000000    0.0000000007   -0.0000000000    0.0000000006   -0.0000000001   -0.0000000000   -0.0000000003   -0.0000000000    0.0000000927    0.0000000000   -0.0000000000    0.0000000000   -0.0000000000    0.0000000016   -0.0000000006   -0.0000000000   -0.0010153914    0.0000000003    0.0000000000   -0.0000000002    0.0000000005   -0.0000000000    0.0000000000   -0.0000000997   -0.0000000885   -0.0000000000   -0.0000000000   -0.0000000005
  0.0000000016   -0.0000000000    0.0000000021   -0.0000000000   -0.0000000422    0.0000000000    0.0000000000   -0.0000000092    0.0000000000    0.0000000242    0.0000000000   -0.0000000053    0.0000000012   -0.0000000000   -0.0000000034    0.0000000000    0.0000000000   -0.0000001372   -0.0000000006   -0.0000000000    0.0000000000    0.0000000007   -0.0000000002    0.0000000000    0.0000000019    0.0000000000    0.0000000000    0.0000000069    0.0000000780   -0.0000000000    0.0000000103   -0.0000000000   -0.0000000084   -0.0000000000    0.0000000001    0.0000000000    0.0000000013   -0.0038259879    0.0000000020    0.0000000000   -0.0000000033   -0.0000000000    0.0000000000    0.0000000075    0.0000002113    0.0000000000    0.0000000028   -0.0000000000    0.0000000000    0.0000000029    0.0000000003    0.0000000000    0.0000000000    0.0000001190   -0.0000000000    0.0000000082    0.0000000051    0.0000000000    0.0017703797    0.0000000367   -0.0000000131    0.0000000000    0.0000000000   -0.0000000089    0.0000000000   -0.0000000101   -0.0000000016    0.0000000000    0.0000000009   -0.0000000000    0.0000000000   -0.0000000126   -0.0000001420    0.0000000000    0.0000000000    0.0000000123    0.0000000088    0.0000000000    0.0000000000    0.0000000120
 -0.0000000000   -0.0000000016   -0.0000000000   -0.0000000019    0.0000000000    0.0000000325    0.0000000001    0.0000000000    0.0000000064   -0.0000000000   -0.0000000013    0.0000000000   -0.0000000000   -0.0000000031    0.0000000000    0.0000000029    0.0000001306    0.0000000000    0.0000000000   -0.0000000002    0.0000000017   -0.0000000000    0.0000000000    0.0000000007   -0.0000000000    0.0000000026    0.0000000011   -0.0000000000   -0.0000000000   -0.0000000820   -0.0000000000   -0.0000000032    0.0000000000   -0.0000000039   -0.0000000000    0.0000000010    0.0040027824    0.0000000012   -0.0000000000    0.0000000009    0.0000000000   -0.0000000075    0.0000000017   -0.0000000000   -0.0000000000    0.0000001923   -0.0000000000   -0.0000000144    0.0000000102   -0.0000000000   -0.0000000000    0.0000000157    0.0000001162   -0.0000000000   -0.0000000085   -0.0000000000   -0.0000000000    0.0000000094    0.0000000385   -0.0018522449    0.0000000000    0.0000000127   -0.0000000008    0.0000000000    0.0000000140    0.0000000000    0.0000000000    0.0000000005   -0.0000000000   -0.0000000031    0.0000000013    0.0000000000    0.0000000000    0.0000001267    0.0000000061   -0.0000000000   -0.0000000000    0.0000000047    0.0000000009   -0.0000000000
  0.0000000021   -0.0000000000    0.0000002240   -0.0000000000    0.0000000006    0.0000000000   -0.0000000000    0.0000000003    0.0000000000   -0.0000000004    0.0000000000   -0.0000000399    0.0000001248   -0.0000000000   -0.0000002210   -0.0000000000    0.0000000000    0.0000000007    0.0035399886    0.0000000000    0.0000000000   -0.0000000156    0.0000000004    0.0000000000    0.0000000203   -0.0000000000    0.0000000000    0.0000000041    0.0000000009    0.0000000000    0.0000000007    0.0000000000   -0.0000000358    0.0000000000    0.0000000000    0.0000000000   -0.0000000000   -0.0000000003   -0.0000000001    0.0000000000   -0.0036195395    0.0000000001    0.0000000000   -0.0000000007   -0.0000000010   -0.0000000000    0.0000001242    0.0000000000    0.0000000000    0.0000000002   -0.0000000036    0.0000000000    0.0000000000   -0.0000000004   -0.0000000000   -0.0000000605   -0.0015651666    0.0000000000    0.0000000004    0.0000000000    0.0000000021    0.0000000000   -0.0000000000    0.0000000016   -0.0000000000    0.0000000202    0.0000000002    0.0000000000   -0.0000000001   -0.0000000000   -0.0000000000    0.0000001291    0.0000000022    0.0000000000   -0.0000000000    0.0000000009   -0.0000000017    0.0000000000   -0.0000000000   -0.0000000016
 -0.0000000000    0.0000000045    0.0000000000    0.0000002136    0.0000000000   -0.0000000022    0.0000000003   -0.0000000000   -0.0000000001   -0.0000000000   -0.0000000101   -0.0000000000    0.0000000000    0.0000001357   -0.0000000000    0.0000002345   -0.0000000017   -0.0000000000    0.0000000000   -0.0037035910   -0.0000000043   -0.0000000000    0.0000000000   -0.0000000013    0.0000000000    0.0000000223   -0.0000000002    0.0000000000    0.0000000000   -0.0000000008    0.0000000000   -0.0000000003   -0.0000000000   -0.0000000082    0.0000000000   -0.0000000005    0.0000000003   -0.0000000000    0.0000000000    0.0000000003   -0.0000000001   -0.0037867964   -0.0000000012   -0.0000000000   -0.0000000000    0.0000000004    0.0000000000   -0.0000001121   -0.0000000238    0.0000000000   -0.0000000000   -0.0000000085   -0.0000000002   -0.0000000000    0.0000000612   -0.0000000000   -0.0000000000   -0.0016375631    0.0000000000   -0.0000000001    0.0000000000   -0.0000000031    0.0000000007    0.0000000000   -0.0000000223   -0.0000000000    0.0000000000   -0.0000000001    0.0000000000    0.0000000065    0.0000001195    0.0000000000    0.0000000000   -0.0000000009   -0.0000000002   -0.0000000000   -0.0000000000   -0.0000000042    0.0000000001   -0.0000000000
 -0.0000000002   -0.0000000000    0.0000000050   -0.0000000000    0.0000000056    0.0000000000    0.0000000000   -0.0000000020   -0.0000000000   -0.0000003994    0.0000000000   -0.0000000008    0.0000000030   -0.0000000000   -0.0000000026    0.0000000000    0.0000000000   -0.0000000291    0.0000000000   -0.0000000000   -0.0000000000   -0.0000000006   -0.0000000000    0.0000000000   -0.0000000060    0.0000000000    0.0000000000    0.0000000029    0.0000000120    0.0000000000   -0.0000000203   -0.0000000000    0.0000000000   -0.0000000000    0.0000000501    0.0000000000   -0.0000000000   -0.0000000013   -0.0026552053    0.0000000000    0.0000000008   -0.0000000000   -0.0000000000    0.0000000846   -0.0000000113    0.0000000000   -0.0000000022   -0.0000000000    0.0000000000   -0.0000000031   -0.0000000032    0.0000000000    0.0000000000   -0.0000000048   -0.0000000000   -0.0000000020   -0.0000000012    0.0000000000   -0.0000000011   -0.0000000000    0.0000000044    0.0000000000    0.0000000000   -0.0000002253   -0.0000000000    0.0000000041   -0.0013885165   -0.0000000000   -0.0000000016    0.0000000000   -0.0000000000    0.0000000003   -0.0000000009   -0.0000000000    0.0000000000   -0.0000000020   -0.0000000002    0.0000000000   -0.0000000000    0.0000000971
  0.0000000000    0.0000000007    0.0000000000    0.0000000003    0.0000000000   -0.0000000015   -0.0000000005   -0.0000000000   -0.0000003770    0.0000000000   -0.0000000011   -0.0000000000    0.0000000000    0.0000000011   -0.0000000000   -0.0000000009    0.0000000075   -0.0000000000    0.0000000000   -0.0000000002    0.0000000002   -0.0000000000    0.0000000000   -0.0000000006   -0.0000000000   -0.0000000008   -0.0000000001    0.0000000000    0.0000000000   -0.0000000030   -0.0000000000    0.0000000167    0.0000000000    0.0000000012    0.0000000000   -0.0000000518   -0.0000000014    0.0000000000   -0.0000000000   -0.0027778565    0.0000000000    0.0000000031   -0.0000000864   -0.0000000000   -0.0000000000   -0.0000000017   -0.0000000000    0.0000000056   -0.0000000059   -0.0000000000   -0.0000000000   -0.0000000063   -0.0000000020   -0.0000000000    0.0000000031   -0.0000000000   -0.0000000000   -0.0000000038   -0.0000000000    0.0000000002    0.0000000000   -0.0000000051   -0.0000002191   -0.0000000000   -0.0000000052   -0.0000000000    0.0000000000   -0.0014527325    0.0000000000    0.0000000019   -0.0000000011   -0.0000000000   -0.0000000000    0.0000000005   -0.0000000024   -0.0000000000   -0.0000000000   -0.0000000023    0.0000000959    0.0000000000
  0.0000001033    0.0000000000   -0.0047768846   -0.0000000000    0.0000000009   -0.0000000000   -0.0000000000    0.0000000015    0.0000000000   -0.0000000001   -0.0000000000    0.0000000008   -0.0000556937    0.0000000000   -0.0016326162    0.0000000000   -0.0000000000    0.0000000041   -0.0000008522    0.0000000000   -0.0000000000    0.0000000017   -0.0000000274    0.0000000000    0.0033144608   -0.0000000000    0.0000000000   -0.0000000009   -0.0000000008   -0.0000000000   -0.0000000001    0.0000000000    0.0000000001    0.0000000000    0.0000000009    0.0000000000    0.0000000000    0.0000000009    0.0000000007    0.0000000000   -0.0000001383    0.0000000000   -0.0000000000    0.0000000026    0.0000000020   -0.0000000000    0.0010774552   -0.0000000000   -0.0000000000   -0.0000000018    0.0000000009    0.0000000000    0.0000000000   -0.0000000010   -0.0000000000   -0.0027773191    0.0000001560   -0.0000000000    0.0000000001    0.0000000000   -0.0000000029   -0.0000000000    0.0000000000   -0.0000000002    0.0000000009   -0.0003896555    0.0000000000   -0.0000000000   -0.0000000002    0.0000000000    0.0000000002   -0.0004881825    0.0000000004    0.0000000000    0.0000000000    0.0000000019    0.0000000005   -0.0000000000   -0.0000000000    0.0000000011
  0.0000000000   -0.0000000276    0.0000000000   -0.0049977661   -0.0000000000   -0.0000000000   -0.0000000015    0.0000000000   -0.0000000001   -0.0000000000   -0.0000000013   -0.0000000000   -0.0000000000   -0.0000584723    0.0000000000    0.0017077477   -0.0000000008    0.0000000000    0.0000000000    0.0000008322   -0.0000000014    0.0000000000    0.0000000000    0.0000000072    0.0000000000    0.0034677523   -0.0000000007   -0.0000000000   -0.0000000000   -0.0000000003   -0.0000000000    0.0000000001    0.0000000000   -0.0000000007    0.0000000000   -0.0000000003   -0.0000000009    0.0000000000    0.0000000000    0.0000000000   -0.0000000000   -0.0000001308   -0.0000000011   -0.0000000000    0.0000000000   -0.0000000007   -0.0000000000   -0.0011272485   -0.0000000003   -0.0000000000   -0.0000000000   -0.0000000005   -0.0000000002    0.0000000000    0.0029057092   -0.0000000000    0.0000000000    0.0000001507   -0.0000000000    0.0000000004   -0.0000000000    0.0000000005   -0.0000000002   -0.0000000000    0.0004076648    0.0000000010   -0.0000000000   -0.0000000001   -0.0000000000   -0.0000000000   -0.0005107490   -0.0000000002    0.0000000000   -0.0000000008   -0.0000000002   -0.0000000000   -0.0000000000    0.0000000002    0.0000000005    0.0000000000

# Root 6  E=0.3660380613 Ha  9.960408 eV
  0.0000000000    0.0000000000    0.0000000000    0.0000000000    0.0000000000    0.0000000000    0.0000000000    0.0000000000    0.0000000000    0.0000000000    0.0000000000    0.0000000000    0.0000000000    0.0000000000    0.0000000000    0.0000000000    0.0000000000    0.0000000000    0.0000000000    0.0000000000    0.0000000000    0.0000000000    0.0000000000    0.0000000000    0.0000000000    0.0000000000    0.0000000000    0.0000000000    0.0000000000    0.0000000000    0.0000000000    0.0000000000    0.0000000000    0.0000000000    0.0000000000    0.0000000000    0.0000000000    0.0000000000    0.0000000000    0.0000000000    0.0000000000    0.0000000000    0.0000000000    0.0000000000    0.0000000000    0.0000000000    0.0000000000    0.0000000000    0.0000000000    0.0000000000    0.0000000000    0.0000000000    0.0000000000    0.0000000000    0.0000000000    0.0000000000    0.0000000000    0.0000000000    0.0000000000    0.0000000000    0.0000000000    0.0000000000    0.0000000000    0.0000000000    0.0000000000    0.0000000000    0.0000000000    0.0000000000    0.0000000000    0.0000000000    0.0000000000    0.0000000000    0.0000000000    0.0000000000    0.0000000000    0.0000000000    0.0000000000    0.0000000000    0.0000000000    0.0000000000
  0.0000000000    0.0000000000    0.0000000000    0.0000000000    0.0000000000    0.0000000000    0.0000000000    0.0000000000    0.0000000000    0.0000000000    0.0000000000    0.0000000000    0.0000000000    0.0000000000    0.0000000000    0.0000000000    0.0000000000    0.0000000000    0.0000000000    0.0000000000    0.0000000000    0.0000000000    0.0000000000    0.0000000000    0.0000000000    0.0000000000    0.0000000000    0.0000000000    0.0000000000    0.0000000000    0.0000000000    0.0000000000    0.0000000000    0.0000000000    0.0000000000    0.0000000000    0.0000000000    0.0000000000    0.0000000000    0.0000000000    0.0000000000    0.0000000000    0.0000000000    0.0000000000    0.0000000000    0.0000000000    0.0000000000    0.0000000000    0.0000000000    0.0000000000    0.0000000000    0.0000000000    0.0000000000    0.0000000000    0.0000000000    0.0000000000    0.0000000000    0.0000000000    0.0000000000    0.0000000000    0.0000000000    0.0000000000    0.0000000000    0.0000000000    0.0000000000    0.0000000000    0.0000000000    0.0000000000    0.0000000000    0.0000000000    0.0000000000    0.0000000000    0.0000000000    0.0000000000    0.0000000000    0.0000000000    0.0000000000    0.0000000000    0.0000000000    0.0000000000
  0.0000000000    0.0000000000    0.0000000000    0.0000000000    0.0000000000    0.0000000000    0.0000000000    0.0000000000    0.0000000000    0.0000000000    0.0000000000    0.0000000000    0.0000000000    0.0000000000    0.0000000000    0.0000000000    0.0000000000    0.0000000000    0.0000000000    0.0000000000    0.0000000000    0.0000000000    0.0000000000    0.0000000000    0.0000000000    0.0000000000    0.0000000000    0.0000000000    0.0000000000    0.0000000000    0.0000000000    0.0000000000    0.0000000000    0.0000000000    0.0000000000    0.0000000000    0.0000000000    0.0000000000    0.0000000000    0.0000000000    0.0000000000    0.0000000000    0.0000000000    0.0000000000    0.0000000000    0.0000000000    0.0000000000    0.0000000000    0.0000000000    0.0000000000    0.0000000000    0.0000000000    0.0000000000    0.0000000000    0.0000000000    0.0000000000    0.0000000000    0.0000000000    0.0000000000    0.0000000000    0.0000000000    0.0000000000    0.0000000000    0.0000000000    0.0000000000    0.0000000000    0.0000000000    0.0000000000    0.0000000000    0.0000000000    0.0000000000    0.0000000000    0.0000000000    0.0000000000    0.0000000000    0.0000000000    0.0000000000    0.0000000000    0.0000000000    0.0000000000
  0.0000000000    0.0000000000    0.0000000000    0.0000000000    0.0000000000    0.0000000000    0.0000000000    0.0000000000    0.0000000000    0.0000000000    0.0000000000    0.0000000000    0.0000000000    0.0000000000    0.0000000000    0.0000000000    0.0000000000    0.0000000000    0.0000000000    0.0000000000    0.0000000000    0.0000000000    0.0000000000    0.0000000000    0.0000000000    0.0000000000    0.0000000000    0.0000000000    0.0000000000    0.0000000000    0.0000000000    0.0000000000    0.0000000000    0.0000000000    0.0000000000    0.0000000000    0.0000000000    0.0000000000    0.0000000000    0.0000000000    0.0000000000    0.0000000000    0.0000000000    0.0000000000    0.0000000000    0.0000000000    0.0000000000    0.0000000000    0.0000000000    0.0000000000    0.0000000000    0.0000000000    0.0000000000    0.0000000000    0.0000000000    0.0000000000    0.0000000000    0.0000000000    0.0000000000    0.0000000000    0.0000000000    0.0000000000    0.0000000000    0.0000000000    0.0000000000    0.0000000000    0.0000000000    0.0000000000    0.0000000000    0.0000000000    0.0000000000    0.0000000000    0.0000000000    0.0000000000    0.0000000000    0.0000000000    0.0000000000    0.0000000000    0.0000000000    0.0000000000
  0.0000000000   -0.0000000000   -0.0000000288   -0.0000000000   -0.0000000005   -0.0000000000    0.0000000000    0.0000000173    0.0000000000   -0.0000000006   -0.0000000000    0.0000000116    0.0000000792   -0.0000000000   -0.0000000000   -0.0000000000   -0.0000000000   -0.0000000000   -0.0014963379    0.0000000000   -0.0000000000    0.0000000086   -0.0000000004   -0.0000000000    0.0000000308   -0.0000000000   -0.0000000000   -0.0000000096   -0.0000000004   -0.0000000000   -0.0000000006   -0.0000000000    0.0000000136   -0.0000000000    0.0000000000    0.0000000000   -0.0000000000   -0.0000000001    0.0000000001   -0.0000000000    0.0000858057   -0.0000000000   -0.0000000000    0.0000000004    0.0000000003   -0.0000000000    0.0000000135   -0.0000000000    0.0000000000    0.0000000001    0.0000000029   -0.0000000000   -0.0000000000   -0.0000000001    0.0000000000    0.0000000222    0.0001592210   -0.0000000000   -0.0000000000   -0.0000000000   -0.0000000014   -0.0000000000    0.0000000000   -0.0000000002    0.0000000000   -0.0000000360    0.0000000000    0.0000000000   -0.0000000003    0.0000000000    0.0000000000   -0.0000000642   -0.0000000003    0.0000000000    0.0000000000   -0.0000000006    0.0000000014    0.0000000000   -0.0000000000    0.0000000003
  0.0000000000   -0.0000000026   -0.0000000000    0.0000000271    0.0000000000   -0.0000000005   -0.0000000043   -0.0000000000    0.0000000000   -0.0000000000   -0.0000000030   -0.0000000000   -0.0000000000   -0.0000000917   -0.0000000000   -0.0000000125   -0.0000000001   -0.0000000000   -0.0000000000   -0.0014303025   -0.0000000021   -0.0000000000    0.0000000000    0.0000000013   -0.0000000000   -0.0000000322   -0.0000000029   -0.0000000000    0.0000000000    0.0000000001   -0.0000000000    0.0000000002   -0.0000000000   -0.0000000039   -0.0000000000    0.0000000002    0.0000000002   -0.0000000000    0.0000000000   -0.0000000002   -0.0000000000   -0.0000820304    0.0000000005    0.0000000000    0.0000000000    0.0000000003    0.0000000000    0.0000000103    0.0000000141   -0.0000000000    0.0000000000    0.0000000028    0.0000000002   -0.0000000000    0.0000000229   -0.0000000000   -0.0000000000   -0.0001521598    0.0000000000   -0.0000000002   -0.0000000000    0.0000000004   -0.0000000003   -0.0000000000   -0.0000000368   -0.0000000000   -0.0000000000    0.0000000001   -0.0000000000   -0.0000000047    0.0000000704    0.0000000000   -0.0000000000    0.0000000004    0.0000000001    0.0000000000    0.0000000000    0.0000000030   -0.0000000000    0.0000000000
  0.0000000000    0.0029790486    0.0000000000    0.0000000068   -0.0000000000   -0.0000000000   -0.0000002206    0.0000000000    0.0000000004    0.0000000000   -0.0000000825   -0.0000000000    0.0000000000    0.0000000017    0.0000000000    0.0000000018   -0.0000000002   -0.0000000000    0.0000000000   -0.0000000003   -0.0000000223    0.0000000000   -0.0000000000   -0.0005874926    0.0000000000   -0.0000000022    0.0000000046    0.0000000000   -0.0000000000    0.0000000000    0.0000000000   -0.0000000001   -0.0000000000   -0.0000000037   -0.0000000000    0.0000000000   -0.0000000001    0.0000000000   -0.0000000000    0.0000000001    0.0000000000    0.0000000072    0.0000000001    0.0000000000   -0.0000000000    0.0000000004    0.0000000000    0.0000000002   -0.0005105491    0.0000000000   -0.0000000000    0.0000000682   -0.0000000003    0.0000000000   -0.0000000007   -0.0000000000   -0.0000000000   -0.0000000100    0.0000000000   -0.0000000001    0.0000000000   -0.0000000529    0.0000000003    0.0000000000    0.0000000014    0.0000000000    0.0000000000    0.0000000001   -0.0000000003   -0.0010155504   -0.0000000021   -0.0000000000    0.0000000000   -0.0000000000   -0.0000000854   -0.0000000000    0.0000000000    0.0000000563   -0.0000000002   -0.0000000000
  0.0031170348   -0.0000000000   -0.0000000282    0.0000000000   -0.0000000010    0.0000000000    0.0000000000    0.0000002159    0.0000000000   -0.0000000005   -0.0000000000    0.0000000826   -0.0000000070    0.0000000000    0.0000000074    0.0000000000   -0.0000000000    0.0000000002   -0.0000000003   -0.0000000000    0.0000000000    0.0000000140   -0.0006145588    0.0000000000    0.0000000123    0.0000000000   -0.0000000000    0.0000000034   -0.0000000003    0.0000000000   -0.0000000002   -0.0000000000    0.0000000053   -0.0000000000   -0.0000000003   -0.0000000000   -0.0000000000   -0.0000000002   -0.0000000015   -0.0000000000    0.0000000008    0.0000000000    0.0000000000   -0.0000000010   -0.0000000007    0.0000000000   -0.0000000006    0.0000000000    0.0000000000    0.0005341691   -0.0000000654   -0.0000000000    0.0000000000    0.0000000008   -0.0000000000    0.0000000006    0.0000000002    0.0000000000   -0.0000000003   -0.0000000000   -0.0000000491   -0.0000000000   -0.0000000000    0.0000000000   -0.0000000000    0.0000000017    0.0000000006    0.0000000000   -0.0010624992    0.0000000003    0.0000000000   -0.0000000002    0.0000000005   -0.0000000000   -0.0000000000    0.0000000817    0.0000000539   -0.0000000000    0.0000000000   -0.0000000005
  0.0000000017    0.0000000000    0.0000000024    0.0000000000    0.0000001940    0.0000000000   -0.0000000000   -0.0000000096   -0.0000000000    0.0000000253    0.0000000000   -0.0000000055    0.0000000013    0.0000000000   -0.0000000034   -0.0000000000    0.0000000000    0.0000001786   -0.0000000004    0.0000000000   -0.0000000000    0.0000000007   -0.0000000002   -0.0000000000    0.0000000019   -0.0000000000   -0.0000000000    0.0000000072   -0.0000000169   -0.0000000000    0.0000000108    0.0000000000   -0.0000000087    0.0000000000    0.0000000001   -0.0000000000   -0.0000000017   -0.0040007724    0.0000000020   -0.0000000000   -0.0000000017    0.0000000000   -0.0000000000    0.0000000078   -0.0000001174    0.0000000000    0.0000000028    0.0000000000   -0.0000000000    0.0000000031    0.0000000003   -0.0000000000    0.0000000000   -0.0000000645    0.0000000000    0.0000000086    0.0000000017   -0.0000000000    0.0018526014    0.0000000398   -0.0000000137   -0.0000000000    0.0000000000   -0.0000000093    0.0000000000   -0.0000000106   -0.0000000015   -0.0000000000    0.0000000009    0.0000000000    0.0000000000   -0.0000000132    0.0000000741    0.0000000000   -0.0000000000    0.0000000129    0.0000000092   -0.0000000000   -0.0000000000    0.0000000126
 -0.0000000000    0.0000000015   -0.0000000000    0.0000000013   -0.0000000000    0.0000001964   -0.0000000001    0.0000000000   -0.0000000062   -0.0000000000    0.0000000012    0.0000000000   -0.0000000000    0.0000000027    0.0000000000   -0.0000000024    0.0000001831   -0.0000000000    0.0000000000    0.0000000003   -0.0000000016   -0.0000000000    0.0000000000   -0.0000000007   -0.0000000000   -0.0000000023   -0.0000000011   -0.0000000000    0.0000000000   -0.0000000158   -0.0000000000    0.0000000031    0.0000000000    0.0000000038   -0.0000000000   -0.0000000010   -0.0038238888    0.0000000017   -0.0000000000   -0.0000000009    0.0000000000    0.0000000066   -0.0000000017   -0.0000000000    0.0000000000    0.0000001397   -0.0000000000    0.0000000136   -0.0000000097   -0.0000000000   -0.0000000000   -0.0000000150    0.0000000696    0.0000000000    0.0000000081   -0.0000000000   -0.0000000000   -0.0000000078   -0.0000000381    0.0017707491    0.0000000000   -0.0000000121    0.0000000008    0.0000000000   -0.0000000134   -0.0000000000    0.0000000000   -0.0000000005    0.0000000000    0.0000000030   -0.0000000013    0.0000000000   -0.0000000000    0.0000000917   -0.0000000058   -0.0000000000   -0.0000000000   -0.0000000045   -0.0000000008   -0.0000000000
  0.0000000022    0.0000000000   -0.0000002034   -0.0000000000    0.0000000006   -0.0000000000   -0.0000000000    0.0000000003    0.0000000000   -0.0000000005    0.0000000000   -0.0000000418    0.0000002019    0.0000000000   -0.0000002955    0.0000000000   -0.0000000000    0.0000000006    0.0037022486   -0.0000000000   -0.0000000000   -0.0000000163   -0.0000000003    0.0000000000    0.0000000431    0.0000000000    0.0000000000    0.0000000042    0.0000000009   -0.0000000000    0.0000000007    0.0000000000   -0.0000000375    0.0000000000    0.0000000000   -0.0000000000   -0.0000000000   -0.0000000008   -0.0000000001    0.0000000000   -0.0037853371   -0.0000000000    0.0000000000   -0.0000000008   -0.0000000011    0.0000000000   -0.0000001131    0.0000000000   -0.0000000000   -0.0000000002   -0.0000000037   -0.0000000000   -0.0000000000   -0.0000000005   -0.0000000000    0.0000000020   -0.0016378555    0.0000000000   -0.0000000007   -0.0000000000    0.0000000022    0.0000000000   -0.0000000000    0.0000000017    0.0000000000   -0.0000000424    0.0000000002    0.0000000000   -0.0000000001    0.0000000000    0.0000000000   -0.0000000720    0.0000000023   -0.0000000000   -0.0000000000    0.0000000009   -0.0000000018   -0.0000000000    0.0000000000   -0.0000000017
 -0.0000000000   -0.0000000043   -0.0000000000    0.0000002143    0.0000000000    0.0000000014   -0.0000000002   -0.0000000000    0.0000000001   -0.0000000000    0.0000000098    0.0000000000    0.0000000000   -0.0000001978   -0.0000000000   -0.0000002856    0.0000000011    0.0000000000    0.0000000000    0.0035385860    0.0000000041   -0.0000000000    0.0000000000    0.0000000012    0.0000000000   -0.0000000422    0.0000000002    0.0000000000    0.0000000000    0.0000000005    0.0000000000    0.0000000003    0.0000000000    0.0000000079   -0.0000000000    0.0000000004   -0.0000000004    0.0000000000   -0.0000000000   -0.0000000003   -0.0000000000    0.0036179804    0.0000000012    0.0000000000   -0.0000000000   -0.0000000003   -0.0000000000   -0.0000001252    0.0000000228   -0.0000000000   -0.0000000000    0.0000000081    0.0000000003   -0.0000000000    0.0000000039    0.0000000000   -0.0000000000    0.0015655107    0.0000000000   -0.0000000002   -0.0000000000    0.0000000030   -0.0000000006   -0.0000000000   -0.0000000393   -0.0000000000    0.0000000000    0.0000000001   -0.0000000000   -0.0000000062    0.0000000837    0.0000000000    0.0000000000    0.0000000008    0.0000000002    0.0000000000   -0.0000000000    0.0000000040   -0.0000000001   -0.0000000000
 -0.0000000002    0.0000000000    0.0000000053    0.0000000000    0.0000000058    0.0000000000   -0.0000000000   -0.0000000021    0.0000000000    0.0000004520    0.0000000000   -0.0000000008    0.0000000031    0.0000000000   -0.0000000027   -0.0000000000    0.0000000000   -0.0000000305    0.0000000000    0.0000000000   -0.0000000000   -0.0000000007   -0.0000000002   -0.0000000000   -0.0000000063   -0.0000000000   -0.0000000000    0.0000000031    0.0000000126   -0.0000000000    0.0000000734   -0.0000000000    0.0000000001    0.0000000000    0.0000000176   -0.0000000000   -0.0000000000   -0.0000000016   -0.0027756205   -0.0000000000    0.0000000008    0.0000000000    0.0000000000   -0.0000000604   -0.0000000119   -0.0000000000   -0.0000000023    0.0000000000   -0.0000000000   -0.0000000001   -0.0000000034   -0.0000000000   -0.0000000000   -0.0000000050    0.0000000000   -0.0000000021   -0.0000000012   -0.0000000000   -0.0000000014   -0.0000000000    0.0000000046    0.0000000000   -0.0000000000    0.0000001379   -0.0000000000    0.0000000043   -0.0014531438   -0.0000000001    0.0000000001   -0.0000000000   -0.0000000000    0.0000000003   -0.0000000009    0.0000000000    0.0000000000   -0.0000000021   -0.0000000002   -0.0000000000   -0.0000000000   -0.0000000794
  0.0000000000   -0.0000000007    0.0000000000   -0.0000000003    0.0000000000    0.0000000014    0.0000000004   -0.0000000000   -0.0000004710    0.0000000000    0.0000000005    0.0000000000    0.0000000000   -0.0000000010   -0.0000000000    0.0000000008   -0.0000000073   -0.0000000000    0.0000000000    0.0000000002    0.0000000002   -0.0000000000   -0.0000000000    0.0000000005   -0.0000000000    0.0000000008    0.0000000002    0.0000000000    0.0000000000    0.0000000029    0.0000000000    0.0000000744   -0.0000000000   -0.0000000013    0.0000000000    0.0000000163    0.0000000013    0.0000000000   -0.0000000000    0.0026528628   -0.0000000000   -0.0000000029   -0.0000000598   -0.0000000000   -0.0000000000    0.0000000017   -0.0000000000   -0.0000000054    0.0000000046   -0.0000000000   -0.0000000000    0.0000000062    0.0000000019   -0.0000000000   -0.0000000030   -0.0000000000    0.0000000000    0.0000000037    0.0000000000   -0.0000000002   -0.0000000000    0.0000000049   -0.0000001476   -0.0000000000    0.0000000050    0.0000000000   -0.0000000001    0.0013889486   -0.0000000000   -0.0000000013    0.0000000011    0.0000000000   -0.0000000000   -0.0000000005    0.0000000023    0.0000000000   -0.0000000000    0.0000000022    0.0000000813   -0.0000000000
  0.0000001082    0.0000000000   -0.0049984494   -0.0000000000    0.0000000010    0.0000000000    0.0000000000    0.0000000016    0.0000000000   -0.0000000001   -0.0000000000    0.0000000013   -0.0000627712    0.0000000000   -0.0017003781    0.0000000000   -0.0000000000    0.0000000040    0.0000004409   -0.0000000000   -0.0000000000    0.0000000010   -0.0000000286    0.0000000000    0.0034688961   -0.0000000000    0.0000000000   -0.0000000011   -0.0000000007    0.0000000000   -0.0000000001   -0.0000000000    0.0000000001    0.0000000000    0.0000000010    0.0000000000    0.0000000000    0.0000000007    0.0000000008   -0.0000000000    0.0000001751   -0.0000000000   -0.0000000000    0.0000000027    0.0000000034   -0.0000000000    0.0011268504   -0.0000000000   -0.0000000000   -0.0000000019    0.0000000020    0.0000000000    0.0000000000   -0.0000000008   -0.0000000000   -0.0029053631   -0.0000000986    0.0000000000    0.0000000001    0.0000000000   -0.0000000018   -0.0000000000    0.0000000000   -0.0000000002    0.0000000010   -0.0004076134    0.0000000000   -0.0000000000   -0.0000000002    0.0000000000    0.0000000002   -0.0005107061   -0.0000000015   -0.0000000000    0.0000000000    0.0000000009   -0.0000000001   -0.0000000000    0.0000000000    0.0000000011
 -0.0000000000    0.0000000268   -0.0000000000    0.0047775967    0.0000000000    0.0000000000    0.0000000014   -0.0000000000    0.0000000001    0.0000000000    0.0000000012    0.0000000000    0.0000000000    0.0000601920   -0.0000000000   -0.0016249041    0.0000000007   -0.0000000000    0.0000000000    0.0000004783    0.0000000015    0.0000000000    0.0000000000   -0.0000000070   -0.0000000000   -0.0033156561    0.0000000006   -0.0000000000    0.0000000000    0.0000000004    0.0000000000   -0.0000000001    0.0000000000    0.0000000007   -0.0000000000    0.0000000003    0.0000000005   -0.0000000000   -0.0000000000   -0.0000000000   -0.0000000000   -0.0000001806    0.0000000010    0.0000000000   -0.0000000000    0.0000000003    0.0000000000    0.0010770348    0.0000000003   -0.0000000000   -0.0000000000    0.0000000003    0.0000000001   -0.0000000000   -0.0027769612    0.0000000000    0.0000000000    0.0000001063    0.0000000000   -0.0000000003   -0.0000000000   -0.0000000002    0.0000000002    0.0000000000   -0.0003895954   -0.0000000009    0.0000000000    0.0000000001   -0.0000000000    0.0000000000    0.0004881344    0.0000000002   -0.0000000000    0.0000000001    0.0000000004   -0.0000000000   -0.0000000000   -0.0000000004   -0.0000000005   -0.0000000000

# Root 7  E=0.3780822877 Ha  10.288148 eV
  0.0000000000    0.0000000000    0.0000000000    0.0000000000    0.0000000000    0.0000000000    0.0000000000    0.0000000000    0.0000000000    0.0000000000    0.0000000000    0.0000000000    0.0000000000    0.0000000000    0.0000000000    0.0000000000    0.0000000000    0.0000000000    0.0000000000    0.0000000000    0.0000000000    0.0000000000    0.0000000000    0.0000000000    0.0000000000    0.0000000000    0.0000000000    0.0000000000    0.0000000000    0.0000000000    0.0000000000    0.0000000000    0.0000000000    0.0000000000    0.0000000000    0.0000000000    0.0000000000    0.0000000000    0.0000000000    0.0000000000    0.0000000000    0.0000000000    0.0000000000    0.0000000000    0.0000000000    0.0000000000    0.0000000000    0.0000000000    0.0000000000    0.0000000000    0.0000000000    0.0000000000    0.0000000000    0.0000000000    0.0000000000    0.0000000000    0.0000000000    0.0000000000    0.0000000000    0.0000000000    0.0000000000    0.0000000000    0.0000000000    0.0000000000    0.0000000000    0.0000000000    0.0000000000    0.0000000000    0.0000000000    0.0000000000    0.0000000000    0.0000000000    0.0000000000    0.0000000000    0.0000000000    0.0000000000    0.0000000000    0.0000000000    0.0000000000    0.0000000000
  0.0000000000    0.0000000000    0.0000000000    0.0000000000    0.0000000000    0.0000000000    0.0000000000    0.0000000000    0.0000000000    0.0000000000    0.0000000000    0.0000000000    0.0000000000    0.0000000000    0.0000000000    0.0000000000    0.0000000000    0.0000000000    0.0000000000    0.0000000000    0.0000000000    0.0000000000    0.0000000000    0.0000000000    0.0000000000    0.0000000000    0.0000000000    0.0000000000    0.0000000000    0.0000000000    0.0000000000    0.0000000000    0.0000000000    0.0000000000    0.0000000000    0.0000000000    0.0000000000    0.0000000000    0.0000000000    0.0000000000    0.0000000000    0.0000000000    0.0000000000    0.0000000000    0.0000000000    0.0000000000    0.0000000000    0.0000000000    0.0000000000    0.0000000000    0.0000000000    0.0000000000    0.0000000000    0.0000000000    0.0000000000    0.0000000000    0.0000000000    0.0000000000    0.0000000000    0.0000000000    0.0000000000    0.0000000000    0.0000000000    0.0000000000    0.0000000000    0.0000000000    0.0000000000    0.0000000000    0.0000000000    0.0000000000    0.0000000000    0.0000000000    0.0000000000    0.0000000000    0.0000000000    0.0000000000    0.0000000000    0.0000000000    0.0000000000    0.0000000000
  0.0000000000    0.0000000000    0.0000000000    0.0000000000    0.0000000000    0.0000000000    0.0000000000    0.0000000000    0.0000000000    0.0000000000    0.0000000000    0.0000000000    0.0000000000    0.0000000000    0.0000000000    0.0000000000    0.0000000000    0.0000000000    0.0000000000    0.0000000000    0.0000000000    0.0000000000    0.0000000000    0.0000000000    0.0000000000    0.0000000000    0.0000000000    0.0000000000    0.0000000000    0.0000000000    0.0000000000    0.0000000000    0.0000000000    0.0000000000    0.0000000000    0.0000000000    0.0000000000    0.0000000000    0.0000000000    0.0000000000    0.0000000000    0.0000000000    0.0000000000    0.0000000000    0.0000000000    0.0000000000    0.0000000000    0.0000000000    0.0000000000    0.0000000000    0.0000000000    0.0000000000    0.0000000000    0.0000000000    0.0000000000    0.0000000000    0.0000000000    0.0000000000    0.0000000000    0.0000000000    0.0000000000    0.0000000000    0.0000000000    0.0000000000    0.0000000000    0.0000000000    0.0000000000    0.0000000000    0.0000000000    0.0000000000    0.0000000000    0.0000000000    0.0000000000    0.0000000000    0.0000000000    0.0000000000    0.0000000000    0.0000000000    0.0000000000    0.0000000000
  0.0000000000    0.0000000000    0.0000000000    0.0000000000    0.0000000000    0.0000000000    0.0000000000    0.0000000000    0.0000000000    0.0000000000    0.0000000000    0.0000000000    0.0000000000    0.0000000000    0.0000000000    0.0000000000    0.0000000000    0.0000000000    0.0000000000    0.0000000000    0.0000000000    0.0000000000    0.0000000000    0.0000000000    0.0000000000    0.0000000000    0.0000000000    0.0000000000    0.0000000000    0.0000000000    0.0000000000    0.0000000000    0.0000000000    0.0000000000    0.0000000000    0.0000000000    0.0000000000    0.0000000000    0.0000000000    0.0000000000    0.0000000000    0.0000000000    0.0000000000    0.0000000000    0.0000000000    0.0000000000    0.0000000000    0.0000000000    0.0000000000    0.0000000000    0.0000000000    0.0000000000    0.0000000000    0.0000000000    0.0000000000    0.0000000000    0.0000000000    0.0000000000    0.0000000000    0.0000000000    0.0000000000    0.0000000000    0.0000000000    0.0000000000    0.0000000000    0.0000000000    0.0000000000    0.0000000000    0.0000000000    0.0000000000    0.0000000000    0.0000000000    0.0000000000    0.0000000000    0.0000000000    0.0000000000    0.0000000000    0.0000000000    0.0000000000    0.0000000000
  0.0000000004   -0.0000000000   -0.0000000000    0.0000000000    0.0000000309   -0.0000000000    0.0000000000    0.0000000003    0.0000000000   -0.0000000003   -0.0000000000    0.0000000002   -0.0000000000   -0.0000000000   -0.0000000000    0.0000000000   -0.0000000000    0.0000000750   -0.0000000000    0.0000000000    0.0000000000    0.0000000002   -0.0000000001    0.0000000000    0.0000000001   -0.0000000000   -0.0000000000   -0.0000000001   -0.0000000379    0.0000000000   -0.0000000005   -0.0000000000    0.0000000001   -0.0000000000   -0.0000000001   -0.0000000000    0.0000000000    0.0002706787   -0.0000000000   -0.0000000000   -0.0000000000   -0.0000000000   -0.0000000000    0.0000000001   -0.0000000081   -0.0000000000   -0.0000000000   -0.0000000000   -0.0000000000    0.0000000001   -0.0000000000   -0.0000000000   -0.0000000000   -0.0000000088   -0.0000000000    0.0000000001    0.0000000000    0.0000000000   -0.0001801658   -0.0000000038   -0.0000000002   -0.0000000000    0.0000000000   -0.0000000002    0.0000000000   -0.0000000001   -0.0000000000   -0.0000000000   -0.0000000000    0.0000000000    0.0000000000   -0.0000000003   -0.0000000135   -0.0000000000   -0.0000000000    0.0000000002    0.0000000002    0.0000000000    0.0000000000    0.0000000002
 -0.0000000000    0.0000000010   -0.0000000000    0.0000000004    0.0000000000    0.0000000340    0.0000000000    0.0000000000    0.0000000006    0.0000000000    0.0000000003    0.0000000000    0.0000000000    0.0000000007   -0.0000000000   -0.0000000000    0.0000000258    0.0000000000   -0.0000000000   -0.0000000002   -0.0000000002   -0.0000000000    0.0000000000   -0.0000000002   -0.0000000000   -0.0000000005   -0.0000000002    0.0000000000   -0.0000000000    0.0000000279    0.0000000000   -0.0000000009    0.0000000000    0.0000000005    0.0000000000   -0.0000000003    0.0023187954   -0.0000000001   -0.0000000000    0.0000000000    0.0000000000    0.0000000007   -0.0000000003   -0.0000000000   -0.0000000000   -0.0000000042    0.0000000000    0.0000000015   -0.0000000010    0.0000000000    0.0000000000   -0.0000000017   -0.0000000070    0.0000000000    0.0000000010    0.0000000000   -0.0000000000   -0.0000000008    0.0000000326   -0.0015439273    0.0000000000   -0.0000000015    0.0000000001    0.0000000000   -0.0000000016   -0.0000000000    0.0000000000   -0.0000000003    0.0000000000    0.0000000003   -0.0000000001   -0.0000000000   -0.0000000000    0.0000000033   -0.0000000008   -0.0000000000   -0.0000000000   -0.0000000004   -0.0000000000   -0.0000000000
 -0.0000000000    0.0000000017    0.0000000000   -0.0000000000   -0.0000000000   -0.0000000015   -0.0000000013    0.0000000000   -0.0000000075    0.0000000000   -0.0000000001   -0.0000000000    0.0000000000    0.0000000004    0.0000000000   -0.0000000004   -0.0000000008   -0.0000000000    0.0000000000   -0.0000000001   -0.0000000004    0.0000000000    0.0000000000   -0.0000000005    0.0000000000   -0.0000000003   -0.0000000006   -0.0000000000   -0.0000000000   -0.0000000008   -0.0000000000    0.0000000308    0.0000000000    0.0000000009    0.0000000000   -0.0000000140   -0.0000000001    0.0000000000   -0.0000000000   -0.0029687134    0.0000000000    0.0000000020    0.0000000017    0.0000000000    0.0000000000    0.0000000000    0.0000000000    0.0000000030   -0.0000000029   -0.0000000000   -0.0000000000   -0.0000000036   -0.0000000007    0.0000000000    0.0000000017   -0.0000000000   -0.0000000000   -0.0000000021    0.0000000000   -0.0000000005    0.0000000000   -0.0000000028   -0.0000000071   -0.0000000000   -0.0000000029   -0.0000000000    0.0000000000   -0.0011336424    0.0000000000    0.0000000006   -0.0000000007   -0.0000000000   -0.0000000000   -0.0000000001   -0.0000000013   -0.0000000000   -0.0000000000   -0.0000000013   -0.0000000044    0.0000000000
 -0.0000000002    0.0000000000   -0.0000000009   -0.0000000000   -0.0000000007    0.0000000000    0.0000000000    0.0000000004    0.0000000000   -0.0000000055   -0.0000000000    0.0000000001   -0.0000000002    0.0000000000    0.0000000003    0.0000000000    0.0000000000   -0.0000000003    0.0000000000    0.0000000000    0.0000000000    0.0000000001    0.0000000001    0.0000000000    0.0000000007   -0.0000000000    0.0000000000   -0.0000000003   -0.0000000004    0.0000000000   -0.0000000328   -0.0000000000   -0.0000000000   -0.0000000000    0.0000000384    0.0000000000    0.0000000000   -0.0000000000    0.0003465125    0.0000000000   -0.0000000001   -0.0000000000    0.0000000000   -0.0000000022    0.0000000002   -0.0000000000    0.0000000001   -0.0000000000    0.0000000000    0.0000000000    0.0000000001    0.0000000000    0.0000000000    0.0000000001    0.0000000000    0.0000000001    0.0000000001    0.0000000000    0.0000000000    0.0000000000   -0.0000000002    0.0000000000    0.0000000000   -0.0000000037    0.0000000000   -0.0000000001    0.0001322951    0.0000000000    0.0000000001   -0.0000000000   -0.0000000000    0.0000000001   -0.0000000000    0.0000000000   -0.0000000000    0.0000000001   -0.0000000000    0.0000000000    0.0000000000    0.0000000082
  0.0000000000    0.0000000000    0.0000009495   -0.0000000000    0.0000000005    0.0000000000   -0.0000000000    0.0000000005    0.0000000000    0.0000000006   -0.0000000000    0.0000000004    0.0000001760    0.0000000000    0.0000002291    0.0000000000   -0.0000000000    0.0000000000   -0.0006758972   -0.0000000022   -0.0000000000    0.0000000000   -0.0000000000   -0.0000000000   -0.0000000407    0.0000000000   -0.0000000000   -0.0000000010   -0.0000000002    0.0000000000    0.0000000001   -0.0000000000    0.0000000003    0.0000000000    0.0000000000   -0.0000000000   -0.0000000000    0.0000000002    0.0000000000    0.0000000000    0.0002938844   -0.0000000010   -0.0000000000    0.0000000005    0.0000000006    0.0000000000    0.0000000160   -0.0000000000   -0.0000000000    0.0000000002    0.0000000002   -0.0000000000   -0.0000000000    0.0000000003    0.0000000000    0.0000000035   -0.0000755323    0.0000000002    0.0000000001    0.0000000000   -0.0000000006   -0.0000000000    0.0000000000   -0.0000000008   -0.0000000000    0.0000000082   -0.0000000001   -0.0000000000    0.0000000001    0.0000000000   -0.0000000000   -0.0000000064   -0.0000000010   -0.0000000000   -0.0000000000    0.0000000002    0.0000000006   -0.0000000000    0.0000000000    0.0000000008
  0.0000000000    0.0000000031   -0.0000000000   -0.0000000114   -0.0000000000    0.0000000026   -0.0000000003   -0.0000000000    0.0000000000   -0.0000000000    0.0000000008    0.0000000000   -0.0000000000    0.0000000916   -0.0000000000    0.0000004191   -0.0000000002   -0.0000000000    0.0000000003   -0.0057907757   -0.0000000012   -0.0000000000    0.0000000000   -0.0000000015    0.0000000000    0.0000000170   -0.0000000010    0.0000000000    0.0000000000    0.0000000003   -0.0000000000   -0.0000000007    0.0000000000    0.0000000041    0.0000000000   -0.0000000010   -0.0000000007   -0.0000000000   -0.0000000000    0.0000000006   -0.0000000001   -0.0025179346   -0.0000000026   -0.0000000000   -0.0000000000    0.0000000014   -0.0000000000   -0.0000000055   -0.0000000351   -0.0000000000   -0.0000000000   -0.0000000207   -0.0000000019   -0.0000000000    0.0000000189   -0.0000000000    0.0000000000    0.0006469016   -0.0000000000    0.0000000006    0.0000000000   -0.0000000133    0.0000000016    0.0000000000   -0.0000000289   -0.0000000000    0.0000000000   -0.0000000000    0.0000000000    0.0000000107   -0.0000000126   -0.0000000000    0.0000000000   -0.0000000012   -0.0000000056   -0.0000000000   -0.0000000000   -0.0000000079    0.0000000001   -0.0000000000
  0.0000000001    0.0000000000   -0.0000000004    0.0000000000   -0.0000011026    0.0000000000    0.0000000000    0.0000000016   -0.0000000000   -0.0000000004   -0.0000000000    0.0000000001    0.0000000000    0.0000000000    0.0000000005   -0.0000000000    0.0000000000   -0.0000002792   -0.0000000001   -0.0000000000   -0.0000000000   -0.0000000003   -0.0000000000   -0.0000000000   -0.0000000000   -0.0000000000   -0.0000000000   -0.0000000012   -0.0000000038   -0.0000000000    0.0000000002    0.0000000000    0.0000000005    0.0000000000   -0.0000000005   -0.0000000000   -0.0000000000    0.0003264546   -0.0000000003    0.0000000000    0.0000000003    0.0000000000    0.0000000000   -0.0000000015    0.0000000113   -0.0000000000   -0.0000000004    0.0000000000   -0.0000000000   -0.0000000003   -0.0000000001   -0.0000000000   -0.0000000000    0.0000000071    0.0000000000   -0.0000000011   -0.0000000003   -0.0000000000    0.0000538498    0.0000000011    0.0000000018   -0.0000000000   -0.0000000000    0.0000000010   -0.0000000000    0.0000000014    0.0000000002    0.0000000000   -0.0000000002    0.0000000000   -0.0000000000    0.0000000016    0.0000000057    0.0000000000    0.0000000000   -0.0000000017   -0.0000000012   -0.0000000000   -0.0000000000   -0.0000000014
  0.0000000000   -0.0000000003   -0.0000000000   -0.0000000010   -0.0000000000   -0.0000000286    0.0000000002    0.0000000000    0.0000000008    0.0000000000   -0.0000000021   -0.0000000000    0.0000000000   -0.0000000043    0.0000000000    0.0000000024   -0.0000000549   -0.0000000000    0.0000000000    0.0000000009    0.0000000021   -0.0000000000    0.0000000000    0.0000000010   -0.0000000000    0.0000000021    0.0000000014   -0.0000000000   -0.0000000000    0.0000000021    0.0000000000    0.0000000000   -0.0000000000   -0.0000000050   -0.0000000000    0.0000000001    0.0027966600   -0.0000000002   -0.0000000000   -0.0000000001   -0.0000000000   -0.0000000078    0.0000000008   -0.0000000000    0.0000000000    0.0000000064   -0.0000000000   -0.0000000172    0.0000000123   -0.0000000000   -0.0000000000    0.0000000192    0.0000000360    0.0000000000   -0.0000000105   -0.0000000000    0.0000000000    0.0000000109   -0.0000000097    0.0004614626   -0.0000000000    0.0000000153   -0.0000000007   -0.0000000000    0.0000000171    0.0000000000    0.0000000000   -0.0000000000   -0.0000000000   -0.0000000040    0.0000000017    0.0000000000    0.0000000000   -0.0000000047    0.0000000073    0.0000000000   -0.0000000000    0.0000000058    0.0000000006   -0.0000000000
 -0.0012694202    0.0000000001    0.0000000013    0.0000000000    0.0000000003    0.0000000000   -0.0000000000   -0.0000005724    0.0000000000    0.0000000005   -0.0000000000    0.0000007147    0.0000000004   -0.0000000000   -0.0000000004    0.0000000000   -0.0000000000   -0.0000000004    0.0000000000    0.0000000000   -0.0000000000   -0.0000002204   -0.0001126157    0.0000000000   -0.0000000010   -0.0000000000    0.0000000000    0.0000000527    0.0000000001    0.0000000000    0.0000000002   -0.0000000000   -0.0000000114    0.0000000000    0.0000000003   -0.0000000000    0.0000000000    0.0000000001    0.0000000003    0.0000000000   -0.0000000002   -0.0000000000   -0.0000000000    0.0000000011    0.0000000009   -0.0000000000    0.0000000009   -0.0000000000   -0.0000000000   -0.0001969155    0.0000000080    0.0000000000    0.0000000000   -0.0000000006   -0.0000000000    0.0000000006    0.0000000002    0.0000000000    0.0000000002    0.0000000000   -0.0000000010    0.0000000000    0.0000000000   -0.0000000001    0.0000000000   -0.0000000008   -0.0000000001   -0.0000000000   -0.0000175581    0.0000000000    0.0000000000   -0.0000000006   -0.0000000004    0.0000000000    0.0000000000   -0.0000000077    0.0000000036    0.0000000000    0.0000000000    0.0000000004
 -0.0000000000   -0.0108757194   -0.0000000000   -0.0000000032   -0.0000000000    0.0000000002    0.0000000496   -0.0000000000   -0.0000000024   -0.0000000000   -0.0000000553   -0.0000000000    0.0000000000    0.0000000007   -0.0000000000   -0.0000000013   -0.0000000000   -0.0000000000    0.0000000000   -0.0000000010    0.0000001121   -0.0000000000   -0.0000000000   -0.0009647465   -0.0000000000    0.0000000063   -0.0000000038    0.0000000000    0.0000000000   -0.0000000002   -0.0000000000    0.0000000002   -0.0000000000   -0.0000000037   -0.0000000000    0.0000000011   -0.0000000015    0.0000000000    0.0000000000   -0.0000000003    0.0000000000    0.0000000377    0.0000000040    0.0000000000    0.0000000000    0.0000000003    0.0000000000    0.0000000117    0.0016867878   -0.0000000000    0.0000000000   -0.0000000010   -0.0000000008    0.0000000000    0.0000000005    0.0000000000   -0.0000000000   -0.0000000450    0.0000000000   -0.0000000008    0.0000000000   -0.0000000162    0.0000000017    0.0000000000   -0.0000000029   -0.0000000000   -0.0000000000    0.0000000011   -0.0000000000   -0.0001505040   -0.0000000125   -0.0000000000   -0.0000000000   -0.0000000008   -0.0000000008   -0.0000000000    0.0000000000   -0.0000000199   -0.0000000025    0.0000000000
  0.0000000026    0.0000000000    0.0000000000   -0.0000000000   -0.0005667526   -0.0000000000    0.0000000000   -0.0000000001   -0.0000000000   -0.0000000000   -0.0000000000    0.0000000001   -0.0000000003   -0.0000000000   -0.0000000007    0.0000000000    0.0000000000   -0.0006109816   -0.0000000003    0.0000000000   -0.0000000000    0.0000000003   -0.0000000007    0.0000000000    0.0000000001    0.0000000000    0.0000000000    0.0000000001   -0.0000279256    0.0000000000    0.0000000002    0.0000000000   -0.0000000002    0.0000000000    0.0000000004   -0.0000000000   -0.0000000000   -0.0000000802    0.0000000001   -0.0000000000   -0.0000000000    0.0000000000   -0.0000000000    0.0000000012    0.0000196928    0.0000000000    0.0000000008    0.0000000000    0.0000000000    0.0000000001    0.0000000010    0.0000000000   -0.0000000000   -0.0001016273   -0.0000000000    0.0000000005    0.0000000001   -0.0000000000   -0.0000000062   -0.0000000000   -0.0000000006   -0.0000000000   -0.0000000000    0.0000000004    0.0000000000   -0.0000000008    0.0000000001    0.0000000000    0.0000000000   -0.0000000000   -0.0000000000    0.0000000003   -0.0000110336   -0.0000000000    0.0000000000    0.0000000003   -0.0000000004   -0.0000000000    0.0000000000    0.0000000002
  0.0000000000   -0.0000000005   -0.0000000000    0.0000000011    0.0000000000   -0.0048559975   -0.0000000003    0.0000000000    0.0000000004    0.0000000000   -0.0000000004   -0.0000000000   -0.0000000000   -0.0000000005   -0.0000000000   -0.0000000046   -0.0052343399   -0.0000000001   -0.0000000000   -0.0000000019   -0.0000000007   -0.0000000000    0.0000000000   -0.0000000000   -0.0000000000    0.0000000004   -0.0000000000   -0.0000000000   -0.0000000000   -0.0002396024    0.0000000000   -0.0000000004    0.0000000000   -0.0000000000   -0.0000000000    0.0000000005   -0.0000000476    0.0000000000   -0.0000000000    0.0000000000    0.0000000000    0.0000000008    0.0000000027    0.0000000000    0.0000000000   -0.0001686794   -0.0000000000    0.0000000002   -0.0000000018   -0.0000000000   -0.0000000000   -0.0000000009    0.0008704083   -0.0000000000   -0.0000000019    0.0000000000   -0.0000000000   -0.0000000013   -0.0000000000    0.0000000289   -0.0000000000   -0.0000000004    0.0000000007    0.0000000000    0.0000000014    0.0000000000    0.0000000000   -0.0000000003    0.0000000000    0.0000000005   -0.0000000019   -0.0000000000    0.0000000000   -0.0000947267   -0.0000000004   -0.0000000000   -0.0000000000   -0.0000000002   -0.0000000012    0.0000000000

# Root 8  E=0.4123233761 Ha  11.219896 eV
  0.0000000000    0.0000000000    0.0000000000    0.0000000000    0.0000000000    0.0000000000    0.0000000000    0.0000000000    0.0000000000    0.0000000000    0.0000000000    0.0000000000    0.0000000000    0.0000000000    0.0000000000    0.0000000000    0.0000000000    0.0000000000    0.0000000000    0.0000000000    0.0000000000    0.0000000000    0.0000000000    0.0000000000    0.0000000000    0.0000000000    0.0000000000    0.0000000000    0.0000000000    0.0000000000    0.0000000000    0.0000000000    0.0000000000    0.0000000000    0.0000000000    0.0000000000    0.0000000000    0.0000000000    0.0000000000    0.0000000000    0.0000000000    0.0000000000    0.0000000000    0.0000000000    0.0000000000    0.0000000000    0.0000000000    0.0000000000    0.0000000000    0.0000000000    0.0000000000    0.0000000000    0.0000000000    0.0000000000    0.0000000000    0.0000000000    0.0000000000    0.0000000000    0.0000000000    0.0000000000    0.0000000000    0.0000000000    0.0000000000    0.0000000000    0.0000000000    0.0000000000    0.0000000000    0.0000000000    0.0000000000    0.0000000000    0.0000000000    0.0000000000    0.0000000000    0.0000000000    0.0000000000    0.0000000000    0.0000000000    0.0000000000    0.0000000000    0.0000000000
  0.0000000000    0.0000000000    0.0000000000    0.0000000000    0.0000000000    0.0000000000    0.0000000000    0.0000000000    0.0000000000    0.0000000000    0.0000000000    0.0000000000    0.0000000000    0.0000000000    0.0000000000    0.0000000000    0.0000000000    0.0000000000    0.0000000000    0.0000000000    0.0000000000    0.0000000000    0.0000000000    0.0000000000    0.0000000000    0.0000000000    0.0000000000    0.0000000000    0.0000000000    0.0000000000    0.0000000000    0.0000000000    0.0000000000    0.0000000000    0.0000000000    0.0000000000    0.0000000000    0.0000000000    0.0000000000    0.0000000000    0.0000000000    0.0000000000    0.0000000000    0.0000000000    0.0000000000    0.0000000000    0.0000000000    0.0000000000    0.0000000000    0.0000000000    0.0000000000    0.0000000000    0.0000000000    0.0000000000    0.0000000000    0.0000000000    0.0000000000    0.0000000000    0.0000000000    0.0000000000    0.0000000000    0.0000000000    0.0000000000    0.0000000000    0.0000000000    0.0000000000    0.0000000000    0.0000000000    0.0000000000    0.0000000000    0.0000000000    0.0000000000    0.0000000000    0.0000000000    0.0000000000    0.0000000000    0.0000000000    0.0000000000    0.0000000000    0.0000000000
  0.0000000000    0.0000000000    0.0000000000    0.0000000000    0.0000000000    0.0000000000    0.0000000000    0.0000000000    0.0000000000    0.0000000000    0.0000000000    0.0000000000    0.0000000000    0.0000000000    0.0000000000    0.0000000000    0.0000000000    0.0000000000    0.0000000000    0.0000000000    0.0000000000    0.0000000000    0.0000000000    0.0000000000    0.0000000000    0.0000000000    0.0000000000    0.0000000000    0.0000000000    0.0000000000    0.0000000000    0.0000000000    0.0000000000    0.0000000000    0.0000000000    0.0000000000    0.0000000000    0.0000000000    0.0000000000    0.0000000000    0.0000000000    0.0000000000    0.0000000000    0.0000000000    0.0000000000    0.0000000000    0.0000000000    0.0000000000    0.0000000000    0.0000000000    0.0000000000    0.0000000000    0.0000000000    0.0000000000    0.0000000000    0.0000000000    0.0000000000    0.0000000000    0.0000000000    0.0000000000    0.0000000000    0.0000000000    0.0000000000    0.0000000000    0.0000000000    0.0000000000    0.0000000000    0.0000000000    0.0000000000    0.0000000000    0.0000000000    0.0000000000    0.0000000000    0.0000000000    0.0000000000    0.0000000000    0.0000000000    0.0000000000    0.0000000000    0.0000000000
  0.0000000000    0.0000000000    0.0000000000    0.0000000000    0.0000000000    0.0000000000    0.0000000000    0.0000000000    0.0000000000    0.0000000000    0.0000000000    0.0000000000    0.0000000000    0.0000000000    0.0000000000    0.0000000000    0.0000000000    0.0000000000    0.0000000000    0.0000000000    0.0000000000    0.0000000000    0.0000000000    0.0000000000    0.0000000000    0.0000000000    0.0000000000    0.0000000000    0.0000000000    0.0000000000    0.0000000000    0.0000000000    0.0000000000    0.0000000000    0.0000000000    0.0000000000    0.0000000000    0.0000000000    0.0000000000    0.0000000000    0.0000000000    0.0000000000    0.0000000000    0.0000000000    0.0000000000    0.0000000000    0.0000000000    0.0000000000    0.0000000000    0.0000000000    0.0000000000    0.0000000000    0.0000000000    0.0000000000    0.0000000000    0.0000000000    0.0000000000    0.0000000000    0.0000000000    0.0000000000    0.0000000000    0.0000000000    0.0000000000    0.0000000000    0.0000000000    0.0000000000    0.0000000000    0.0000000000    0.0000000000    0.0000000000    0.0000000000    0.0000000000    0.0000000000    0.0000000000    0.0000000000    0.0000000000    0.0000000000    0.0000000000    0.0000000000    0.0000000000
 -0.0000000031    0.0000000000    0.0000000010    0.0000000000   -0.0000000302    0.0000000000    0.0000000000   -0.0000000023   -0.0000000000    0.0000000024    0.0000000000   -0.0000000014    0.0000000010    0.0000000000   -0.0000000002   -0.0000000000    0.0000000000   -0.0000000105    0.0000000001    0.0000000000    0.0000000000   -0.0000000018    0.0000000002    0.0000000000   -0.0000000011   -0.0000000000   -0.0000000000    0.0000000010   -0.0000000382   -0.0000000000    0.0000000041    0.0000000000   -0.0000000012    0.0000000000    0.0000000007    0.0000000000   -0.0000000001   -0.0023187832    0.0000000001   -0.0000000000    0.0000000000    0.0000000000    0.0000000000   -0.0000000011   -0.0000000081   -0.0000000000    0.0000000003   -0.0000000000   -0.0000000000   -0.0000000006    0.0000000004    0.0000000000   -0.0000000000   -0.0000000103    0.0000000000   -0.0000000011   -0.0000000002   -0.0000000000    0.0015439333    0.0000000326    0.0000000019    0.0000000000   -0.0000000000    0.0000000015   -0.0000000000    0.0000000010    0.0000000003    0.0000000000   -0.0000000001    0.0000000000   -0.0000000000    0.0000000023   -0.0000000046   -0.0000000000    0.0000000000   -0.0000000017   -0.0000000020   -0.0000000000    0.0000000000   -0.0000000018
 -0.0000000000    0.0000000001   -0.0000000000    0.0000000001    0.0000000000   -0.0000000234    0.0000000000   -0.0000000000    0.0000000001    0.0000000000    0.0000000000    0.0000000000   -0.0000000000    0.0000000001    0.0000000000    0.0000000000   -0.0000000707   -0.0000000000   -0.0000000000   -0.0000000000   -0.0000000000   -0.0000000000   -0.0000000000   -0.0000000000   -0.0000000000   -0.0000000001   -0.0000000000   -0.0000000000    0.0000000000    0.0000000456    0.0000000000   -0.0000000001    0.0000000000    0.0000000001    0.0000000000   -0.0000000000    0.0002705874   -0.0000000000    0.0000000000    0.0000000000    0.0000000000    0.0000000000   -0.0000000000   -0.0000000000    0.0000000000   -0.0000000095    0.0000000000    0.0000000002   -0.0000000001   -0.0000000000    0.0000000000   -0.0000000002   -0.0000000108    0.0000000000    0.0000000001    0.0000000000   -0.0000000000   -0.0000000001    0.0000000038   -0.0001802278    0.0000000000   -0.0000000002    0.0000000000    0.0000000000   -0.0000000002   -0.0000000000    0.0000000000   -0.0000000000    0.0000000000    0.0000000000   -0.0000000000   -0.0000000000   -0.0000000000    0.0000000144   -0.0000000001   -0.0000000000    0.0000000000   -0.0000000000   -0.0000000000   -0.0000000000
  0.0000000000    0.0000000002    0.0000000000   -0.0000000000    0.0000000000   -0.0000000002   -0.0000000002   -0.0000000000   -0.0000000076    0.0000000000   -0.0000000000   -0.0000000000   -0.0000000000    0.0000000000   -0.0000000000   -0.0000000000   -0.0000000001   -0.0000000000   -0.0000000000   -0.0000000000   -0.0000000001   -0.0000000000   -0.0000000000   -0.0000000001   -0.0000000000   -0.0000000000   -0.0000000001    0.0000000000    0.0000000000   -0.0000000001   -0.0000000000    0.0000000411    0.0000000000    0.0000000001    0.0000000000   -0.0000000427   -0.0000000000    0.0000000000   -0.0000000000   -0.0003464628   -0.0000000000    0.0000000002    0.0000000029    0.0000000000   -0.0000000000   -0.0000000000    0.0000000000    0.0000000004   -0.0000000003   -0.0000000000   -0.0000000000   -0.0000000004   -0.0000000001   -0.0000000000    0.0000000002   -0.0000000000    0.0000000000   -0.0000000002    0.0000000000   -0.0000000001    0.0000000000   -0.0000000003   -0.0000000055   -0.0000000000   -0.0000000003   -0.0000000000    0.0000000000   -0.0001323269    0.0000000000    0.0000000000   -0.0000000001   -0.0000000000    0.0000000000   -0.0000000000   -0.0000000002   -0.0000000000    0.0000000000   -0.0000000002    0.0000000073   -0.0000000000
  0.0000000017    0.0000000000    0.0000000080    0.0000000000    0.0000000061    0.0000000000    0.0000000000   -0.0000000058   -0.0000000000   -0.0000000102    0.0000000000   -0.0000000012    0.0000000021   -0.0000000000   -0.0000000025    0.0000000000   -0.0000000000    0.0000000028    0.0000000002    0.0000000000    0.0000000000   -0.0000000008   -0.0000000003    0.0000000000   -0.0000000059   -0.0000000000   -0.0000000000    0.0000000034    0.0000000033    0.0000000000   -0.0000000408   -0.0000000000    0.0000000000   -0.0000000000    0.0000000224    0.0000000000    0.0000000000    0.0000000001   -0.0029687067    0.0000000000    0.0000000010   -0.0000000000    0.0000000000   -0.0000000041   -0.0000000020    0.0000000000   -0.0000000006   -0.0000000000   -0.0000000000   -0.0000000004   -0.0000000012   -0.0000000000   -0.0000000000   -0.0000000007    0.0000000000   -0.0000000005   -0.0000000005    0.0000000000   -0.0000000003   -0.0000000000    0.0000000014    0.0000000000    0.0000000000   -0.0000000085   -0.0000000000    0.0000000013   -0.0011336451   -0.0000000000   -0.0000000004    0.0000000000   -0.0000000000   -0.0000000005    0.0000000004   -0.0000000000    0.0000000000   -0.0000000005    0.0000000003    0.0000000000   -0.0000000000   -0.0000000033
 -0.0000000000    0.0000000000    0.0000002094    0.0000000000   -0.0000000097    0.0000000000   -0.0000000000   -0.0000000040    0.0000000000   -0.0000000050    0.0000000000   -0.0000000038    0.0000001290    0.0000000000   -0.0000003756   -0.0000000000    0.0000000000   -0.0000000010    0.0057907657   -0.0000000003   -0.0000000000   -0.0000000003    0.0000000002   -0.0000000000    0.0000000111   -0.0000000000   -0.0000000000    0.0000000085    0.0000000001    0.0000000000   -0.0000000006   -0.0000000000   -0.0000000025    0.0000000000   -0.0000000001   -0.0000000000   -0.0000000000   -0.0000000019   -0.0000000002    0.0000000000   -0.0025179554   -0.0000000001   -0.0000000000   -0.0000000039   -0.0000000056    0.0000000000    0.0000000295   -0.0000000000   -0.0000000000   -0.0000000016   -0.0000000018   -0.0000000000   -0.0000000000   -0.0000000023    0.0000000000   -0.0000000143    0.0006469222    0.0000000000   -0.0000000007   -0.0000000000    0.0000000052   -0.0000000000   -0.0000000000    0.0000000071   -0.0000000000    0.0000000203    0.0000000009    0.0000000000   -0.0000000004    0.0000000000   -0.0000000000   -0.0000000001    0.0000000086   -0.0000000000    0.0000000000   -0.0000000021   -0.0000000053   -0.0000000000    0.0000000000   -0.0000000064
  0.0000000000    0.0000000004   -0.0000000000    0.0000009726    0.0000000000    0.0000000005   -0.0000000000    0.0000000000    0.0000000000    0.0000000000    0.0000000001    0.0000000000   -0.0000000000    0.0000002018    0.0000000000   -0.0000001363   -0.0000000000    0.0000000000   -0.0000000022   -0.0006758208   -0.0000000001    0.0000000000   -0.0000000000   -0.0000000002   -0.0000000000   -0.0000000374   -0.0000000001   -0.0000000000   -0.0000000000    0.0000000001    0.0000000000   -0.0000000001    0.0000000000    0.0000000005    0.0000000000   -0.0000000001   -0.0000000000    0.0000000000    0.0000000000    0.0000000001    0.0000000009   -0.0002938697   -0.0000000003    0.0000000000    0.0000000000    0.0000000002   -0.0000000000   -0.0000000201   -0.0000000041    0.0000000000    0.0000000000   -0.0000000024   -0.0000000002    0.0000000000    0.0000000004    0.0000000000   -0.0000000002    0.0000754734   -0.0000000000    0.0000000001   -0.0000000000   -0.0000000016    0.0000000002   -0.0000000000   -0.0000000140   -0.0000000000   -0.0000000000   -0.0000000000    0.0000000000    0.0000000012   -0.0000000079   -0.0000000000   -0.0000000000   -0.0000000001   -0.0000000007    0.0000000000    0.0000000000   -0.0000000009    0.0000000000    0.0000000000
 -0.0000000011    0.0000000000    0.0000000024   -0.0000000000   -0.0000002316   -0.0000000000    0.0000000000   -0.0000000135   -0.0000000000    0.0000000030    0.0000000000   -0.0000000008   -0.0000000029    0.0000000000   -0.0000000041   -0.0000000000   -0.0000000000   -0.0000000083    0.0000000005   -0.0000000000   -0.0000000000    0.0000000027   -0.0000000004   -0.0000000000   -0.0000000009   -0.0000000000   -0.0000000000    0.0000000107   -0.0000000069   -0.0000000000   -0.0000000021   -0.0000000000   -0.0000000044    0.0000000000    0.0000000040    0.0000000000   -0.0000000002   -0.0027966457    0.0000000028   -0.0000000000   -0.0000000031    0.0000000000   -0.0000000000    0.0000000132    0.0000000241   -0.0000000000    0.0000000035    0.0000000000   -0.0000000000    0.0000000027    0.0000000007   -0.0000000000   -0.0000000000    0.0000000393    0.0000000000    0.0000000098    0.0000000024   -0.0000000000   -0.0004614622   -0.0000000098   -0.0000000154   -0.0000000000    0.0000000000   -0.0000000086    0.0000000000   -0.0000000115   -0.0000000019   -0.0000000000    0.0000000013   -0.0000000000    0.0000000000   -0.0000000143   -0.0000000063    0.0000000000   -0.0000000000    0.0000000145    0.0000000100   -0.0000000000   -0.0000000000    0.0000000120
 -0.0000000000   -0.0000000000    0.0000000000   -0.0000000002   -0.0000000000    0.0000011262    0.0000000000   -0.0000000000    0.0000000001    0.0000000000   -0.0000000002   -0.0000000000   -0.0000000000   -0.0000000006   -0.0000000000    0.0000000003    0.0000002738    0.0000000000   -0.0000000000    0.0000000002    0.0000000002    0.0000000000   -0.0000000000    0.0000000001   -0.0000000000    0.0000000002    0.0000000002    0.0000000000   -0.0000000000    0.0000000049   -0.0000000000    0.0000000000   -0.0000000000   -0.0000000006    0.0000000000    0.0000000000    0.0003263578   -0.0000000001    0.0000000000   -0.0000000000   -0.0000000000   -0.0000000010    0.0000000001    0.0000000000    0.0000000000    0.0000000149    0.0000000000   -0.0000000020    0.0000000014    0.0000000000    0.0000000000    0.0000000022    0.0000000158    0.0000000000   -0.0000000012    0.0000000000    0.0000000000    0.0000000013   -0.0000000011    0.0000538676   -0.0000000000    0.0000000018   -0.0000000001   -0.0000000000    0.0000000020    0.0000000000   -0.0000000000   -0.0000000000   -0.0000000000   -0.0000000005    0.0000000002   -0.0000000000   -0.0000000000   -0.0000000055    0.0000000009    0.0000000000    0.0000000000    0.0000000007    0.0000000001    0.0000000000
  0.0108756933    0.0000000000   -0.0000000112   -0.0000000000   -0.0000000030   -0.0000000000    0.0000000000   -0.0000000876    0.0000000000   -0.0000000089   -0.0000000000    0.0000001107   -0.0000000031   -0.0000000000    0.0000000036   -0.0000000000   -0.0000000000    0.0000000031   -0.0000000002    0.0000000000    0.0000000000    0.0000000608    0.0009647384    0.0000000000    0.0000000085   -0.0000000000    0.0000000000    0.0000000225   -0.0000000012   -0.0000000000   -0.0000000033   -0.0000000000   -0.0000000086    0.0000000000   -0.0000000031   -0.0000000000    0.0000000000   -0.0000000010   -0.0000000030    0.0000000000    0.0000000018   -0.0000000000    0.0000000000   -0.0000000091   -0.0000000076    0.0000000000   -0.0000000077   -0.0000000000   -0.0000000000    0.0016868336    0.0000000117   -0.0000000000    0.0000000000    0.0000000051   -0.0000000000   -0.0000000053   -0.0000000020    0.0000000000   -0.0000000016   -0.0000000000    0.0000000212    0.0000000000   -0.0000000000    0.0000000009   -0.0000000000    0.0000000066    0.0000000011    0.0000000000    0.0001505230   -0.0000000000   -0.0000000000    0.0000000049    0.0000000038   -0.0000000000    0.0000000000   -0.0000000073    0.0000000099    0.0000000000    0.0000000000   -0.0000000039
  0.0000000001   -0.0012692552   -0.0000000000   -0.0000000004   -0.0000000000    0.0000000000   -0.0000005768   -0.0000000000   -0.0000000004   -0.0000000000    0.0000007212    0.0000000000   -0.0000000000    0.0000000001    0.0000000000   -0.0000000002    0.0000000000    0.0000000000   -0.0000000000   -0.0000000001   -0.0000002002    0.0000000000    0.0000000000   -0.0001125804    0.0000000000    0.0000000007   -0.0000000558    0.0000000000   -0.0000000000   -0.0000000000   -0.0000000000    0.0000000001   -0.0000000000   -0.0000000128   -0.0000000000    0.0000000001   -0.0000000002   -0.0000000000   -0.0000000000   -0.0000000001    0.0000000000    0.0000000044    0.0000000005   -0.0000000000   -0.0000000000    0.0000000000   -0.0000000000    0.0000000014    0.0001968309    0.0000000000    0.0000000000    0.0000000092   -0.0000000001    0.0000000000    0.0000000001   -0.0000000000   -0.0000000000   -0.0000000053    0.0000000000   -0.0000000001    0.0000000000   -0.0000000033    0.0000000002    0.0000000000   -0.0000000003   -0.0000000000    0.0000000000    0.0000000001   -0.0000000000   -0.0000175758   -0.0000000015   -0.0000000000    0.0000000000   -0.0000000001   -0.0000000087   -0.0000000000    0.0000000000   -0.0000000071   -0.0000000003   -0.0000000000
 -0.0000000220   -0.0000000000   -0.0000000002   -0.0000000000    0.0048559960    0.0000000000    0.0000000000    0.0000000006    0.0000000000    0.0000000003    0.0000000000   -0.0000000006    0.0000000024    0.0000000000    0.0000000056   -0.0000000000   -0.0000000001    0.0052343170    0.0000000067   -0.0000000000   -0.0000000000   -0.0000000026    0.0000000061    0.0000000000   -0.0000000013    0.0000000000    0.0000000000   -0.0000000014    0.0002396129   -0.0000000000   -0.0000000018   -0.0000000000    0.0000000018   -0.0000000000   -0.0000000038   -0.0000000000    0.0000000000    0.0000000299   -0.0000000012   -0.0000000000   -0.0000000002    0.0000000000    0.0000000000   -0.0000000098   -0.0001686869   -0.0000000000   -0.0000000072   -0.0000000000    0.0000000000   -0.0000000006   -0.0000000085    0.0000000000    0.0000000000    0.0008704049   -0.0000000000   -0.0000000042   -0.0000000010    0.0000000000   -0.0000000332   -0.0000000000    0.0000000056    0.0000000000    0.0000000000   -0.0000000034   -0.0000000000    0.0000000064   -0.0000000009   -0.0000000000   -0.0000000004    0.0000000000    0.0000000000   -0.0000000024    0.0000947319    0.0000000000    0.0000000000   -0.0000000033    0.0000000028   -0.0000000000    0.0000000000   -0.0000000015
 -0.0000000000   -0.0000000001    0.0000000000    0.0000000001    0.0000000000   -0.0005667645   -0.0000000000   -0.0000000000    0.0000000000   -0.0000000000   -0.0000000000    0.0000000000    0.0000000000   -0.0000000002   -0.0000000000   -0.0000000005   -0.0006108480   -0.0000000000   -0.0000000000   -0.0000000003   -0.0000000001    0.0000000000   -0.0000000000    0.0000000000   -0.0000000000   -0.0000000000   -0.0000000000    0.0000000000   -0.0000000000   -0.0000280051    0.0000000000   -0.0000000000    0.0000000000    0.0000000000   -0.0000000000    0.0000000001    0.0000000712   -0.0000000000   -0.0000000000    0.0000000000    0.0000000000    0.0000000001    0.0000000003    0.0000000000    0.0000000000   -0.0000196820   -0.0000000000    0.0000000001   -0.0000000002    0.0000000000   -0.0000000000   -0.0000000001    0.0001015488   -0.0000000000   -0.0000000002    0.0000000000   -0.0000000000   -0.0000000002   -0.0000000000    0.0000000134   -0.0000000000   -0.0000000000    0.0000000001    0.0000000000    0.0000000002    0.0000000000    0.0000000000   -0.0000000000   -0.0000000000    0.0000000001   -0.0000000002   -0.0000000000    0.0000000000   -0.0000110782   -0.0000000000   -0.0000000000   -0.0000000000   -0.0000000000   -0.0000000001    0.0000000000

# Root 9  E=0.3548642786 Ha  9.656354 eV
  0.0000000000    0.0000000000    0.0000000000    0.0000000000    0.0000000000    0.0000000000    0.0000000000    0.0000000000    0.0000000000    0.0000000000    0.0000000000    0.0000000000    0.0000000000    0.0000000000    0.0000000000    0.0000000000    0.0000000000    0.0000000000    0.0000000000    0.0000000000    0.0000000000    0.0000000000    0.0000000000    0.0000000000    0.0000000000    0.0000000000    0.0000000000    0.0000000000    0.0000000000    0.0000000000    0.0000000000    0.0000000000    0.0000000000    0.0000000000    0.0000000000    0.0000000000    0.0000000000    0.0000000000    0.0000000000    0.0000000000    0.0000000000    0.0000000000    0.0000000000    0.0000000000    0.0000000000    0.0000000000    0.0000000000    0.0000000000    0.0000000000    0.0000000000    0.0000000000    0.0000000000    0.0000000000    0.0000000000    0.0000000000    0.0000000000    0.0000000000    0.0000000000    0.0000000000    0.0000000000    0.0000000000    0.0000000000    0.0000000000    0.0000000000    0.0000000000    0.0000000000    0.0000000000    0.0000000000    0.0000000000    0.0000000000    0.0000000000    0.0000000000    0.0000000000    0.0000000000    0.0000000000    0.0000000000    0.0000000000    0.0000000000    0.0000000000    0.0000000000
  0.0000000000    0.0000000000    0.0000000000    0.0000000000    0.0000000000    0.0000000000    0.0000000000    0.0000000000    0.0000000000    0.0000000000    0.0000000000    0.0000000000    0.0000000000    0.0000000000    0.0000000000    0.0000000000    0.0000000000    0.0000000000    0.0000000000    0.0000000000    0.0000000000    0.0000000000    0.0000000000    0.0000000000    0.0000000000    0.0000000000    0.0000000000    0.0000000000    0.0000000000    0.0000000000    0.0000000000    0.0000000000    0.0000000000    0.0000000000    0.0000000000    0.0000000000    0.0000000000    0.0000000000    0.0000000000    0.0000000000    0.0000000000    0.0000000000    0.0000000000    0.0000000000    0.0000000000    0.0000000000    0.0000000000    0.0000000000    0.0000000000    0.0000000000    0.0000000000    0.0000000000    0.0000000000    0.0000000000    0.0000000000    0.0000000000    0.0000000000    0.0000000000    0.0000000000    0.0000000000    0.0000000000    0.0000000000    0.0000000000    0.0000000000    0.0000000000    0.0000000000    0.0000000000    0.0000000000    0.0000000000    0.0000000000    0.0000000000    0.0000000000    0.0000000000    0.0000000000    0.0000000000    0.0000000000    0.0000000000    0.0000000000    0.0000000000    0.0000000000
  0.0000000000    0.0000000000    0.0000000000    0.0000000000    0.0000000000    0.0000000000    0.0000000000    0.0000000000    0.0000000000    0.0000000000    0.0000000000    0.0000000000    0.0000000000    0.0000000000    0.0000000000    0.0000000000    0.0000000000    0.0000000000    0.0000000000    0.0000000000    0.0000000000    0.0000000000    0.0000000000    0.0000000000    0.0000000000    0.0000000000    0.0000000000    0.0000000000    0.0000000000    0.0000000000    0.0000000000    0.0000000000    0.0000000000    0.0000000000    0.0000000000    0.0000000000    0.0000000000    0.0000000000    0.0000000000    0.0000000000    0.0000000000    0.0000000000    0.0000000000    0.0000000000    0.0000000000    0.0000000000    0.0000000000    0.0000000000    0.0000000000    0.0000000000    0.0000000000    0.0000000000    0.0000000000    0.0000000000    0.0000000000    0.0000000000    0.0000000000    0.0000000000    0.0000000000    0.0000000000    0.0000000000    0.0000000000    0.0000000000    0.0000000000    0.0000000000    0.0000000000    0.0000000000    0.0000000000    0.0000000000    0.0000000000    0.0000000000    0.0000000000    0.0000000000    0.0000000000    0.0000000000    0.0000000000    0.0000000000    0.0000000000    0.0000000000    0.0000000000
  0.0000000000    0.0000000000    0.0000000000    0.0000000000    0.0000000000    0.0000000000    0.0000000000    0.0000000000    0.0000000000    0.0000000000    0.0000000000    0.0000000000    0.0000000000    0.0000000000    0.0000000000    0.0000000000    0.0000000000    0.0000000000    0.0000000000    0.0000000000    0.0000000000    0.0000000000    0.0000000000    0.0000000000    0.0000000000    0.0000000000    0.0000000000    0.0000000000    0.0000000000    0.0000000000    0.0000000000    0.0000000000    0.0000000000    0.0000000000    0.0000000000    0.0000000000    0.0000000000    0.0000000000    0.0000000000    0.0000000000    0.0000000000    0.0000000000    0.0000000000    0.0000000000    0.0000000000    0.0000000000    0.0000000000    0.0000000000    0.0000000000    0.0000000000    0.0000000000    0.0000000000    0.0000000000    0.0000000000    0.0000000000    0.0000000000    0.0000000000    0.0000000000    0.0000000000    0.0000000000    0.0000000000    0.0000000000    0.0000000000    0.0000000000    0.0000000000    0.0000000000    0.0000000000    0.0000000000    0.0000000000    0.0000000000    0.0000000000    0.0000000000    0.0000000000    0.0000000000    0.0000000000    0.0000000000    0.0000000000    0.0000000000    0.0000000000    0.0000000000
  0.0030484247    0.0000000000    0.0000000014   -0.0000000000    0.0000000005   -0.0000000000   -0.0000000000    0.0000003980   -0.0000000000    0.0000000001   -0.0000000000    0.0000004347   -0.0000000005    0.0000000000   -0.0000000008    0.0000000000   -0.0000000000    0.0000000003    0.0000000017    0.0000000000   -0.0000000000    0.0000005084    0.0005149975   -0.0000000000   -0.0000000012    0.0000000000    0.0000000000   -0.0000003232    0.0000000002   -0.0000000000    0.0000000003    0.0000000000    0.0000006272   -0.0000000000    0.0000000006    0.0000000000   -0.0000000000   -0.0000000009    0.0000000002   -0.0000000000    0.0000000001    0.0000000000   -0.0000000000    0.0000000021    0.0000000019    0.0000000000    0.0000000015   -0.0000000000    0.0000000000    0.0009196521    0.0000001364    0.0000000000    0.0000000000   -0.0000000012   -0.0000000000    0.0000000013   -0.0000000001    0.0000000000    0.0000000011    0.0000000000   -0.0000000333   -0.0000000000   -0.0000000000    0.0000000004    0.0000000000   -0.0000000014   -0.0000000003   -0.0000000000   -0.0004786436    0.0000000001    0.0000000000   -0.0000000004   -0.0000000002   -0.0000000000    0.0000000000   -0.0000000626    0.0000000190   -0.0000000000   -0.0000000000    0.0000000006
  0.0000000000   -0.0026840032    0.0000000000    0.0000000006   -0.0000000000    0.0000000001    0.0000004761    0.0000000000   -0.0000000000   -0.0000000000    0.0000005130    0.0000000000   -0.0000000000    0.0000000001   -0.0000000000    0.0000000001   -0.0000000000   -0.0000000000    0.0000000000    0.0000000008    0.0000005656    0.0000000000   -0.0000000000   -0.0004534328   -0.0000000000   -0.0000000018    0.0000003802    0.0000000000   -0.0000000000    0.0000000000   -0.0000000000    0.0000000000    0.0000000000    0.0000007334    0.0000000000   -0.0000000004    0.0000000007   -0.0000000000    0.0000000000    0.0000000003   -0.0000000000   -0.0000000073   -0.0000000015   -0.0000000000    0.0000000000    0.0000000003    0.0000000000    0.0000000010    0.0008097357   -0.0000000000    0.0000000000    0.0000001568   -0.0000000002    0.0000000000    0.0000000025   -0.0000000000    0.0000000000    0.0000000093   -0.0000000000    0.0000000001   -0.0000000000    0.0000000363   -0.0000000001   -0.0000000000   -0.0000000035   -0.0000000000    0.0000000000   -0.0000000002    0.0000000001    0.0004214299    0.0000000031    0.0000000000   -0.0000000000    0.0000000001   -0.0000000770   -0.0000000000   -0.0000000000   -0.0000000214    0.0000000007   -0.0000000000
 -0.0000000000   -0.0000000013   -0.0000000000   -0.0000005208    0.0000000000    0.0000000000   -0.0000000006   -0.0000000000   -0.0000000000    0.0000000000   -0.0000000004   -0.0000000000   -0.0000000000   -0.0000008197    0.0000000000   -0.0000001007    0.0000000004    0.0000000000   -0.0000000000    0.0008665956    0.0000000019   -0.0000000000    0.0000000000   -0.0000000009    0.0000000000    0.0000003057    0.0000000012    0.0000000000    0.0000000000   -0.0000000005   -0.0000000000    0.0000000001   -0.0000000000   -0.0000000020   -0.0000000000    0.0000000003    0.0000000007   -0.0000000000   -0.0000000000    0.0000000003   -0.0000000000   -0.0007054804    0.0000000009    0.0000000000   -0.0000000000   -0.0000000032    0.0000000000    0.0000000173   -0.0000000231   -0.0000000000   -0.0000000000    0.0000000016    0.0000000014    0.0000000000    0.0000000077   -0.0000000000    0.0000000000    0.0008739361   -0.0000000000    0.0000000005   -0.0000000000    0.0000000082   -0.0000000001   -0.0000000000   -0.0000000059   -0.0000000000    0.0000000000   -0.0000000004    0.0000000000    0.0000000076    0.0000000190    0.0000000000    0.0000000000   -0.0000000012    0.0000000062    0.0000000000    0.0000000000   -0.0000000045   -0.0000000003   -0.0000000000
 -0.0000000118   -0.0000000000   -0.0000004246    0.0000000000    0.0000000001    0.0000000000    0.0000000000   -0.0000000009   -0.0000000000    0.0000000004   -0.0000000000    0.0000000017   -0.0000007154    0.0000000000    0.0000000868    0.0000000000    0.0000000000   -0.0000000011   -0.0009842146   -0.0000000000   -0.0000000000    0.0000000002    0.0000000019   -0.0000000000    0.0000002515   -0.0000000000   -0.0000000000    0.0000000036    0.0000000006    0.0000000000   -0.0000000003   -0.0000000000    0.0000000010   -0.0000000000   -0.0000000023   -0.0000000000   -0.0000000000   -0.0000000014   -0.0000000023   -0.0000000000   -0.0008012990    0.0000000000    0.0000000000   -0.0000000059   -0.0000000053    0.0000000000   -0.0000000207   -0.0000000000    0.0000000000   -0.0000000028   -0.0000000053   -0.0000000000    0.0000000000    0.0000000034   -0.0000000000   -0.0000000164    0.0009926006   -0.0000000000   -0.0000000010   -0.0000000000    0.0000000039    0.0000000000    0.0000000000   -0.0000000011   -0.0000000000    0.0000000129    0.0000000006    0.0000000000    0.0000000007   -0.0000000000   -0.0000000000    0.0000000225    0.0000000004    0.0000000000    0.0000000000   -0.0000000007    0.0000000016    0.0000000000    0.0000000000   -0.0000000015
  0.0000000008   -0.0000000000   -0.0000000025   -0.0000000000    0.0000000029   -0.0000000000    0.0000000000    0.0000000009    0.0000000000    0.0000001406   -0.0000000000    0.0000000002   -0.0000000015   -0.0000000000    0.0000000014    0.0000000000   -0.0000000000    0.0000000018    0.0000000005    0.0000000000    0.0000000000    0.0000000004   -0.0000000001    0.0000000000    0.0000000029    0.0000000000    0.0000000000   -0.0000000014    0.0000000002   -0.0000000000    0.0000003021   -0.0000000000   -0.0000000001   -0.0000000000   -0.0000000375    0.0000000000    0.0000000000    0.0000000062   -0.0026234286   -0.0000000009   -0.0000000018   -0.0000000000    0.0000000000   -0.0000001673    0.0000000030    0.0000000000    0.0000000013   -0.0000000000    0.0000000000    0.0000000009    0.0000000020    0.0000000000    0.0000000000   -0.0000000006   -0.0000000000    0.0000000009    0.0000000016    0.0000000000   -0.0000000008   -0.0000000000   -0.0000000021    0.0000000000   -0.0000000000   -0.0000000348    0.0000000000   -0.0000000021    0.0006632675    0.0000000002    0.0000000003   -0.0000000000    0.0000000000    0.0000000004   -0.0000000007    0.0000000000    0.0000000000    0.0000000008   -0.0000000003    0.0000000000    0.0000000000    0.0000000610
 -0.0000000000   -0.0000000004    0.0000000000   -0.0000000002   -0.0000000000   -0.0000000007    0.0000000001   -0.0000000000    0.0000001961   -0.0000000000   -0.0000000002   -0.0000000000    0.0000000000   -0.0000000004   -0.0000000000    0.0000000003   -0.0000000010   -0.0000000000   -0.0000000000    0.0000000001    0.0000000002   -0.0000000000    0.0000000000    0.0000000001   -0.0000000000    0.0000000002    0.0000000001    0.0000000000   -0.0000000000   -0.0000000002   -0.0000000000   -0.0000003597   -0.0000000000   -0.0000000006    0.0000000000    0.0000000564    0.0000000015   -0.0000000000    0.0000000010   -0.0023098239    0.0000000000   -0.0000000014    0.0000001972    0.0000000000   -0.0000000000    0.0000000002   -0.0000000000   -0.0000000019    0.0000000020   -0.0000000000   -0.0000000000    0.0000000022    0.0000000003    0.0000000000   -0.0000000009   -0.0000000000   -0.0000000000    0.0000000017    0.0000000000   -0.0000000003    0.0000000000    0.0000000015   -0.0000000377    0.0000000000    0.0000000016    0.0000000000   -0.0000000003    0.0005839897   -0.0000000000   -0.0000000006    0.0000000006    0.0000000000    0.0000000000    0.0000000002    0.0000000007   -0.0000000000    0.0000000000    0.0000000009    0.0000000713   -0.0000000000
  0.0063889401    0.0000000001    0.0000000079   -0.0000000000    0.0000000000    0.0000000000    0.0000000000   -0.0000008661   -0.0000000000    0.0000000001    0.0000000000   -0.0000018428    0.0000000039   -0.0000000000   -0.0000000021   -0.0000000000   -0.0000000000    0.0000000002   -0.0000000016   -0.0000000000    0.0000000000   -0.0000005387   -0.0004760306   -0.0000000000   -0.0000000018    0.0000000000    0.0000000000    0.0000001566   -0.0000000005   -0.0000000000    0.0000000002    0.0000000000   -0.0000011281    0.0000000000    0.0000000011    0.0000000000   -0.0000000000   -0.0000000001    0.0000000006   -0.0000000000    0.0000000049    0.0000000000   -0.0000000000    0.0000000033    0.0000000029    0.0000000000    0.0000000018   -0.0000000000   -0.0000000000    0.0013330663   -0.0000001237    0.0000000000    0.0000000000   -0.0000000020   -0.0000000000    0.0000000015    0.0000000022   -0.0000000000   -0.0000000001   -0.0000000000    0.0000000505    0.0000000000   -0.0000000000    0.0000000003    0.0000000000   -0.0000000031   -0.0000000004   -0.0000000000   -0.0000262093    0.0000000000    0.0000000000   -0.0000000010   -0.0000000007   -0.0000000000   -0.0000000000    0.0000000512   -0.0000000531   -0.0000000000   -0.0000000000    0.0000000011
  0.0000000001   -0.0056252166    0.0000000000    0.0000000018    0.0000000000   -0.0000000002   -0.0000009843   -0.0000000000    0.0000000000   -0.0000000000   -0.0000021430   -0.0000000000    0.0000000000    0.0000000011   -0.0000000000    0.0000000006   -0.0000000001    0.0000000000   -0.0000000000    0.0000000001   -0.0000006218   -0.0000000000   -0.0000000000    0.0004191627   -0.0000000000   -0.0000000027   -0.0000001769    0.0000000000   -0.0000000000    0.0000000000    0.0000000000    0.0000000001   -0.0000000000   -0.0000013259    0.0000000000   -0.0000000007    0.0000000006   -0.0000000000    0.0000000000    0.0000000004   -0.0000000000   -0.0000000153   -0.0000000022   -0.0000000000    0.0000000000    0.0000000003    0.0000000000   -0.0000000000    0.0011737350    0.0000000000   -0.0000000000   -0.0000001428   -0.0000000001   -0.0000000000    0.0000000028    0.0000000000    0.0000000000    0.0000000163   -0.0000000000    0.0000000005    0.0000000000   -0.0000000624   -0.0000000004   -0.0000000000   -0.0000000032   -0.0000000000    0.0000000000   -0.0000000003    0.0000000000    0.0000230605    0.0000000053    0.0000000000   -0.0000000000    0.0000000001    0.0000000538    0.0000000000   -0.0000000000    0.0000000635    0.0000000011    0.0000000000
 -0.0000000006   -0.0000000000   -0.0000000014   -0.0000000000   -0.0000011906   -0.0000000000    0.0000000000    0.0000000054   -0.0000000000    0.0000000015   -0.0000000000    0.0000000033   -0.0000000005   -0.0000000000    0.0000000017    0.0000000000    0.0000000000   -0.0000012341    0.0000000000    0.0000000000    0.0000000000   -0.0000000001    0.0000000001    0.0000000000   -0.0000000003    0.0000000000    0.0000000000   -0.0000000046    0.0000003903    0.0000000000    0.0000000018    0.0000000000    0.0000000049   -0.0000000000   -0.0000000012   -0.0000000000   -0.0000000002   -0.0029174172    0.0000000034    0.0000000000    0.0000000008   -0.0000000000    0.0000000000   -0.0000000061   -0.0000002077    0.0000000000   -0.0000000027   -0.0000000000    0.0000000000   -0.0000000003   -0.0000000017    0.0000000000    0.0000000000   -0.0000001523   -0.0000000000   -0.0000000040   -0.0000000011    0.0000000000   -0.0011555906   -0.0000000244    0.0000000061    0.0000000000   -0.0000000000    0.0000000021   -0.0000000000    0.0000000052    0.0000000021    0.0000000000   -0.0000000003    0.0000000000   -0.0000000000    0.0000000042   -0.0000001109   -0.0000000000    0.0000000000   -0.0000000057   -0.0000000027    0.0000000000    0.0000000000   -0.0000000041
 -0.0000000000   -0.0000000006    0.0000000000    0.0000000001   -0.0000000000    0.0000013500   -0.0000000001    0.0000000000    0.0000000001    0.0000000000    0.0000000003    0.0000000000   -0.0000000000    0.0000000009    0.0000000000   -0.0000000007    0.0000014584    0.0000000000   -0.0000000000   -0.0000000001   -0.0000000006    0.0000000000    0.0000000000   -0.0000000002   -0.0000000000   -0.0000000006   -0.0000000003   -0.0000000000    0.0000000000   -0.0000004549    0.0000000000   -0.0000000006    0.0000000000    0.0000000014   -0.0000000000   -0.0000000006    0.0025686634   -0.0000000002    0.0000000000   -0.0000000013    0.0000000000    0.0000000029    0.0000000002   -0.0000000000   -0.0000000000   -0.0000002383   -0.0000000000    0.0000000053   -0.0000000038   -0.0000000000   -0.0000000000   -0.0000000059   -0.0000001846   -0.0000000000    0.0000000031   -0.0000000000   -0.0000000000   -0.0000000036   -0.0000000215    0.0010174594    0.0000000000   -0.0000000044    0.0000000001    0.0000000000   -0.0000000051   -0.0000000000    0.0000000000   -0.0000000004    0.0000000000    0.0000000012   -0.0000000009   -0.0000000000   -0.0000000000    0.0000001336   -0.0000000020   -0.0000000000   -0.0000000000   -0.0000000020   -0.0000000002   -0.0000000000
  0.0000058223    0.0000000000    0.0000000027   -0.0000000000    0.0000000028    0.0000000000   -0.0000000000    0.0011960381   -0.0000000000   -0.0000000005   -0.0000000120    0.0097203598   -0.0000000154    0.0000000000    0.0000000110   -0.0000000000   -0.0000000000    0.0000000118   -0.0000000026    0.0000000000   -0.0000000000    0.0066095270   -0.0000014895    0.0000000000    0.0000000118    0.0000000000    0.0000000000    0.0013201968   -0.0000000023    0.0000000000    0.0000000054    0.0000000000    0.0064494756   -0.0000000004    0.0000000118    0.0000000000    0.0000000000    0.0000000032    0.0000000037   -0.0000000000   -0.0000000018    0.0000000000   -0.0000000000    0.0000000312    0.0000000274    0.0000000000    0.0000000217    0.0000000000    0.0000000000   -0.0000001250    0.0002054446   -0.0000000000   -0.0000000000   -0.0000000201    0.0000000000    0.0000000143    0.0000000038   -0.0000000000    0.0000000029    0.0000000000   -0.0001236414   -0.0000000000   -0.0000000000    0.0000000107    0.0000000000   -0.0000000201   -0.0000000023   -0.0000000000    0.0000000164   -0.0000000000   -0.0000000000    0.0000000097    0.0000000026   -0.0000000000   -0.0000000000    0.0000181959    0.0001581818    0.0000000000    0.0000000000    0.0000000050
  0.0000000000   -0.0000067759   -0.0000000000    0.0000000022   -0.0000000000   -0.0000000014    0.0010530683    0.0000000000   -0.0000000001   -0.0000000000    0.0085584683    0.0000000105    0.0000000000    0.0000000047    0.0000000000    0.0000000030   -0.0000000041   -0.0000000000   -0.0000000000    0.0000000027    0.0058194131    0.0000000000   -0.0000000000    0.0000015166    0.0000000000   -0.0000000098   -0.0011624135    0.0000000000   -0.0000000000    0.0000000051    0.0000000000   -0.0000000018    0.0000000003    0.0056785789   -0.0000000000    0.0000000013   -0.0000000020    0.0000000000   -0.0000000000   -0.0000000021   -0.0000000000   -0.0000000521    0.0000000060    0.0000000000   -0.0000000000    0.0000000203    0.0000000000    0.0000000033   -0.0000000696    0.0000000000    0.0000000000    0.0001808387   -0.0000000064    0.0000000000    0.0000000106   -0.0000000000    0.0000000000    0.0000000625    0.0000000000   -0.0000000016   -0.0000000000    0.0001088105    0.0000000047    0.0000000000   -0.0000000133   -0.0000000000   -0.0000000000    0.0000000013   -0.0000000000   -0.0000000351    0.0000000128    0.0000000000   -0.0000000000    0.0000000102    0.0000159894    0.0000000000    0.0000000000   -0.0001392681   -0.0000000050   -0.0000000000

# Root 10  E=0.3548646954 Ha  9.656365 eV
  0.0000000000    0.0000000000    0.0000000000    0.0000000000    0.0000000000    0.0000000000    0.0000000000    0.0000000000    0.0000000000    0.0000000000    0.0000000000    0.0000000000    0.0000000000    0.0000000000    0.0000000000    0.0000000000    0.0000000000    0.0000000000    0.0000000000    0.0000000000    0.0000000000    0.0000000000    0.0000000000    0.0000000000    0.0000000000    0.0000000000    0.0000000000    0.0000000000    0.0000000000    0.0000000000    0.0000000000    0.0000000000    0.0000000000    0.0000000000    0.0000000000    0.0000000000    0.0000000000    0.0000000000    0.0000000000    0.0000000000    0.0000000000    0.0000000000    0.0000000000    0.0000000000    0.0000000000    0.0000000000    0.0000000000    0.0000000000    0.0000000000    0.0000000000    0.0000000000    0.0000000000    0.0000000000    0.0000000000    0.0000000000    0.0000000000    0.0000000000    0.0000000000    0.0000000000    0.0000000000    0.0000000000    0.0000000000    0.0000000000    0.0000000000    0.0000000000    0.0000000000    0.0000000000    0.0000000000    0.0000000000    0.0000000000    0.0000000000    0.0000000000    0.0000000000    0.0000000000    0.0000000000    0.0000000000    0.0000000000    0.0000000000    0.0000000000    0.0000000000
  0.0000000000    0.0000000000    0.0000000000    0.0000000000    0.0000000000    0.0000000000    0.0000000000    0.0000000000    0.0000000000    0.0000000000    0.0000000000    0.0000000000    0.0000000000    0.0000000000    0.0000000000    0.0000000000    0.0000000000    0.0000000000    0.0000000000    0.0000000000    0.0000000000    0.0000000000    0.0000000000    0.0000000000    0.0000000000    0.0000000000    0.0000000000    0.0000000000    0.0000000000    0.0000000000    0.0000000000    0.0000000000    0.0000000000    0.0000000000    0.0000000000    0.0000000000    0.0000000000    0.0000000000    0.0000000000    0.0000000000    0.0000000000    0.0000000000    0.0000000000    0.0000000000    0.0000000000    0.0000000000    0.0000000000    0.0000000000    0.0000000000    0.0000000000    0.0000000000    0.0000000000    0.0000000000    0.0000000000    0.0000000000    0.0000000000    0.0000000000    0.0000000000    0.0000000000    0.0000000000    0.0000000000    0.0000000000    0.0000000000    0.0000000000    0.0000000000    0.0000000000    0.0000000000    0.0000000000    0.0000000000    0.0000000000    0.0000000000    0.0000000000    0.0000000000    0.0000000000    0.0000000000    0.0000000000    0.0000000000    0.0000000000    0.0000000000    0.0000000000
  0.0000000000    0.0000000000    0.0000000000    0.0000000000    0.0000000000    0.0000000000    0.0000000000    0.0000000000    0.0000000000    0.0000000000    0.0000000000    0.0000000000    0.0000000000    0.0000000000    0.0000000000    0.0000000000    0.0000000000    0.0000000000    0.0000000000    0.0000000000    0.0000000000    0.0000000000    0.0000000000    0.0000000000    0.0000000000    0.0000000000    0.0000000000    0.0000000000    0.0000000000    0.0000000000    0.0000000000    0.0000000000    0.0000000000    0.0000000000    0.0000000000    0.0000000000    0.0000000000    0.0000000000    0.0000000000    0.0000000000    0.0000000000    0.0000000000    0.0000000000    0.0000000000    0.0000000000    0.0000000000    0.0000000000    0.0000000000    0.0000000000    0.0000000000    0.0000000000    0.0000000000    0.0000000000    0.0000000000    0.0000000000    0.0000000000    0.0000000000    0.0000000000    0.0000000000    0.0000000000    0.0000000000    0.0000000000    0.0000000000    0.0000000000    0.0000000000    0.0000000000    0.0000000000    0.0000000000    0.0000000000    0.0000000000    0.0000000000    0.0000000000    0.0000000000    0.0000000000    0.0000000000    0.0000000000    0.0000000000    0.0000000000    0.0000000000    0.0000000000
  0.0000000000    0.0000000000    0.0000000000    0.0000000000    0.0000000000    0.0000000000    0.0000000000    0.0000000000    0.0000000000    0.0000000000    0.0000000000    0.0000000000    0.0000000000    0.0000000000    0.0000000000    0.0000000000    0.0000000000    0.0000000000    0.0000000000    0.0000000000    0.0000000000    0.0000000000    0.0000000000    0.0000000000    0.0000000000    0.0000000000    0.0000000000    0.0000000000    0.0000000000    0.0000000000    0.0000000000    0.0000000000    0.0000000000    0.0000000000    0.0000000000    0.0000000000    0.0000000000    0.0000000000    0.0000000000    0.0000000000    0.0000000000    0.0000000000    0.0000000000    0.0000000000    0.0000000000    0.0000000000    0.0000000000    0.0000000000    0.0000000000    0.0000000000    0.0000000000    0.0000000000    0.0000000000    0.0000000000    0.0000000000    0.0000000000    0.0000000000    0.0000000000    0.0000000000    0.0000000000    0.0000000000    0.0000000000    0.0000000000    0.0000000000    0.0000000000    0.0000000000    0.0000000000    0.0000000000    0.0000000000    0.0000000000    0.0000000000    0.0000000000    0.0000000000    0.0000000000    0.0000000000    0.0000000000    0.0000000000    0.0000000000    0.0000000000    0.0000000000
 -0.0026843049   -0.0000000000   -0.0000000012   -0.0000000000   -0.0000000004   -0.0000000000   -0.0000000000    0.0000006407   -0.0000000000   -0.0000000001   -0.0000000000    0.0000006385    0.0000000005    0.0000000000    0.0000000007   -0.0000000000    0.0000000000   -0.0000000003   -0.0000000015    0.0000000000   -0.0000000000    0.0000004872   -0.0004535477   -0.0000000000    0.0000000010   -0.0000000000   -0.0000000000   -0.0000004760   -0.0000000001   -0.0000000000   -0.0000000003   -0.0000000000    0.0000008671   -0.0000000000   -0.0000000005   -0.0000000000    0.0000000000    0.0000000008   -0.0000000001   -0.0000000000   -0.0000000000    0.0000000000    0.0000000000   -0.0000000018   -0.0000000017   -0.0000000000   -0.0000000013    0.0000000000    0.0000000000   -0.0008097513    0.0000001837   -0.0000000000   -0.0000000000    0.0000000010    0.0000000000   -0.0000000012    0.0000000001    0.0000000000   -0.0000000009   -0.0000000000   -0.0000000616   -0.0000000000    0.0000000000   -0.0000000003   -0.0000000000    0.0000000012    0.0000000003    0.0000000000    0.0004214313   -0.0000000001   -0.0000000000    0.0000000004    0.0000000001    0.0000000000    0.0000000000   -0.0000000931    0.0000000326    0.0000000000   -0.0000000000   -0.0000000005
  0.0000000000   -0.0030486565   -0.0000000000    0.0000000007    0.0000000000   -0.0000000000   -0.0000005850   -0.0000000000   -0.0000000000   -0.0000000000   -0.0000005773   -0.0000000000    0.0000000000    0.0000000001    0.0000000000    0.0000000001   -0.0000000000   -0.0000000000   -0.0000000000    0.0000000009   -0.0000004194   -0.0000000000    0.0000000000   -0.0005151099    0.0000000000   -0.0000000021   -0.0000004321    0.0000000000    0.0000000000    0.0000000000   -0.0000000000    0.0000000000   -0.0000000000   -0.0000007791    0.0000000000   -0.0000000005    0.0000000008   -0.0000000000   -0.0000000000    0.0000000003   -0.0000000000   -0.0000000084   -0.0000000017   -0.0000000000    0.0000000000    0.0000000004    0.0000000000    0.0000000012    0.0009196879    0.0000000000   -0.0000000000   -0.0000001669   -0.0000000002    0.0000000000    0.0000000028   -0.0000000000    0.0000000000    0.0000000105   -0.0000000000   -0.0000000000    0.0000000000   -0.0000000620   -0.0000000001   -0.0000000000   -0.0000000039   -0.0000000000    0.0000000000   -0.0000000003    0.0000000001    0.0004786400    0.0000000035    0.0000000000   -0.0000000000    0.0000000000    0.0000000809    0.0000000000   -0.0000000000    0.0000000317    0.0000000008   -0.0000000000
  0.0000000000   -0.0000000016   -0.0000000000    0.0000007210   -0.0000000000    0.0000000000   -0.0000000007    0.0000000000    0.0000000001   -0.0000000000   -0.0000000005   -0.0000000000   -0.0000000000    0.0000007596    0.0000000000    0.0000001069    0.0000000005    0.0000000000    0.0000000000    0.0009840557    0.0000000021    0.0000000000   -0.0000000000   -0.0000000011    0.0000000000   -0.0000003734    0.0000000014   -0.0000000000   -0.0000000000   -0.0000000006   -0.0000000000    0.0000000001   -0.0000000000   -0.0000000023    0.0000000000    0.0000000003    0.0000000007   -0.0000000000    0.0000000000    0.0000000003   -0.0000000000   -0.0008013780    0.0000000010    0.0000000000    0.0000000000   -0.0000000036    0.0000000000   -0.0000000088   -0.0000000262    0.0000000000    0.0000000000    0.0000000019    0.0000000016   -0.0000000000    0.0000000196   -0.0000000000    0.0000000000    0.0009926107   -0.0000000000    0.0000000006   -0.0000000000    0.0000000093   -0.0000000001   -0.0000000000    0.0000000202    0.0000000000    0.0000000000   -0.0000000005    0.0000000000    0.0000000086   -0.0000000206   -0.0000000000   -0.0000000000   -0.0000000014    0.0000000070    0.0000000000   -0.0000000000   -0.0000000051   -0.0000000003    0.0000000000
  0.0000000104   -0.0000000000   -0.0000007817   -0.0000000000   -0.0000000001   -0.0000000000    0.0000000000    0.0000000008    0.0000000000   -0.0000000004    0.0000000000   -0.0000000015   -0.0000008587   -0.0000000000    0.0000001184   -0.0000000000   -0.0000000000    0.0000000009    0.0008664108   -0.0000000000   -0.0000000000   -0.0000000002   -0.0000000017    0.0000000000    0.0000004130    0.0000000000   -0.0000000000   -0.0000000032   -0.0000000005    0.0000000000    0.0000000003    0.0000000000   -0.0000000009    0.0000000000    0.0000000020    0.0000000000    0.0000000000    0.0000000012    0.0000000021   -0.0000000000    0.0007056314   -0.0000000000   -0.0000000000    0.0000000052    0.0000000047    0.0000000000   -0.0000000067   -0.0000000000    0.0000000000    0.0000000025    0.0000000047   -0.0000000000   -0.0000000000   -0.0000000030    0.0000000000    0.0000000240   -0.0008739864    0.0000000000    0.0000000009    0.0000000000   -0.0000000035   -0.0000000000   -0.0000000000    0.0000000010   -0.0000000000    0.0000000123   -0.0000000005   -0.0000000000   -0.0000000006    0.0000000000   -0.0000000000    0.0000000173   -0.0000000003    0.0000000000   -0.0000000000    0.0000000006   -0.0000000014    0.0000000000    0.0000000000    0.0000000013
 -0.0000000007   -0.0000000000    0.0000000022   -0.0000000000   -0.0000000026   -0.0000000000    0.0000000000   -0.0000000008   -0.0000000000    0.0000004528    0.0000000000   -0.0000000002    0.0000000013   -0.0000000000   -0.0000000012    0.0000000000   -0.0000000000   -0.0000000016   -0.0000000004    0.0000000000    0.0000000000   -0.0000000003    0.0000000001    0.0000000000   -0.0000000026    0.0000000000    0.0000000000    0.0000000013   -0.0000000002   -0.0000000000    0.0000004778    0.0000000000    0.0000000000   -0.0000000000   -0.0000001479   -0.0000000000    0.0000000000   -0.0000000054    0.0023099955   -0.0000000010    0.0000000015   -0.0000000000   -0.0000000000   -0.0000002307   -0.0000000027    0.0000000000   -0.0000000011   -0.0000000000    0.0000000000   -0.0000000008   -0.0000000017    0.0000000000    0.0000000000    0.0000000006   -0.0000000000   -0.0000000008   -0.0000000014    0.0000000000    0.0000000007    0.0000000000    0.0000000018    0.0000000000    0.0000000000   -0.0000000235   -0.0000000000    0.0000000018   -0.0005840219    0.0000000002   -0.0000000002   -0.0000000000    0.0000000000   -0.0000000004    0.0000000006    0.0000000000    0.0000000000   -0.0000000007    0.0000000003    0.0000000000   -0.0000000000    0.0000000912
  0.0000000000   -0.0000000005   -0.0000000000   -0.0000000001    0.0000000000   -0.0000000008    0.0000000001    0.0000000000   -0.0000004321   -0.0000000000   -0.0000000002   -0.0000000000   -0.0000000000   -0.0000000004    0.0000000000    0.0000000002   -0.0000000011    0.0000000000    0.0000000000    0.0000000001    0.0000000003    0.0000000000   -0.0000000000    0.0000000002    0.0000000000    0.0000000001    0.0000000001   -0.0000000000    0.0000000000   -0.0000000002   -0.0000000000    0.0000004362   -0.0000000000   -0.0000000006    0.0000000000   -0.0000001414    0.0000000018    0.0000000000   -0.0000000009   -0.0026235530   -0.0000000000   -0.0000000017   -0.0000002054    0.0000000000    0.0000000000    0.0000000003    0.0000000000   -0.0000000021    0.0000000023    0.0000000000    0.0000000000    0.0000000026    0.0000000003   -0.0000000000   -0.0000000010    0.0000000000    0.0000000000    0.0000000020    0.0000000000   -0.0000000003   -0.0000000000    0.0000000018    0.0000000186    0.0000000000    0.0000000018    0.0000000000    0.0000000002    0.0006633071   -0.0000000000   -0.0000000007    0.0000000006    0.0000000000   -0.0000000000    0.0000000002    0.0000000008    0.0000000000   -0.0000000000    0.0000000010   -0.0000000836   -0.0000000000
 -0.0056256560    0.0000000001   -0.0000000070    0.0000000000   -0.0000000000   -0.0000000000   -0.0000000000   -0.0000009906    0.0000000000   -0.0000000000    0.0000000000   -0.0000024974   -0.0000000035   -0.0000000000    0.0000000019   -0.0000000000    0.0000000000   -0.0000000001    0.0000000015   -0.0000000000   -0.0000000000   -0.0000006870    0.0004189332   -0.0000000000    0.0000000016    0.0000000000   -0.0000000000    0.0000001600    0.0000000004   -0.0000000000   -0.0000000001   -0.0000000000   -0.0000016503    0.0000000000   -0.0000000009    0.0000000000   -0.0000000000    0.0000000001   -0.0000000005   -0.0000000000   -0.0000000043    0.0000000000    0.0000000000   -0.0000000029   -0.0000000026   -0.0000000000   -0.0000000016    0.0000000000   -0.0000000000   -0.0011737784   -0.0000001571   -0.0000000000   -0.0000000000    0.0000000017   -0.0000000000   -0.0000000013   -0.0000000020   -0.0000000000    0.0000000000    0.0000000000    0.0000000552    0.0000000000    0.0000000000   -0.0000000003   -0.0000000000    0.0000000027    0.0000000004    0.0000000000    0.0000230843   -0.0000000000   -0.0000000000    0.0000000009    0.0000000006   -0.0000000000   -0.0000000000    0.0000000543   -0.0000000585    0.0000000000   -0.0000000000   -0.0000000010
 -0.0000000001   -0.0063892915   -0.0000000000    0.0000000020   -0.0000000000   -0.0000000000    0.0000008732   -0.0000000000    0.0000000000   -0.0000000000    0.0000022453    0.0000000000   -0.0000000000    0.0000000012    0.0000000000    0.0000000006    0.0000000000   -0.0000000000    0.0000000000    0.0000000004    0.0000006128   -0.0000000000    0.0000000000    0.0004758408    0.0000000000   -0.0000000031    0.0000001375    0.0000000000    0.0000000000    0.0000000001   -0.0000000000    0.0000000001    0.0000000000    0.0000014965   -0.0000000000   -0.0000000008    0.0000000006   -0.0000000000   -0.0000000000    0.0000000004   -0.0000000000   -0.0000000175   -0.0000000025   -0.0000000000   -0.0000000000    0.0000000003   -0.0000000000   -0.0000000001    0.0013331331   -0.0000000000   -0.0000000000    0.0000001399   -0.0000000001    0.0000000000    0.0000000032   -0.0000000000    0.0000000000    0.0000000185   -0.0000000000    0.0000000007   -0.0000000000    0.0000000424   -0.0000000004   -0.0000000000   -0.0000000036   -0.0000000000    0.0000000000   -0.0000000003    0.0000000000    0.0000261998    0.0000000061    0.0000000000    0.0000000000    0.0000000002   -0.0000000518   -0.0000000000   -0.0000000000   -0.0000000475    0.0000000012   -0.0000000000
  0.0000000006    0.0000000000    0.0000000013    0.0000000000   -0.0000013323    0.0000000000   -0.0000000000   -0.0000000048    0.0000000000   -0.0000000014    0.0000000000   -0.0000000029    0.0000000004   -0.0000000000   -0.0000000015    0.0000000000    0.0000000000   -0.0000018598   -0.0000000000    0.0000000000    0.0000000000    0.0000000001   -0.0000000000    0.0000000000    0.0000000003    0.0000000000    0.0000000000    0.0000000041    0.0000005472   -0.0000000000   -0.0000000016   -0.0000000000   -0.0000000043    0.0000000000    0.0000000011    0.0000000000    0.0000000001    0.0025688654   -0.0000000030    0.0000000000   -0.0000000007   -0.0000000000   -0.0000000000    0.0000000054   -0.0000002966   -0.0000000000    0.0000000024   -0.0000000000    0.0000000000    0.0000000002    0.0000000015    0.0000000000   -0.0000000000   -0.0000002561   -0.0000000000    0.0000000035    0.0000000010    0.0000000000    0.0010175323    0.0000000215   -0.0000000054   -0.0000000000    0.0000000000   -0.0000000018    0.0000000000   -0.0000000046   -0.0000000019   -0.0000000000    0.0000000002   -0.0000000000    0.0000000000   -0.0000000037   -0.0000001608    0.0000000000   -0.0000000000    0.0000000050    0.0000000024    0.0000000000    0.0000000000    0.0000000036
  0.0000000000   -0.0000000007   -0.0000000000    0.0000000002   -0.0000000000   -0.0000011704   -0.0000000000   -0.0000000000    0.0000000002   -0.0000000000    0.0000000005    0.0000000000    0.0000000000    0.0000000011   -0.0000000000   -0.0000000007   -0.0000016900   -0.0000000000    0.0000000000   -0.0000000001   -0.0000000008   -0.0000000000   -0.0000000000   -0.0000000002    0.0000000000   -0.0000000007   -0.0000000003    0.0000000000    0.0000000000    0.0000004952   -0.0000000000   -0.0000000006    0.0000000000    0.0000000016    0.0000000000   -0.0000000006    0.0029175554   -0.0000000002   -0.0000000000   -0.0000000016    0.0000000000    0.0000000034    0.0000000002    0.0000000000   -0.0000000000    0.0000002739    0.0000000000    0.0000000061   -0.0000000044   -0.0000000000    0.0000000000   -0.0000000067    0.0000002335   -0.0000000000    0.0000000035    0.0000000000   -0.0000000000   -0.0000000041   -0.0000000244    0.0011556608    0.0000000000   -0.0000000049    0.0000000001   -0.0000000000   -0.0000000058   -0.0000000000   -0.0000000000   -0.0000000004    0.0000000000    0.0000000014   -0.0000000010   -0.0000000000   -0.0000000000   -0.0000001418   -0.0000000023   -0.0000000000    0.0000000000   -0.0000000023   -0.0000000003    0.0000000000
  0.0000078670    0.0000000000   -0.0000000024   -0.0000000000   -0.0000000025   -0.0000000000    0.0000000000   -0.0010529405   -0.0000000000    0.0000000004    0.0000000105   -0.0085585519    0.0000000136    0.0000000000   -0.0000000097    0.0000000000    0.0000000000   -0.0000000104    0.0000000023   -0.0000000000    0.0000000000   -0.0058199011   -0.0000002777    0.0000000000   -0.0000000104    0.0000000000   -0.0000000000   -0.0011625756    0.0000000020   -0.0000000000   -0.0000000047   -0.0000000000   -0.0056785032    0.0000000003   -0.0000000104   -0.0000000000   -0.0000000000   -0.0000000028   -0.0000000032    0.0000000000    0.0000000016   -0.0000000000    0.0000000000   -0.0000000275   -0.0000000242   -0.0000000000   -0.0000000191    0.0000000000    0.0000000000   -0.0000001158   -0.0001808849    0.0000000000    0.0000000000    0.0000000176    0.0000000000   -0.0000000126   -0.0000000034    0.0000000000   -0.0000000026   -0.0000000000    0.0001088665    0.0000000000    0.0000000000   -0.0000000094   -0.0000000000    0.0000000177    0.0000000020    0.0000000000   -0.0000000154    0.0000000000    0.0000000000   -0.0000000085   -0.0000000023    0.0000000000    0.0000000000   -0.0000160278   -0.0001392695   -0.0000000000    0.0000000000   -0.0000000044
 -0.0000000000    0.0000070615    0.0000000000    0.0000000025   -0.0000000000   -0.0000000016    0.0011958713    0.0000000000   -0.0000000002   -0.0000000000    0.0097203765    0.0000000120    0.0000000000    0.0000000050    0.0000000000    0.0000000034   -0.0000000047   -0.0000000000    0.0000000000    0.0000000031    0.0066098788    0.0000000000   -0.0000000000   -0.0000000824    0.0000000000   -0.0000000112   -0.0013204205    0.0000000000   -0.0000000000    0.0000000058    0.0000000000   -0.0000000021    0.0000000004    0.0064493840   -0.0000000000    0.0000000015   -0.0000000022    0.0000000000   -0.0000000000   -0.0000000024   -0.0000000000   -0.0000000592    0.0000000068    0.0000000000   -0.0000000000    0.0000000230    0.0000000000    0.0000000039    0.0000001775    0.0000000000    0.0000000000    0.0002053846   -0.0000000075    0.0000000000    0.0000000121   -0.0000000000    0.0000000000    0.0000000709    0.0000000000   -0.0000000018   -0.0000000000    0.0001235863    0.0000000053    0.0000000000   -0.0000000150   -0.0000000000   -0.0000000000    0.0000000015   -0.0000000000   -0.0000000410    0.0000000146    0.0000000000   -0.0000000000    0.0000000114    0.0000181679    0.0000000000    0.0000000000   -0.0001581687   -0.0000000057   -0.0000000000

# Root 11  E=0.3660380613 Ha  9.960408 eV
  0.0000000000    0.0000000000    0.0000000000    0.0000000000    0.0000000000    0.0000000000    0.0000000000    0.0000000000    0.0000000000    0.0000000000    0.0000000000    0.0000000000    0.0000000000    0.0000000000    0.0000000000    0.0000000000    0.0000000000    0.0000000000    0.0000000000    0.0000000000    0.0000000000    0.0000000000    0.0000000000    0.0000000000    0.0000000000    0.0000000000    0.0000000000    0.0000000000    0.0000000000    0.0000000000    0.0000000000    0.0000000000    0.0000000000    0.0000000000    0.0000000000    0.0000000000    0.0000000000    0.0000000000    0.0000000000    0.0000000000    0.0000000000    0.0000000000    0.0000000000    0.0000000000    0.0000000000    0.0000000000    0.0000000000    0.0000000000    0.0000000000    0.0000000000    0.0000000000    0.0000000000    0.0000000000    0.0000000000    0.0000000000    0.0000000000    0.0000000000    0.0000000000    0.0000000000    0.0000000000    0.0000000000    0.0000000000    0.0000000000    0.0000000000    0.0000000000    0.0000000000    0.0000000000    0.0000000000    0.0000000000    0.0000000000    0.0000000000    0.0000000000    0.0000000000    0.0000000000    0.0000000000    0.0000000000    0.0000000000    0.0000000000    0.0000000000    0.0000000000
  0.0000000000    0.0000000000    0.0000000000    0.0000000000    0.0000000000    0.0000000000    0.0000000000    0.0000000000    0.0000000000    0.0000000000    0.0000000000    0.0000000000    0.0000000000    0.0000000000    0.0000000000    0.0000000000    0.0000000000    0.0000000000    0.0000000000    0.0000000000    0.0000000000    0.0000000000    0.0000000000    0.0000000000    0.0000000000    0.0000000000    0.0000000000    0.0000000000    0.0000000000    0.0000000000    0.0000000000    0.0000000000    0.0000000000    0.0000000000    0.0000000000    0.0000000000    0.0000000000    0.0000000000    0.0000000000    0.0000000000    0.0000000000    0.0000000000    0.0000000000    0.0000000000    0.0000000000    0.0000000000    0.0000000000    0.0000000000    0.0000000000    0.0000000000    0.0000000000    0.0000000000    0.0000000000    0.0000000000    0.0000000000    0.0000000000    0.0000000000    0.0000000000    0.0000000000    0.0000000000    0.0000000000    0.0000000000    0.0000000000    0.0000000000    0.0000000000    0.0000000000    0.0000000000    0.0000000000    0.0000000000    0.0000000000    0.0000000000    0.0000000000    0.0000000000    0.0000000000    0.0000000000    0.0000000000    0.0000000000    0.0000000000    0.0000000000    0.0000000000
  0.0000000000    0.0000000000    0.0000000000    0.0000000000    0.0000000000    0.0000000000    0.0000000000    0.0000000000    0.0000000000    0.0000000000    0.0000000000    0.0000000000    0.0000000000    0.0000000000    0.0000000000    0.0000000000    0.0000000000    0.0000000000    0.0000000000    0.0000000000    0.0000000000    0.0000000000    0.0000000000    0.0000000000    0.0000000000    0.0000000000    0.0000000000    0.0000000000    0.0000000000    0.0000000000    0.0000000000    0.0000000000    0.0000000000    0.0000000000    0.0000000000    0.0000000000    0.0000000000    0.0000000000    0.0000000000    0.0000000000    0.0000000000    0.0000000000    0.0000000000    0.0000000000    0.0000000000    0.0000000000    0.0000000000    0.0000000000    0.0000000000    0.0000000000    0.0000000000    0.0000000000    0.0000000000    0.0000000000    0.0000000000    0.0000000000    0.0000000000    0.0000000000    0.0000000000    0.0000000000    0.0000000000    0.0000000000    0.0000000000    0.0000000000    0.0000000000    0.0000000000    0.0000000000    0.0000000000    0.0000000000    0.0000000000    0.0000000000    0.0000000000    0.0000000000    0.0000000000    0.0000000000    0.0000000000    0.0000000000    0.0000000000    0.0000000000    0.0000000000
  0.0000000000    0.0000000000    0.0000000000    0.0000000000    0.0000000000    0.0000000000    0.0000000000    0.0000000000    0.0000000000    0.0000000000    0.0000000000    0.0000000000    0.0000000000    0.0000000000    0.0000000000    0.0000000000    0.0000000000    0.0000000000    0.0000000000    0.0000000000    0.0000000000    0.0000000000    0.0000000000    0.0000000000    0.0000000000    0.0000000000    0.0000000000    0.0000000000    0.0000000000    0.0000000000    0.0000000000    0.0000000000    0.0000000000    0.0000000000    0.0000000000    0.0000000000    0.0000000000    0.0000000000    0.0000000000    0.0000000000    0.0000000000    0.0000000000    0.0000000000    0.0000000000    0.0000000000    0.0000000000    0.0000000000    0.0000000000    0.0000000000    0.0000000000    0.0000000000    0.0000000000    0.0000000000    0.0000000000    0.0000000000    0.0000000000    0.0000000000    0.0000000000    0.0000000000    0.0000000000    0.0000000000    0.0000000000    0.0000000000    0.0000000000    0.0000000000    0.0000000000    0.0000000000    0.0000000000    0.0000000000    0.0000000000    0.0000000000    0.0000000000    0.0000000000    0.0000000000    0.0000000000    0.0000000000    0.0000000000    0.0000000000    0.0000000000    0.0000000000
 -0.0033466197   -0.0000000000   -0.0000000000   -0.0000000000    0.0000000004   -0.0000000000    0.0000000000   -0.0000000463   -0.0000000000    0.0000000001    0.0000000000   -0.0000000299   -0.0000000017    0.0000000000    0.0000000011   -0.0000000000   -0.0000000000    0.0000000001   -0.0000000003   -0.0000000000    0.0000000000    0.0000001251    0.0010654759    0.0000000000    0.0000000005    0.0000000000   -0.0000000000    0.0000000048    0.0000000003   -0.0000000000    0.0000000001    0.0000000000   -0.0000000324    0.0000000000   -0.0000000000    0.0000000000   -0.0000000000   -0.0000000002    0.0000000000   -0.0000000000   -0.0000000003    0.0000000000    0.0000000000   -0.0000000002   -0.0000000002   -0.0000000000   -0.0000000001    0.0000000000    0.0000000000   -0.0000763519   -0.0000000092   -0.0000000000   -0.0000000000    0.0000000001   -0.0000000000    0.0000000001   -0.0000000000    0.0000000000   -0.0000000000   -0.0000000000    0.0000000035    0.0000000000    0.0000000000   -0.0000000000   -0.0000000000    0.0000000005    0.0000000000    0.0000000000   -0.0001892930    0.0000000001   -0.0000000000    0.0000000004    0.0000000000    0.0000000000   -0.0000000000    0.0000000025   -0.0000000062   -0.0000000000   -0.0000000000   -0.0000000000
  0.0000000000   -0.0096983264   -0.0000000000   -0.0000000001    0.0000000000   -0.0000000001    0.0000001433    0.0000000000   -0.0000000000   -0.0000000000    0.0000000782    0.0000000000    0.0000000000    0.0000000009    0.0000000000    0.0000000007   -0.0000000000    0.0000000000   -0.0000000000    0.0000000011   -0.0000003686   -0.0000000000    0.0000000000    0.0030876881   -0.0000000000   -0.0000000012    0.0000000098    0.0000000000    0.0000000000    0.0000000000   -0.0000000000    0.0000000001    0.0000000000    0.0000000969   -0.0000000000   -0.0000000002    0.0000000003   -0.0000000000    0.0000000000    0.0000000003   -0.0000000000   -0.0000000099   -0.0000000006   -0.0000000000    0.0000000000   -0.0000000002    0.0000000000   -0.0000000005    0.0002212866   -0.0000000000   -0.0000000000    0.0000000292    0.0000000002   -0.0000000000    0.0000000016   -0.0000000000    0.0000000000    0.0000000122   -0.0000000000    0.0000000001    0.0000000000   -0.0000000039   -0.0000000003   -0.0000000000   -0.0000000015   -0.0000000000    0.0000000000   -0.0000000001   -0.0000000002   -0.0005485700    0.0000000029    0.0000000000    0.0000000000    0.0000000001   -0.0000000123   -0.0000000000   -0.0000000000   -0.0000000056    0.0000000004    0.0000000000
  0.0000000000    0.0000000011    0.0000000000   -0.0000000948    0.0000000000   -0.0000000000   -0.0000000003    0.0000000000    0.0000000000    0.0000000000   -0.0000000003   -0.0000000000    0.0000000000   -0.0000000391   -0.0000000000   -0.0000000266   -0.0000000002   -0.0000000000   -0.0000000000   -0.0003314674    0.0000000001    0.0000000000   -0.0000000000   -0.0000000020   -0.0000000000    0.0000000492   -0.0000000003   -0.0000000000   -0.0000000000   -0.0000000005    0.0000000000   -0.0000000005    0.0000000000    0.0000000010    0.0000000000   -0.0000000007    0.0000000007   -0.0000000000    0.0000000000    0.0000000003   -0.0000000000   -0.0050966385   -0.0000000017   -0.0000000000    0.0000000000   -0.0000000006    0.0000000000    0.0000000229   -0.0000000439    0.0000000000    0.0000000000   -0.0000000147   -0.0000000007   -0.0000000000    0.0000000276   -0.0000000000   -0.0000000000   -0.0010617909   -0.0000000000    0.0000000005    0.0000000000   -0.0000000052    0.0000000012    0.0000000000   -0.0000000065   -0.0000000000    0.0000000000   -0.0000000004    0.0000000000    0.0000000144   -0.0000000032   -0.0000000000   -0.0000000000   -0.0000000017   -0.0000000005   -0.0000000000    0.0000000000   -0.0000000094   -0.0000000001    0.0000000000
  0.0000000021   -0.0000000000    0.0000000348    0.0000000000    0.0000000002   -0.0000000000    0.0000000000    0.0000000016   -0.0000000000    0.0000000006   -0.0000000000    0.0000000019    0.0000000123   -0.0000000000   -0.0000000135    0.0000000000   -0.0000000000    0.0000000000   -0.0001143825    0.0000000000   -0.0000000000    0.0000000003   -0.0000000003   -0.0000000000   -0.0000000230   -0.0000000000    0.0000000000   -0.0000000038   -0.0000000006    0.0000000000   -0.0000000002   -0.0000000000    0.0000000017   -0.0000000000    0.0000000005    0.0000000000    0.0000000000    0.0000000004    0.0000000004   -0.0000000000    0.0017587178   -0.0000000000   -0.0000000000    0.0000000018    0.0000000020    0.0000000000    0.0000000059   -0.0000000000    0.0000000000    0.0000000008    0.0000000008    0.0000000000    0.0000000000   -0.0000000001    0.0000000000    0.0000000067    0.0003663877   -0.0000000000    0.0000000004    0.0000000000   -0.0000000018   -0.0000000000    0.0000000000   -0.0000000014   -0.0000000000    0.0000000035   -0.0000000003   -0.0000000000   -0.0000000001    0.0000000000   -0.0000000000    0.0000000029   -0.0000000020    0.0000000000   -0.0000000000    0.0000000005    0.0000000004    0.0000000000    0.0000000000    0.0000000017
 -0.0000000000    0.0000000000   -0.0000000013    0.0000000000   -0.0000000020   -0.0000000000   -0.0000000000    0.0000000006    0.0000000000   -0.0000000201    0.0000000000    0.0000000001   -0.0000000008    0.0000000000    0.0000000007   -0.0000000000    0.0000000000    0.0000000016   -0.0000000001   -0.0000000000   -0.0000000000    0.0000000003   -0.0000000001   -0.0000000000    0.0000000017   -0.0000000000   -0.0000000000   -0.0000000008    0.0000000006   -0.0000000000   -0.0000000269   -0.0000000000   -0.0000000000    0.0000000000   -0.0000000103   -0.0000000000    0.0000000000   -0.0000000006    0.0021269116   -0.0000000023   -0.0000000001    0.0000000000   -0.0000000000    0.0000000048    0.0000000021   -0.0000000000    0.0000000005    0.0000000000   -0.0000000000    0.0000000005    0.0000000009   -0.0000000000   -0.0000000000    0.0000000001    0.0000000000    0.0000000006    0.0000000004   -0.0000000000    0.0000000005    0.0000000000   -0.0000000012   -0.0000000000   -0.0000000000   -0.0000000025    0.0000000000   -0.0000000012    0.0008007282   -0.0000000009    0.0000000001    0.0000000000   -0.0000000000   -0.0000000000   -0.0000000005   -0.0000000000   -0.0000000000    0.0000000006    0.0000000000   -0.0000000000   -0.0000000000    0.0000000031
 -0.0000000000    0.0000000003    0.0000000000    0.0000000003    0.0000000000   -0.0000000019   -0.0000000002   -0.0000000000    0.0000000843    0.0000000000    0.0000000004    0.0000000000    0.0000000000    0.0000000010   -0.0000000000   -0.0000000007    0.0000000003   -0.0000000000    0.0000000000   -0.0000000004   -0.0000000006   -0.0000000000    0.0000000000   -0.0000000003   -0.0000000000   -0.0000000007   -0.0000000004    0.0000000000   -0.0000000000   -0.0000000001    0.0000000000   -0.0000000580    0.0000000000    0.0000000015    0.0000000000   -0.0000000412    0.0000000018    0.0000000000   -0.0000000008   -0.0061636839    0.0000000000    0.0000000026   -0.0000000013   -0.0000000000   -0.0000000000   -0.0000000005   -0.0000000000    0.0000000048   -0.0000000041   -0.0000000000   -0.0000000000   -0.0000000057   -0.0000000006   -0.0000000000    0.0000000027   -0.0000000000   -0.0000000000   -0.0000000032    0.0000000000   -0.0000000010    0.0000000000   -0.0000000043   -0.0000000162   -0.0000000000   -0.0000000046   -0.0000000000   -0.0000000002   -0.0023204570    0.0000000000    0.0000000012   -0.0000000009   -0.0000000000    0.0000000000   -0.0000000001   -0.0000000020   -0.0000000000   -0.0000000000   -0.0000000019   -0.0000000002   -0.0000000000
 -0.0029987567    0.0000000001    0.0000000071   -0.0000000000   -0.0000000002   -0.0000000000   -0.0000000000    0.0000000049   -0.0000000000    0.0000000001   -0.0000000000    0.0000000569    0.0000000028    0.0000000000   -0.0000000005    0.0000000000   -0.0000000000    0.0000000001    0.0000000001    0.0000000000   -0.0000000000   -0.0000000588   -0.0006690746    0.0000000000   -0.0000000001   -0.0000000000   -0.0000000000    0.0000000155   -0.0000000002    0.0000000000   -0.0000000000    0.0000000000    0.0000000493   -0.0000000000    0.0000000004   -0.0000000000    0.0000000000    0.0000000003    0.0000000004   -0.0000000000   -0.0000000010   -0.0000000000   -0.0000000000    0.0000000015    0.0000000013   -0.0000000000    0.0000000003   -0.0000000000   -0.0000000000   -0.0010352641    0.0000000159    0.0000000000   -0.0000000000   -0.0000000008   -0.0000000000    0.0000000000    0.0000000001    0.0000000000    0.0000000003    0.0000000000   -0.0000000097    0.0000000000    0.0000000000   -0.0000000001    0.0000000000   -0.0000000019   -0.0000000002   -0.0000000000    0.0013238705   -0.0000000005    0.0000000000   -0.0000000005   -0.0000000006    0.0000000000    0.0000000000   -0.0000000170    0.0000000027   -0.0000000000    0.0000000000    0.0000000007
 -0.0000000000   -0.0086902354    0.0000000000   -0.0000000049   -0.0000000000    0.0000000002    0.0000000086    0.0000000000   -0.0000000000   -0.0000000000   -0.0000001557   -0.0000000000    0.0000000000   -0.0000000002   -0.0000000000   -0.0000000007    0.0000000000    0.0000000000    0.0000000000   -0.0000000018    0.0000001761   -0.0000000000   -0.0000000000   -0.0019389306   -0.0000000000    0.0000000017    0.0000000227    0.0000000000   -0.0000000000   -0.0000000000   -0.0000000000   -0.0000000003   -0.0000000000   -0.0000001410   -0.0000000000    0.0000000004   -0.0000000005    0.0000000000   -0.0000000000   -0.0000000007    0.0000000000    0.0000000113    0.0000000015    0.0000000000    0.0000000000    0.0000000001    0.0000000000    0.0000000062    0.0030001293   -0.0000000000    0.0000000000   -0.0000000369   -0.0000000004   -0.0000000000    0.0000000012   -0.0000000000   -0.0000000000   -0.0000000167    0.0000000000   -0.0000000003    0.0000000000   -0.0000000318    0.0000000007    0.0000000000   -0.0000000040   -0.0000000000   -0.0000000000    0.0000000003    0.0000000012    0.0038364998   -0.0000000047   -0.0000000000   -0.0000000000   -0.0000000004    0.0000000293    0.0000000000    0.0000000000    0.0000000101   -0.0000000010    0.0000000000
 -0.0000000042   -0.0000000000   -0.0000000010   -0.0000000000    0.0000000077    0.0000000000    0.0000000000    0.0000000035   -0.0000000000   -0.0000000041   -0.0000000000    0.0000000021   -0.0000000004    0.0000000000    0.0000000011   -0.0000000000   -0.0000000000    0.0000000211   -0.0000000000   -0.0000000000   -0.0000000000   -0.0000000002    0.0000000000   -0.0000000000   -0.0000000004   -0.0000000000   -0.0000000000   -0.0000000028   -0.0000000132    0.0000000000    0.0000000021    0.0000000000    0.0000000031   -0.0000000000   -0.0000000005   -0.0000000000    0.0000000001    0.0027615592   -0.0000000014    0.0000000000    0.0000000007    0.0000000000    0.0000000000   -0.0000000036    0.0000000044    0.0000000000   -0.0000000012    0.0000000000   -0.0000000000   -0.0000000011   -0.0000000005   -0.0000000000    0.0000000000    0.0000000119    0.0000000000   -0.0000000029   -0.0000000008   -0.0000000000   -0.0005510244   -0.0000000116    0.0000000044   -0.0000000000   -0.0000000000    0.0000000022   -0.0000000000    0.0000000036    0.0000000004    0.0000000000   -0.0000000003    0.0000000000   -0.0000000000    0.0000000039    0.0000000028   -0.0000000000    0.0000000000   -0.0000000042   -0.0000000027   -0.0000000000   -0.0000000000   -0.0000000035
 -0.0000000000   -0.0000000015    0.0000000000   -0.0000000003    0.0000000000    0.0000000029   -0.0000000001   -0.0000000000    0.0000000031   -0.0000000000   -0.0000000013   -0.0000000000   -0.0000000000   -0.0000000026    0.0000000000    0.0000000020    0.0000000630    0.0000000000    0.0000000000    0.0000000003    0.0000000016   -0.0000000000    0.0000000000    0.0000000007   -0.0000000000    0.0000000022    0.0000000011   -0.0000000000   -0.0000000000   -0.0000000298    0.0000000000    0.0000000003   -0.0000000000   -0.0000000042   -0.0000000000    0.0000000003    0.0080028603   -0.0000000005   -0.0000000000   -0.0000000017   -0.0000000000   -0.0000000079    0.0000000009   -0.0000000000    0.0000000000   -0.0000000016   -0.0000000000   -0.0000000147    0.0000000113   -0.0000000000   -0.0000000000    0.0000000165   -0.0000000152    0.0000000000   -0.0000000089   -0.0000000000    0.0000000000    0.0000000094    0.0000000337   -0.0015968231   -0.0000000000    0.0000000130   -0.0000000006   -0.0000000000    0.0000000147    0.0000000000    0.0000000000   -0.0000000007   -0.0000000000   -0.0000000033    0.0000000017    0.0000000000    0.0000000000    0.0000000178    0.0000000062    0.0000000000   -0.0000000000    0.0000000051    0.0000000006   -0.0000000000
 -0.0000001706   -0.0000000000    0.0000000001    0.0000000000   -0.0000000000   -0.0000000000    0.0000000000   -0.0033460335    0.0000000000   -0.0000000000    0.0000000044   -0.0035671103    0.0000000024    0.0000000000   -0.0000000020    0.0000000000    0.0000000000   -0.0000000012   -0.0000000013   -0.0000000000    0.0000000000   -0.0038505831    0.0000005593    0.0000000000   -0.0000000016   -0.0000000000    0.0000000000    0.0015213329    0.0000000001    0.0000000000   -0.0000000009   -0.0000000000   -0.0023226226    0.0000000001   -0.0000000016   -0.0000000000   -0.0000000000   -0.0000000006   -0.0000000005    0.0000000000    0.0000000016   -0.0000000000    0.0000000000   -0.0000000044   -0.0000000038   -0.0000000000   -0.0000000031    0.0000000000    0.0000000000    0.0000000136   -0.0010277966    0.0000000000    0.0000000000    0.0000000029   -0.0000000000   -0.0000000019    0.0000000003   -0.0000000000   -0.0000000002   -0.0000000000   -0.0008912386   -0.0000000000    0.0000000000   -0.0000000017   -0.0000000000    0.0000000027    0.0000000002    0.0000000000   -0.0000000076    0.0000000000    0.0000000000   -0.0000000017   -0.0000000005   -0.0000000000    0.0000000001   -0.0004219668   -0.0003402712   -0.0000000000    0.0000000000   -0.0000000006
  0.0000000000   -0.0000004656    0.0000000000    0.0000000000   -0.0000000000   -0.0000000005    0.0096966504    0.0000000000   -0.0000000002   -0.0000000000    0.0103372928    0.0000000127    0.0000000000    0.0000000024    0.0000000000    0.0000000021   -0.0000000018   -0.0000000000   -0.0000000000    0.0000000012    0.0111587644    0.0000000000   -0.0000000000    0.0000016318   -0.0000000000   -0.0000000042    0.0044087031   -0.0000000000    0.0000000000    0.0000000022   -0.0000000000   -0.0000000008    0.0000000004    0.0067308639   -0.0000000000    0.0000000007   -0.0000000009    0.0000000000   -0.0000000000   -0.0000000011   -0.0000000000   -0.0000000291    0.0000000033    0.0000000000    0.0000000000    0.0000000104    0.0000000000    0.0000000014    0.0000000124    0.0000000000    0.0000000000    0.0029784748   -0.0000000032    0.0000000000    0.0000000066    0.0000000000    0.0000000000    0.0000000336    0.0000000000   -0.0000000009    0.0000000001   -0.0025827934    0.0000000024    0.0000000000   -0.0000000069   -0.0000000000   -0.0000000000    0.0000000007   -0.0000000000   -0.0000000443    0.0000000067    0.0000000000   -0.0000000000    0.0000000054    0.0012228244    0.0000000002    0.0000000000   -0.0009860834   -0.0000000027   -0.0000000000

# Root 12  E=0.3660380937 Ha  9.960409 eV
  0.0000000000    0.0000000000    0.0000000000    0.0000000000    0.0000000000    0.0000000000    0.0000000000    0.0000000000    0.0000000000    0.0000000000    0.0000000000    0.0000000000    0.0000000000    0.0000000000    0.0000000000    0.0000000000    0.0000000000    0.0000000000    0.0000000000    0.0000000000    0.0000000000    0.0000000000    0.0000000000    0.0000000000    0.0000000000    0.0000000000    0.0000000000    0.0000000000    0.0000000000    0.0000000000    0.0000000000    0.0000000000    0.0000000000    0.0000000000    0.0000000000    0.0000000000    0.0000000000    0.0000000000    0.0000000000    0.0000000000    0.0000000000    0.0000000000    0.0000000000    0.0000000000    0.0000000000    0.0000000000    0.0000000000    0.0000000000    0.0000000000    0.0000000000    0.0000000000    0.0000000000    0.0000000000    0.0000000000    0.0000000000    0.0000000000    0.0000000000    0.0000000000    0.0000000000    0.0000000000    0.0000000000    0.0000000000    0.0000000000    0.0000000000    0.0000000000    0.0000000000    0.0000000000    0.0000000000    0.0000000000    0.0000000000    0.0000000000    0.0000000000    0.0000000000    0.0000000000    0.0000000000    0.0000000000    0.0000000000    0.0000000000    0.0000000000    0.0000000000
  0.0000000000    0.0000000000    0.0000000000    0.0000000000    0.0000000000    0.0000000000    0.0000000000    0.0000000000    0.0000000000    0.0000000000    0.0000000000    0.0000000000    0.0000000000    0.0000000000    0.0000000000    0.0000000000    0.0000000000    0.0000000000    0.0000000000    0.0000000000    0.0000000000    0.0000000000    0.0000000000    0.0000000000    0.0000000000    0.0000000000    0.0000000000    0.0000000000    0.0000000000    0.0000000000    0.0000000000    0.0000000000    0.0000000000    0.0000000000    0.0000000000    0.0000000000    0.0000000000    0.0000000000    0.0000000000    0.0000000000    0.0000000000    0.0000000000    0.0000000000    0.0000000000    0.0000000000    0.0000000000    0.0000000000    0.0000000000    0.0000000000    0.0000000000    0.0000000000    0.0000000000    0.0000000000    0.0000000000    0.0000000000    0.0000000000    0.0000000000    0.0000000000    0.0000000000    0.0000000000    0.0000000000    0.0000000000    0.0000000000    0.0000000000    0.0000000000    0.0000000000    0.0000000000    0.0000000000    0.0000000000    0.0000000000    0.0000000000    0.0000000000    0.0000000000    0.0000000000    0.0000000000    0.0000000000    0.0000000000    0.0000000000    0.0000000000    0.0000000000
  0.0000000000    0.0000000000    0.0000000000    0.0000000000    0.0000000000    0.0000000000    0.0000000000    0.0000000000    0.0000000000    0.0000000000    0.0000000000    0.0000000000    0.0000000000    0.0000000000    0.0000000000    0.0000000000    0.0000000000    0.0000000000    0.0000000000    0.0000000000    0.0000000000    0.0000000000    0.0000000000    0.0000000000    0.0000000000    0.0000000000    0.0000000000    0.0000000000    0.0000000000    0.0000000000    0.0000000000    0.0000000000    0.0000000000    0.0000000000    0.0000000000    0.0000000000    0.0000000000    0.0000000000    0.0000000000    0.0000000000    0.0000000000    0.0000000000    0.0000000000    0.0000000000    0.0000000000    0.0000000000    0.0000000000    0.0000000000    0.0000000000    0.0000000000    0.0000000000    0.0000000000    0.0000000000    0.0000000000    0.0000000000    0.0000000000    0.0000000000    0.0000000000    0.0000000000    0.0000000000    0.0000000000    0.0000000000    0.0000000000    0.0000000000    0.0000000000    0.0000000000    0.0000000000    0.0000000000    0.0000000000    0.0000000000    0.0000000000    0.0000000000    0.0000000000    0.0000000000    0.0000000000    0.0000000000    0.0000000000    0.0000000000    0.0000000000    0.0000000000
  0.0000000000    0.0000000000    0.0000000000    0.0000000000    0.0000000000    0.0000000000    0.0000000000    0.0000000000    0.0000000000    0.0000000000    0.0000000000    0.0000000000    0.0000000000    0.0000000000    0.0000000000    0.0000000000    0.0000000000    0.0000000000    0.0000000000    0.0000000000    0.0000000000    0.0000000000    0.0000000000    0.0000000000    0.0000000000    0.0000000000    0.0000000000    0.0000000000    0.0000000000    0.0000000000    0.0000000000    0.0000000000    0.0000000000    0.0000000000    0.0000000000    0.0000000000    0.0000000000    0.0000000000    0.0000000000    0.0000000000    0.0000000000    0.0000000000    0.0000000000    0.0000000000    0.0000000000    0.0000000000    0.0000000000    0.0000000000    0.0000000000    0.0000000000    0.0000000000    0.0000000000    0.0000000000    0.0000000000    0.0000000000    0.0000000000    0.0000000000    0.0000000000    0.0000000000    0.0000000000    0.0000000000    0.0000000000    0.0000000000    0.0000000000    0.0000000000    0.0000000000    0.0000000000    0.0000000000    0.0000000000    0.0000000000    0.0000000000    0.0000000000    0.0000000000    0.0000000000    0.0000000000    0.0000000000    0.0000000000    0.0000000000    0.0000000000    0.0000000000
  0.0096982997    0.0000000000    0.0000000000   -0.0000000000   -0.0000000013   -0.0000000000   -0.0000000000    0.0000001407    0.0000000000   -0.0000000004   -0.0000000000    0.0000000718    0.0000000049    0.0000000000   -0.0000000032    0.0000000000    0.0000000000   -0.0000000002    0.0000000008   -0.0000000000    0.0000000000   -0.0000003727   -0.0030876884    0.0000000000   -0.0000000015   -0.0000000000   -0.0000000000   -0.0000000065   -0.0000000008    0.0000000000   -0.0000000003   -0.0000000000    0.0000000932   -0.0000000000    0.0000000001    0.0000000000    0.0000000000    0.0000000007   -0.0000000001   -0.0000000000    0.0000000007   -0.0000000000   -0.0000000000    0.0000000005    0.0000000005    0.0000000000    0.0000000004   -0.0000000000    0.0000000000    0.0002212673    0.0000000279    0.0000000000    0.0000000000   -0.0000000002   -0.0000000000   -0.0000000004    0.0000000000    0.0000000000    0.0000000000    0.0000000000    0.0000000054    0.0000000000   -0.0000000000    0.0000000001    0.0000000000   -0.0000000013   -0.0000000001   -0.0000000000    0.0005485696   -0.0000000002    0.0000000000   -0.0000000011   -0.0000000001    0.0000000000    0.0000000000   -0.0000000112    0.0000000048    0.0000000000   -0.0000000000    0.0000000001
  0.0000000000   -0.0033466247    0.0000000000   -0.0000000000   -0.0000000000   -0.0000000001    0.0000000517    0.0000000000   -0.0000000000   -0.0000000000    0.0000000218    0.0000000000   -0.0000000000    0.0000000003    0.0000000000    0.0000000002   -0.0000000000   -0.0000000000   -0.0000000000    0.0000000003   -0.0000001307   -0.0000000000    0.0000000000    0.0010654773   -0.0000000000   -0.0000000004    0.0000000009   -0.0000000000   -0.0000000000   -0.0000000000   -0.0000000000    0.0000000000    0.0000000000    0.0000000332   -0.0000000000   -0.0000000001    0.0000000001   -0.0000000000    0.0000000000    0.0000000001   -0.0000000000   -0.0000000035   -0.0000000002   -0.0000000000    0.0000000000   -0.0000000001    0.0000000000   -0.0000000002    0.0000763613   -0.0000000000    0.0000000000    0.0000000105    0.0000000001    0.0000000000    0.0000000005   -0.0000000000    0.0000000000    0.0000000042    0.0000000000   -0.0000000001    0.0000000000   -0.0000000068   -0.0000000001   -0.0000000000   -0.0000000005   -0.0000000000    0.0000000000   -0.0000000000   -0.0000000001   -0.0001892998    0.0000000010    0.0000000000    0.0000000000    0.0000000000   -0.0000000056   -0.0000000000    0.0000000000    0.0000000026    0.0000000001    0.0000000000
 -0.0000000000    0.0000000002   -0.0000000000   -0.0000000288   -0.0000000000   -0.0000000000   -0.0000000001   -0.0000000000    0.0000000001   -0.0000000000   -0.0000000001   -0.0000000000    0.0000000000   -0.0000000160   -0.0000000000   -0.0000000034   -0.0000000001   -0.0000000000    0.0000000000   -0.0001143798    0.0000000000   -0.0000000000    0.0000000000   -0.0000000008    0.0000000000    0.0000000082   -0.0000000001    0.0000000000    0.0000000000   -0.0000000002    0.0000000000   -0.0000000002    0.0000000000    0.0000000003   -0.0000000000   -0.0000000002    0.0000000003   -0.0000000000   -0.0000000000    0.0000000002   -0.0000000000   -0.0017587105   -0.0000000006   -0.0000000000   -0.0000000000   -0.0000000002    0.0000000000    0.0000000050   -0.0000000152   -0.0000000000   -0.0000000000   -0.0000000051   -0.0000000002    0.0000000000    0.0000000128   -0.0000000000   -0.0000000000   -0.0003663902   -0.0000000000    0.0000000002    0.0000000000   -0.0000000018    0.0000000004    0.0000000000   -0.0000000074   -0.0000000000    0.0000000000   -0.0000000002    0.0000000000    0.0000000049    0.0000000072    0.0000000000    0.0000000000   -0.0000000006   -0.0000000002   -0.0000000000   -0.0000000000   -0.0000000033   -0.0000000000   -0.0000000000
 -0.0000000061   -0.0000000000   -0.0000000895    0.0000000000   -0.0000000005    0.0000000000    0.0000000000   -0.0000000046    0.0000000000   -0.0000000017    0.0000000000   -0.0000000054   -0.0000000432    0.0000000000    0.0000000225   -0.0000000000    0.0000000000   -0.0000000000    0.0003314720    0.0000000000    0.0000000000   -0.0000000009    0.0000000009    0.0000000000    0.0000000411   -0.0000000000    0.0000000000    0.0000000110    0.0000000018   -0.0000000000    0.0000000005    0.0000000000   -0.0000000050    0.0000000000   -0.0000000014   -0.0000000000   -0.0000000000   -0.0000000012   -0.0000000012    0.0000000000   -0.0050966606    0.0000000000    0.0000000000   -0.0000000052   -0.0000000058    0.0000000000   -0.0000000088   -0.0000000000    0.0000000000   -0.0000000023   -0.0000000023    0.0000000000    0.0000000000    0.0000000002    0.0000000000   -0.0000000289   -0.0010617564    0.0000000000   -0.0000000011   -0.0000000000    0.0000000053    0.0000000000   -0.0000000000    0.0000000039   -0.0000000000    0.0000000049    0.0000000010    0.0000000000    0.0000000003   -0.0000000000   -0.0000000000    0.0000000157    0.0000000058    0.0000000000    0.0000000000   -0.0000000013   -0.0000000012    0.0000000000    0.0000000000   -0.0000000048
  0.0000000000    0.0000000000    0.0000000038    0.0000000000    0.0000000059   -0.0000000000   -0.0000000000   -0.0000000017    0.0000000000    0.0000000855    0.0000000000   -0.0000000004    0.0000000023    0.0000000000   -0.0000000020   -0.0000000000    0.0000000000   -0.0000000047    0.0000000003   -0.0000000000   -0.0000000000   -0.0000000007    0.0000000002   -0.0000000000   -0.0000000049   -0.0000000000   -0.0000000000    0.0000000024   -0.0000000017   -0.0000000000    0.0000000487   -0.0000000000    0.0000000001    0.0000000000    0.0000000431   -0.0000000000    0.0000000000    0.0000000017   -0.0061636705   -0.0000000008    0.0000000004    0.0000000000   -0.0000000000    0.0000000011   -0.0000000062   -0.0000000000   -0.0000000015    0.0000000000   -0.0000000000   -0.0000000013   -0.0000000027   -0.0000000000   -0.0000000000   -0.0000000003    0.0000000000   -0.0000000017   -0.0000000012   -0.0000000000   -0.0000000014   -0.0000000000    0.0000000036   -0.0000000000   -0.0000000000   -0.0000000221   -0.0000000000    0.0000000036   -0.0023204576   -0.0000000004   -0.0000000004    0.0000000000   -0.0000000000    0.0000000001    0.0000000014   -0.0000000000    0.0000000000   -0.0000000017   -0.0000000001   -0.0000000000    0.0000000000   -0.0000000005
 -0.0000000000    0.0000000001   -0.0000000000    0.0000000003   -0.0000000000   -0.0000000007   -0.0000000001    0.0000000000    0.0000000385   -0.0000000000    0.0000000002    0.0000000000   -0.0000000000    0.0000000004    0.0000000000   -0.0000000004    0.0000000001    0.0000000000   -0.0000000000   -0.0000000001   -0.0000000002    0.0000000000   -0.0000000000   -0.0000000001    0.0000000000   -0.0000000003   -0.0000000001   -0.0000000000    0.0000000000   -0.0000000000   -0.0000000000   -0.0000000099   -0.0000000000    0.0000000005   -0.0000000000   -0.0000000187    0.0000000008   -0.0000000000    0.0000000023   -0.0021269207   -0.0000000000    0.0000000007   -0.0000000056   -0.0000000000    0.0000000000   -0.0000000002    0.0000000000    0.0000000017   -0.0000000014    0.0000000000    0.0000000000   -0.0000000020   -0.0000000002    0.0000000000    0.0000000009    0.0000000000    0.0000000000   -0.0000000010    0.0000000000   -0.0000000003   -0.0000000000   -0.0000000015   -0.0000000157    0.0000000000   -0.0000000016   -0.0000000000    0.0000000009   -0.0008007244    0.0000000000    0.0000000004   -0.0000000003   -0.0000000000   -0.0000000000   -0.0000000000   -0.0000000007    0.0000000000    0.0000000000   -0.0000000007    0.0000000029    0.0000000000
  0.0086901980    0.0000000000   -0.0000000206    0.0000000000    0.0000000005   -0.0000000000   -0.0000000000    0.0000000119    0.0000000000   -0.0000000002    0.0000000000   -0.0000001456   -0.0000000082    0.0000000000    0.0000000015    0.0000000000    0.0000000000   -0.0000000002   -0.0000000006    0.0000000000   -0.0000000000    0.0000001804    0.0019389302    0.0000000000    0.0000000002   -0.0000000000    0.0000000000   -0.0000000132    0.0000000007   -0.0000000000    0.0000000000    0.0000000000   -0.0000001337    0.0000000000   -0.0000000012   -0.0000000000   -0.0000000000   -0.0000000010   -0.0000000011   -0.0000000000    0.0000000029   -0.0000000000    0.0000000000   -0.0000000043   -0.0000000038    0.0000000000   -0.0000000009   -0.0000000000   -0.0000000000    0.0030001429   -0.0000000264    0.0000000000    0.0000000000    0.0000000023   -0.0000000000   -0.0000000000   -0.0000000004    0.0000000000   -0.0000000009   -0.0000000000    0.0000000324    0.0000000000   -0.0000000000    0.0000000004   -0.0000000000    0.0000000054    0.0000000006    0.0000000000   -0.0038364907    0.0000000012   -0.0000000000    0.0000000014    0.0000000018   -0.0000000000   -0.0000000000    0.0000000227   -0.0000000166   -0.0000000000    0.0000000000   -0.0000000020
  0.0000000001   -0.0029987548   -0.0000000000   -0.0000000017    0.0000000000    0.0000000003    0.0000000120    0.0000000000   -0.0000000000   -0.0000000000   -0.0000000471   -0.0000000000   -0.0000000000   -0.0000000001    0.0000000000   -0.0000000002    0.0000000002    0.0000000000   -0.0000000000   -0.0000000003    0.0000000642    0.0000000000    0.0000000000   -0.0006690689    0.0000000000    0.0000000006   -0.0000000031   -0.0000000000    0.0000000000    0.0000000001   -0.0000000000   -0.0000000001   -0.0000000000   -0.0000000454   -0.0000000000    0.0000000001   -0.0000000002    0.0000000000    0.0000000000   -0.0000000003    0.0000000000    0.0000000038    0.0000000005   -0.0000000000   -0.0000000000    0.0000000000   -0.0000000000    0.0000000021    0.0010352655    0.0000000000   -0.0000000000   -0.0000000059   -0.0000000002    0.0000000000    0.0000000004   -0.0000000000   -0.0000000000   -0.0000000058    0.0000000000   -0.0000000000    0.0000000000   -0.0000000125    0.0000000002    0.0000000000   -0.0000000014   -0.0000000000   -0.0000000000    0.0000000001    0.0000000004    0.0013238683   -0.0000000016   -0.0000000000    0.0000000000   -0.0000000001    0.0000000009    0.0000000000   -0.0000000000    0.0000000065   -0.0000000004   -0.0000000000
  0.0000000123   -0.0000000000    0.0000000029    0.0000000000    0.0000000001    0.0000000000   -0.0000000000   -0.0000000102   -0.0000000000    0.0000000120    0.0000000000   -0.0000000059    0.0000000013    0.0000000000   -0.0000000033   -0.0000000000    0.0000000000   -0.0000000569    0.0000000000    0.0000000000   -0.0000000000    0.0000000004   -0.0000000001   -0.0000000000    0.0000000013   -0.0000000000   -0.0000000000    0.0000000082    0.0000000197    0.0000000000   -0.0000000060   -0.0000000000   -0.0000000089    0.0000000000    0.0000000015    0.0000000000   -0.0000000005   -0.0080028420    0.0000000040   -0.0000000000   -0.0000000019    0.0000000000   -0.0000000000    0.0000000103    0.0000000184   -0.0000000000    0.0000000035    0.0000000000   -0.0000000000    0.0000000033    0.0000000014   -0.0000000000   -0.0000000000   -0.0000000099    0.0000000000    0.0000000083    0.0000000023   -0.0000000000    0.0015968284    0.0000000337   -0.0000000127   -0.0000000000    0.0000000000   -0.0000000065    0.0000000000   -0.0000000103   -0.0000000012   -0.0000000000    0.0000000010   -0.0000000000    0.0000000000   -0.0000000113   -0.0000000325   -0.0000000000   -0.0000000000    0.0000000120    0.0000000078   -0.0000000000   -0.0000000000    0.0000000101
  0.0000000000   -0.0000000005   -0.0000000000   -0.0000000001   -0.0000000000   -0.0000000067   -0.0000000000   -0.0000000000    0.0000000011    0.0000000000   -0.0000000002   -0.0000000000    0.0000000000   -0.0000000009   -0.0000000000    0.0000000007    0.0000000203   -0.0000000000   -0.0000000000    0.0000000001    0.0000000004    0.0000000000   -0.0000000000    0.0000000002    0.0000000000    0.0000000007    0.0000000003    0.0000000000    0.0000000000   -0.0000000039   -0.0000000000    0.0000000001   -0.0000000000   -0.0000000014    0.0000000000    0.0000000001    0.0027615702   -0.0000000003    0.0000000000   -0.0000000007   -0.0000000000   -0.0000000027    0.0000000003    0.0000000000    0.0000000000    0.0000000102    0.0000000000   -0.0000000051    0.0000000038    0.0000000000    0.0000000000    0.0000000057    0.0000000033   -0.0000000000   -0.0000000031    0.0000000000    0.0000000000    0.0000000032    0.0000000117   -0.0005510173   -0.0000000000    0.0000000045   -0.0000000002   -0.0000000000    0.0000000051    0.0000000000   -0.0000000000   -0.0000000002   -0.0000000000   -0.0000000011    0.0000000006    0.0000000000   -0.0000000000    0.0000000146    0.0000000021    0.0000000000    0.0000000000    0.0000000018    0.0000000002    0.0000000000
  0.0000004363    0.0000000000   -0.0000000003    0.0000000000    0.0000000001    0.0000000000   -0.0000000000    0.0096966540   -0.0000000000    0.0000000001   -0.0000000127    0.0103372340   -0.0000000071    0.0000000000    0.0000000058    0.0000000000   -0.0000000000    0.0000000034    0.0000000039    0.0000000000   -0.0000000000    0.0111587252   -0.0000016245   -0.0000000000    0.0000000044   -0.0000000000   -0.0000000000   -0.0044087225   -0.0000000002   -0.0000000000    0.0000000026    0.0000000000    0.0067308289   -0.0000000004    0.0000000046    0.0000000000    0.0000000000    0.0000000018    0.0000000015   -0.0000000000   -0.0000000048    0.0000000000   -0.0000000000    0.0000000126    0.0000000111    0.0000000000    0.0000000088   -0.0000000000    0.0000000000   -0.0000000215    0.0029784944   -0.0000000000   -0.0000000000   -0.0000000085   -0.0000000000    0.0000000054   -0.0000000008    0.0000000000    0.0000000005    0.0000000000    0.0025827663    0.0000000001   -0.0000000000    0.0000000049    0.0000000000   -0.0000000079   -0.0000000007   -0.0000000000    0.0000000357   -0.0000000000   -0.0000000000    0.0000000049    0.0000000013    0.0000000000   -0.0000000002    0.0012228379    0.0009860844    0.0000000000    0.0000000000    0.0000000017
  0.0000000000   -0.0000001406    0.0000000000    0.0000000000   -0.0000000000   -0.0000000002    0.0033460646    0.0000000000   -0.0000000001   -0.0000000000    0.0035671026    0.0000000044   -0.0000000000    0.0000000004    0.0000000000    0.0000000008   -0.0000000007   -0.0000000000   -0.0000000000    0.0000000004    0.0038505712    0.0000000000   -0.0000000000    0.0000005644   -0.0000000000   -0.0000000016    0.0015213191   -0.0000000000    0.0000000000    0.0000000008   -0.0000000000   -0.0000000003    0.0000000001    0.0023226388   -0.0000000000    0.0000000002   -0.0000000002    0.0000000000    0.0000000000   -0.0000000004   -0.0000000000   -0.0000000101    0.0000000011    0.0000000000    0.0000000000    0.0000000035    0.0000000000    0.0000000007    0.0000000105    0.0000000000    0.0000000000    0.0010277903   -0.0000000013    0.0000000000    0.0000000022    0.0000000000    0.0000000000    0.0000000116    0.0000000000   -0.0000000003    0.0000000000   -0.0008912545    0.0000000008    0.0000000000   -0.0000000023   -0.0000000000   -0.0000000000    0.0000000002   -0.0000000000   -0.0000000200    0.0000000023    0.0000000000   -0.0000000000    0.0000000017    0.0004219643    0.0000000001    0.0000000000   -0.0003402699   -0.0000000009   -0.0000000000

# Root 13  E=0.3780822877 Ha  10.288148 eV
  0.0000000000    0.0000000000    0.0000000000    0.0000000000    0.0000000000    0.0000000000    0.0000000000    0.0000000000    0.0000000000    0.0000000000    0.0000000000    0.0000000000    0.0000000000    0.0000000000    0.0000000000    0.0000000000    0.0000000000    0.0000000000    0.0000000000    0.0000000000    0.0000000000    0.0000000000    0.0000000000    0.0000000000    0.0000000000    0.0000000000    0.0000000000    0.0000000000    0.0000000000    0.0000000000    0.0000000000    0.0000000000    0.0000000000    0.0000000000    0.0000000000    0.0000000000    0.0000000000    0.0000000000    0.0000000000    0.0000000000    0.0000000000    0.0000000000    0.0000000000    0.0000000000    0.0000000000    0.0000000000    0.0000000000    0.0000000000    0.0000000000    0.0000000000    0.0000000000    0.0000000000    0.0000000000    0.0000000000    0.0000000000    0.0000000000    0.0000000000    0.0000000000    0.0000000000    0.0000000000    0.0000000000    0.0000000000    0.0000000000    0.0000000000    0.0000000000    0.0000000000    0.0000000000    0.0000000000    0.0000000000    0.0000000000    0.0000000000    0.0000000000    0.0000000000    0.0000000000    0.0000000000    0.0000000000    0.0000000000    0.0000000000    0.0000000000    0.0000000000
  0.0000000000    0.0000000000    0.0000000000    0.0000000000    0.0000000000    0.0000000000    0.0000000000    0.0000000000    0.0000000000    0.0000000000    0.0000000000    0.0000000000    0.0000000000    0.0000000000    0.0000000000    0.0000000000    0.0000000000    0.0000000000    0.0000000000    0.0000000000    0.0000000000    0.0000000000    0.0000000000    0.0000000000    0.0000000000    0.0000000000    0.0000000000    0.0000000000    0.0000000000    0.0000000000    0.0000000000    0.0000000000    0.0000000000    0.0000000000    0.0000000000    0.0000000000    0.0000000000    0.0000000000    0.0000000000    0.0000000000    0.0000000000    0.0000000000    0.0000000000    0.0000000000    0.0000000000    0.0000000000    0.0000000000    0.0000000000    0.0000000000    0.0000000000    0.0000000000    0.0000000000    0.0000000000    0.0000000000    0.0000000000    0.0000000000    0.0000000000    0.0000000000    0.0000000000    0.0000000000    0.0000000000    0.0000000000    0.0000000000    0.0000000000    0.0000000000    0.0000000000    0.0000000000    0.0000000000    0.0000000000    0.0000000000    0.0000000000    0.0000000000    0.0000000000    0.0000000000    0.0000000000    0.0000000000    0.0000000000    0.0000000000    0.0000000000    0.0000000000
  0.0000000000    0.0000000000    0.0000000000    0.0000000000    0.0000000000    0.0000000000    0.0000000000    0.0000000000    0.0000000000    0.0000000000    0.0000000000    0.0000000000    0.0000000000    0.0000000000    0.0000000000    0.0000000000    0.0000000000    0.0000000000    0.0000000000    0.0000000000    0.0000000000    0.0000000000    0.0000000000    0.0000000000    0.0000000000    0.0000000000    0.0000000000    0.0000000000    0.0000000000    0.0000000000    0.0000000000    0.0000000000    0.0000000000    0.0000000000    0.0000000000    0.0000000000    0.0000000000    0.0000000000    0.0000000000    0.0000000000    0.0000000000    0.0000000000    0.0000000000    0.0000000000    0.0000000000    0.0000000000    0.0000000000    0.0000000000    0.0000000000    0.0000000000    0.0000000000    0.0000000000    0.0000000000    0.0000000000    0.0000000000    0.0000000000    0.0000000000    0.0000000000    0.0000000000    0.0000000000    0.0000000000    0.0000000000    0.0000000000    0.0000000000    0.0000000000    0.0000000000    0.0000000000    0.0000000000    0.0000000000    0.0000000000    0.0000000000    0.0000000000    0.0000000000    0.0000000000    0.0000000000    0.0000000000    0.0000000000    0.0000000000    0.0000000000    0.0000000000
  0.0000000000    0.0000000000    0.0000000000    0.0000000000    0.0000000000    0.0000000000    0.0000000000    0.0000000000    0.0000000000    0.0000000000    0.0000000000    0.0000000000    0.0000000000    0.0000000000    0.0000000000    0.0000000000    0.0000000000    0.0000000000    0.0000000000    0.0000000000    0.0000000000    0.0000000000    0.0000000000    0.0000000000    0.0000000000    0.0000000000    0.0000000000    0.0000000000    0.0000000000    0.0000000000    0.0000000000    0.0000000000    0.0000000000    0.0000000000    0.0000000000    0.0000000000    0.0000000000    0.0000000000    0.0000000000    0.0000000000    0.0000000000    0.0000000000    0.0000000000    0.0000000000    0.0000000000    0.0000000000    0.0000000000    0.0000000000    0.0000000000    0.0000000000    0.0000000000    0.0000000000    0.0000000000    0.0000000000    0.0000000000    0.0000000000    0.0000000000    0.0000000000    0.0000000000    0.0000000000    0.0000000000    0.0000000000    0.0000000000    0.0000000000    0.0000000000    0.0000000000    0.0000000000    0.0000000000    0.0000000000    0.0000000000    0.0000000000    0.0000000000    0.0000000000    0.0000000000    0.0000000000    0.0000000000    0.0000000000    0.0000000000    0.0000000000    0.0000000000
  0.0000000000   -0.0000012677    0.0000000000    0.0000000000    0.0000000000    0.0000000000    0.0000000141   -0.0000000000    0.0000000000   -0.0000000000   -0.0000000227   -0.0000000000   -0.0000000000    0.0000000000    0.0000000000    0.0000000000   -0.0000000000    0.0000000000   -0.0000000000   -0.0000000000   -0.0000001115   -0.0000000000   -0.0000000000   -0.0000000620   -0.0000000000   -0.0000000000    0.0000000347    0.0000000000    0.0000000000    0.0000000000   -0.0000000000   -0.0000000000    0.0000000000    0.0000000186   -0.0000000000    0.0000000000    0.0000000000   -0.0000000000   -0.0000000000    0.0000000000    0.0000000000    0.0000000000    0.0000000000   -0.0000000000    0.0000000000   -0.0000000000   -0.0000000000    0.0000000000    0.0000000225    0.0000000000   -0.0000000000   -0.0000000047   -0.0000000000    0.0000000000   -0.0000000000    0.0000000000   -0.0000000000   -0.0000000000   -0.0000000000    0.0000000000    0.0000000000    0.0000000050    0.0000000000    0.0000000000   -0.0000000000   -0.0000000000   -0.0000000000   -0.0000000000    0.0000000000    0.0000000436   -0.0000000000   -0.0000000000    0.0000000000   -0.0000000000   -0.0000000058   -0.0000000000   -0.0000000000    0.0000000003   -0.0000000000   -0.0000000000
 -0.0000000051    0.0000000000   -0.0000000000   -0.0000000000    0.0000000000    0.0000000000   -0.0000000000   -0.0000000001    0.0000000000   -0.0000000000   -0.0000000000    0.0000000008    0.0000000000   -0.0000000000   -0.0000000000   -0.0000000000    0.0000000000   -0.0000000000   -0.0000000000   -0.0000000000    0.0000000000    0.0000000000   -0.0000000000    0.0000000000   -0.0000000000    0.0000000000    0.0000000000   -0.0000000001   -0.0000000000    0.0000000000    0.0000000000   -0.0000000000    0.0000000001   -0.0000000000    0.0000000000   -0.0000000000   -0.0000000000    0.0000000000   -0.0000000000    0.0000000000    0.0000000000    0.0000000000   -0.0000000000   -0.0000000000   -0.0000000000    0.0000000000   -0.0000000000    0.0000000000   -0.0000000000   -0.0000000001    0.0000000000   -0.0000000000    0.0000000000    0.0000000000   -0.0000000000   -0.0000000000   -0.0000000000    0.0000000000    0.0000000000    0.0000000000    0.0000000001   -0.0000000000   -0.0000000000    0.0000000000   -0.0000000000    0.0000000000    0.0000000000    0.0000000000   -0.0000000000    0.0000000000    0.0000000000    0.0000000000    0.0000000000   -0.0000000000   -0.0000000000    0.0000000001    0.0000000000    0.0000000000   -0.0000000000    0.0000000000
 -0.0000000000   -0.0000000000   -0.0000000004   -0.0000000000   -0.0000000000   -0.0000000000    0.0000000000    0.0000000000   -0.0000000000    0.0000000000    0.0000000000    0.0000000000   -0.0000000015   -0.0000000000   -0.0000000008   -0.0000000000   -0.0000000000   -0.0000000000   -0.0000000004   -0.0000000000    0.0000000000   -0.0000000000   -0.0000000000    0.0000000000   -0.0000000003    0.0000000000    0.0000000000    0.0000000000    0.0000000000   -0.0000000000    0.0000000000    0.0000000000   -0.0000000000    0.0000000000   -0.0000000000    0.0000000000   -0.0000000000   -0.0000000000   -0.0000000000   -0.0000000000   -0.0000000002    0.0000000000   -0.0000000000   -0.0000000000   -0.0000000000    0.0000000000    0.0000000001    0.0000000000    0.0000000000    0.0000000000    0.0000000000    0.0000000000   -0.0000000000   -0.0000000000   -0.0000000000    0.0000000002   -0.0000000000   -0.0000000000    0.0000000000    0.0000000000   -0.0000000000    0.0000000000   -0.0000000000   -0.0000000000   -0.0000000000    0.0000000002   -0.0000000000    0.0000000000    0.0000000000    0.0000000000    0.0000000000    0.0000000003   -0.0000000000    0.0000000000    0.0000000000    0.0000000000    0.0000000000    0.0000000000   -0.0000000000    0.0000000000
 -0.0000000000   -0.0000000001    0.0000000000   -0.0000003257   -0.0000000000   -0.0000000000    0.0000000000    0.0000000000   -0.0000000000    0.0000000000   -0.0000000000   -0.0000000000   -0.0000000000   -0.0000069289   -0.0000000000   -0.0000115704    0.0000000000   -0.0000000000   -0.0000000000   -0.0000007629    0.0000000000   -0.0000000000    0.0000000000    0.0000000001   -0.0000000000    0.0000003130    0.0000000000    0.0000000000   -0.0000000000    0.0000000000   -0.0000000000    0.0000000000   -0.0000000000   -0.0000000001   -0.0000000000    0.0000000000   -0.0000000000    0.0000000000   -0.0000000000   -0.0000000001    0.0000000000    0.0000003964    0.0000000001    0.0000000000   -0.0000000000    0.0000000001    0.0000000000    0.0000013213    0.0000000017   -0.0000000000   -0.0000000000    0.0000000009    0.0000000000   -0.0000000000   -0.0000018479   -0.0000000000   -0.0000000000   -0.0000001461    0.0000000000   -0.0000000000   -0.0000000000    0.0000000004   -0.0000000001   -0.0000000000   -0.0000003350   -0.0000000000   -0.0000000000    0.0000000000   -0.0000000000   -0.0000000005    0.0000004019    0.0000000000    0.0000000000    0.0000000001    0.0000000001    0.0000000000   -0.0000000000    0.0000000005    0.0000000000   -0.0000000000
  0.0000000000   -0.0000000000    0.0000000000   -0.0000000000    0.0000000000   -0.0000000000   -0.0000000000    0.0000000000   -0.0000000006   -0.0000000000   -0.0000000000    0.0000000000    0.0000000000    0.0000000000    0.0000000000    0.0000000000    0.0000000000   -0.0000000000   -0.0000000000    0.0000000000   -0.0000000000   -0.0000000000   -0.0000000000   -0.0000000000   -0.0000000000   -0.0000000000    0.0000000000    0.0000000000    0.0000000000    0.0000000000   -0.0000000000    0.0000000001   -0.0000000000   -0.0000000000    0.0000000000   -0.0000000005    0.0000000000    0.0000000000   -0.0000000000    0.0000000021   -0.0000000000   -0.0000000000    0.0000000002    0.0000000000    0.0000000000    0.0000000000   -0.0000000000   -0.0000000000    0.0000000000    0.0000000000   -0.0000000000    0.0000000000    0.0000000000   -0.0000000000   -0.0000000000    0.0000000000   -0.0000000000    0.0000000000   -0.0000000000   -0.0000000000   -0.0000000000    0.0000000000    0.0000000000    0.0000000000    0.0000000000   -0.0000000000   -0.0000000000    0.0000000000    0.0000000000   -0.0000000000    0.0000000000    0.0000000000    0.0000000000    0.0000000000    0.0000000000   -0.0000000000    0.0000000000    0.0000000000    0.0000000000   -0.0000000000
  0.0000000000    0.0000000000    0.0000000000    0.0000000000   -0.0000000000   -0.0000000000   -0.0000000000   -0.0000000000    0.0000000000   -0.0000000000    0.0000000000    0.0000000000   -0.0000000000    0.0000000000   -0.0000000000   -0.0000000000   -0.0000000000   -0.0000000000    0.0000000000   -0.0000000000    0.0000000000    0.0000000000   -0.0000000000   -0.0000000000   -0.0000000000   -0.0000000000    0.0000000000   -0.0000000000   -0.0000000000   -0.0000000000   -0.0000000000   -0.0000000000   -0.0000000000    0.0000000000    0.0000000000    0.0000000000    0.0000000000   -0.0000000000   -0.0000000000   -0.0000000000   -0.0000000000   -0.0000000000   -0.0000000000   -0.0000000000   -0.0000000000    0.0000000000    0.0000000000   -0.0000000000   -0.0000000000   -0.0000000000   -0.0000000000   -0.0000000000    0.0000000000    0.0000000000    0.0000000000    0.0000000000    0.0000000000   -0.0000000000   -0.0000000000   -0.0000000000   -0.0000000000   -0.0000000000   -0.0000000000    0.0000000000   -0.0000000000   -0.0000000000   -0.0000000000   -0.0000000000    0.0000000000    0.0000000000   -0.0000000000   -0.0000000000    0.0000000000    0.0000000000    0.0000000000    0.0000000000    0.0000000000    0.0000000000   -0.0000000000   -0.0000000000
  0.0000000000   -0.0000015189   -0.0000000000   -0.0000000000   -0.0000000000   -0.0000000000    0.0000000201   -0.0000000000    0.0000000000   -0.0000000000   -0.0000000258   -0.0000000000    0.0000000000   -0.0000000000    0.0000000000   -0.0000000000   -0.0000000000   -0.0000000000    0.0000000000   -0.0000000000   -0.0000001195    0.0000000000    0.0000000000   -0.0000000662   -0.0000000000    0.0000000000    0.0000000366    0.0000000000   -0.0000000000   -0.0000000000   -0.0000000000    0.0000000000    0.0000000000    0.0000000194   -0.0000000000    0.0000000000   -0.0000000000    0.0000000000   -0.0000000000   -0.0000000000    0.0000000000    0.0000000000    0.0000000000   -0.0000000000   -0.0000000000    0.0000000000    0.0000000000    0.0000000000    0.0000000223    0.0000000000    0.0000000000   -0.0000000047   -0.0000000000   -0.0000000000   -0.0000000000   -0.0000000000    0.0000000000   -0.0000000000    0.0000000000   -0.0000000000   -0.0000000000    0.0000000048    0.0000000000    0.0000000000   -0.0000000000   -0.0000000000    0.0000000000    0.0000000000    0.0000000000    0.0000000419   -0.0000000000   -0.0000000000   -0.0000000000   -0.0000000000   -0.0000000055   -0.0000000000    0.0000000000    0.0000000003   -0.0000000000   -0.0000000000
 -0.0000000000   -0.0000000000   -0.0000000000    0.0000000000    0.0000000000    0.0000000000    0.0000000000   -0.0000000006    0.0000000000    0.0000000000   -0.0000000000    0.0000000000   -0.0000000000    0.0000000000   -0.0000000000   -0.0000000000    0.0000000000    0.0000000000    0.0000000000   -0.0000000000   -0.0000000000    0.0000000000   -0.0000000000   -0.0000000000    0.0000000000    0.0000000000    0.0000000000    0.0000000000    0.0000000000    0.0000000000   -0.0000000000   -0.0000000000   -0.0000000000    0.0000000000   -0.0000000000   -0.0000000000   -0.0000000000    0.0000000000    0.0000000000    0.0000000000   -0.0000000000   -0.0000000000   -0.0000000000    0.0000000000    0.0000000000    0.0000000000    0.0000000000    0.0000000000    0.0000000000   -0.0000000000    0.0000000000   -0.0000000000    0.0000000000    0.0000000000    0.0000000000    0.0000000000    0.0000000000    0.0000000000   -0.0000000000    0.0000000000    0.0000000000    0.0000000000   -0.0000000000    0.0000000000    0.0000000000    0.0000000000   -0.0000000000   -0.0000000000   -0.0000000000    0.0000000000    0.0000000000   -0.0000000000   -0.0000000000   -0.0000000000   -0.0000000000    0.0000000000    0.0000000000    0.0000000000    0.0000000000   -0.0000000000
 -0.0000000000    0.0000000000   -0.0000000000    0.0000000000   -0.0000000000    0.0000000218    0.0000000000    0.0000000000    0.0000000000   -0.0000000000    0.0000000000    0.0000000000   -0.0000000000    0.0000000000    0.0000000000   -0.0000000000   -0.0000000444    0.0000000000    0.0000000000   -0.0000000000   -0.0000000000   -0.0000000000   -0.0000000000   -0.0000000000   -0.0000000000   -0.0000000000   -0.0000000000    0.0000000000   -0.0000000000    0.0000000171    0.0000000000   -0.0000000000    0.0000000000    0.0000000000   -0.0000000000   -0.0000000000   -0.0000002117    0.0000000000    0.0000000000    0.0000000000   -0.0000000000    0.0000000000   -0.0000000000    0.0000000000    0.0000000000   -0.0000000120    0.0000000000    0.0000000000   -0.0000000000   -0.0000000000   -0.0000000000   -0.0000000000   -0.0000000012    0.0000000000    0.0000000000   -0.0000000000    0.0000000000   -0.0000000000   -0.0000000000    0.0000000427   -0.0000000000   -0.0000000000    0.0000000000    0.0000000000   -0.0000000000   -0.0000000000    0.0000000000   -0.0000000000   -0.0000000000    0.0000000000   -0.0000000000   -0.0000000000    0.0000000000    0.0000000028   -0.0000000000    0.0000000000   -0.0000000000   -0.0000000000   -0.0000000000   -0.0000000000
  0.0000000000    0.0000000000    0.0000000000    0.0000000000    0.0000000000    0.0000000000   -0.0000000000   -0.0000000000    0.0000000000   -0.0000000000    0.0000000000    0.0000000000   -0.0000000000    0.0000000000    0.0000000000    0.0000000000   -0.0000000000    0.0000000001   -0.0000000000    0.0000000000   -0.0000000000    0.0000000000   -0.0000000000    0.0000000000    0.0000000000    0.0000000000   -0.0000000000   -0.0000000000    0.0000000000    0.0000000000   -0.0000000000   -0.0000000000   -0.0000000000   -0.0000000000    0.0000000000   -0.0000000000   -0.0000000000   -0.0000000002   -0.0000000000   -0.0000000000   -0.0000000000    0.0000000000   -0.0000000000    0.0000000000    0.0000000000   -0.0000000000    0.0000000000    0.0000000000    0.0000000000   -0.0000000000   -0.0000000000    0.0000000000   -0.0000000000    0.0000000000   -0.0000000000    0.0000000000    0.0000000000   -0.0000000000   -0.0000000000    0.0000000000    0.0000000000   -0.0000000000   -0.0000000000    0.0000000000   -0.0000000000    0.0000000000   -0.0000000000   -0.0000000000   -0.0000000000    0.0000000000    0.0000000000    0.0000000000   -0.0000000000    0.0000000000   -0.0000000000    0.0000000000   -0.0000000000   -0.0000000000    0.0000000000   -0.0000000000
 -0.0000000000    0.0000311393    0.0000000000    0.0000000000    0.0000000000   -0.0000000000   -0.0000002582    0.0000000000    0.0000000000   -0.0000000000    0.0000003690    0.0000000000   -0.0000000000   -0.0000000000    0.0000000000    0.0000000000    0.0000000000   -0.0000000000   -0.0000000000    0.0000000000    0.0000017276    0.0000000000    0.0000000000    0.0000011945    0.0000000000   -0.0000000000   -0.0000005234   -0.0000000000   -0.0000000000    0.0000000000   -0.0000000000    0.0000000000   -0.0000000000   -0.0000002731    0.0000000000   -0.0000000000    0.0000000000   -0.0000000000   -0.0000000000    0.0000000000   -0.0000000000   -0.0000000002   -0.0000000000   -0.0000000000   -0.0000000000   -0.0000000000    0.0000000000   -0.0000000001   -0.0000004423    0.0000000000    0.0000000000    0.0000000637    0.0000000000   -0.0000000000    0.0000000000   -0.0000000000    0.0000000000    0.0000000002   -0.0000000000    0.0000000000    0.0000000000   -0.0000000662   -0.0000000000   -0.0000000000    0.0000000000    0.0000000000    0.0000000000   -0.0000000000   -0.0000000000   -0.0000007576    0.0000000001    0.0000000000    0.0000000000    0.0000000000    0.0000000750    0.0000000000    0.0000000000   -0.0000000045    0.0000000000   -0.0000000000
  0.0000000000    0.0000000000   -0.0000000000    0.0000000000   -0.0000000000   -0.0000000000   -0.0000000000    0.0000000000    0.0000000000    0.0000000000   -0.0000000000    0.0000000001    0.0000000000    0.0000000000   -0.0000000000    0.0000000000   -0.0000000000    0.0000000000    0.0000000000    0.0000000000   -0.0000000000    0.0000000027    0.0000000020    0.0000000000   -0.0000000000    0.0000000000    0.0000000000    0.0000000070   -0.0000000000    0.0000000000   -0.0000000000    0.0000000000   -0.0000000043    0.0000000000   -0.0000000000    0.0000000000    0.0000000000   -0.0000000000   -0.0000000000    0.0000000000    0.0000000000    0.0000000000    0.0000000000   -0.0000000000   -0.0000000000   -0.0000000000   -0.0000000000    0.0000000000   -0.0000000000   -0.0000000001   -0.0000000063    0.0000000000    0.0000000000    0.0000000000   -0.0000000000   -0.0000000000   -0.0000000000    0.0000000000    0.0000000000    0.0000000000   -0.0000000063   -0.0000000000    0.0000000000    0.0000000000    0.0000000000   -0.0000000000   -0.0000000000   -0.0000000000    0.0000000003   -0.0000000000   -0.0000000000   -0.0000000000   -0.0000000000    0.0000000000    0.0000000000   -0.0000000111   -0.0000000008   -0.0000000000    0.0000000000    0.0000000000

# Root 14  E=0.3780822977 Ha  10.288149 eV
  0.0000000000    0.0000000000    0.0000000000    0.0000000000    0.0000000000    0.0000000000    0.0000000000    0.0000000000    0.0000000000    0.0000000000    0.0000000000    0.0000000000    0.0000000000    0.0000000000    0.0000000000    0.0000000000    0.0000000000    0.0000000000    0.0000000000    0.0000000000    0.0000000000    0.0000000000    0.0000000000    0.0000000000    0.0000000000    0.0000000000    0.0000000000    0.0000000000    0.0000000000    0.0000000000    0.0000000000    0.0000000000    0.0000000000    0.0000000000    0.0000000000    0.0000000000    0.0000000000    0.0000000000    0.0000000000    0.0000000000    0.0000000000    0.0000000000    0.0000000000    0.0000000000    0.0000000000    0.0000000000    0.0000000000    0.0000000000    0.0000000000    0.0000000000    0.0000000000    0.0000000000    0.0000000000    0.0000000000    0.0000000000    0.0000000000    0.0000000000    0.0000000000    0.0000000000    0.0000000000    0.0000000000    0.0000000000    0.0000000000    0.0000000000    0.0000000000    0.0000000000    0.0000000000    0.0000000000    0.0000000000    0.0000000000    0.0000000000    0.0000000000    0.0000000000    0.0000000000    0.0000000000    0.0000000000    0.0000000000    0.0000000000    0.0000000000    0.0000000000
  0.0000000000    0.0000000000    0.0000000000    0.0000000000    0.0000000000    0.0000000000    0.0000000000    0.0000000000    0.0000000000    0.0000000000    0.0000000000    0.0000000000    0.0000000000    0.0000000000    0.0000000000    0.0000000000    0.0000000000    0.0000000000    0.0000000000    0.0000000000    0.0000000000    0.0000000000    0.0000000000    0.0000000000    0.0000000000    0.0000000000    0.0000000000    0.0000000000    0.0000000000    0.0000000000    0.0000000000    0.0000000000    0.0000000000    0.0000000000    0.0000000000    0.0000000000    0.0000000000    0.0000000000    0.0000000000    0.0000000000    0.0000000000    0.0000000000    0.0000000000    0.0000000000    0.0000000000    0.0000000000    0.0000000000    0.0000000000    0.0000000000    0.0000000000    0.0000000000    0.0000000000    0.0000000000    0.0000000000    0.0000000000    0.0000000000    0.0000000000    0.0000000000    0.0000000000    0.0000000000    0.0000000000    0.0000000000    0.0000000000    0.0000000000    0.0000000000    0.0000000000    0.0000000000    0.0000000000    0.0000000000    0.0000000000    0.0000000000    0.0000000000    0.0000000000    0.0000000000    0.0000000000    0.0000000000    0.0000000000    0.0000000000    0.0000000000    0.0000000000
  0.0000000000    0.0000000000    0.0000000000    0.0000000000    0.0000000000    0.0000000000    0.0000000000    0.0000000000    0.0000000000    0.0000000000    0.0000000000    0.0000000000    0.0000000000    0.0000000000    0.0000000000    0.0000000000    0.0000000000    0.0000000000    0.0000000000    0.0000000000    0.0000000000    0.0000000000    0.0000000000    0.0000000000    0.0000000000    0.0000000000    0.0000000000    0.0000000000    0.0000000000    0.0000000000    0.0000000000    0.0000000000    0.0000000000    0.0000000000    0.0000000000    0.0000000000    0.0000000000    0.0000000000    0.0000000000    0.0000000000    0.0000000000    0.0000000000    0.0000000000    0.0000000000    0.0000000000    0.0000000000    0.0000000000    0.0000000000    0.0000000000    0.0000000000    0.0000000000    0.0000000000    0.0000000000    0.0000000000    0.0000000000    0.0000000000    0.0000000000    0.0000000000    0.0000000000    0.0000000000    0.0000000000    0.0000000000    0.0000000000    0.0000000000    0.0000000000    0.0000000000    0.0000000000    0.0000000000    0.0000000000    0.0000000000    0.0000000000    0.0000000000    0.0000000000    0.0000000000    0.0000000000    0.0000000000    0.0000000000    0.0000000000    0.0000000000    0.0000000000
  0.0000000000    0.0000000000    0.0000000000    0.0000000000    0.0000000000    0.0000000000    0.0000000000    0.0000000000    0.0000000000    0.0000000000    0.0000000000    0.0000000000    0.0000000000    0.0000000000    0.0000000000    0.0000000000    0.0000000000    0.0000000000    0.0000000000    0.0000000000    0.0000000000    0.0000000000    0.0000000000    0.0000000000    0.0000000000    0.0000000000    0.0000000000    0.0000000000    0.0000000000    0.0000000000    0.0000000000    0.0000000000    0.0000000000    0.0000000000    0.0000000000    0.0000000000    0.0000000000    0.0000000000    0.0000000000    0.0000000000    0.0000000000    0.0000000000    0.0000000000    0.0000000000    0.0000000000    0.0000000000    0.0000000000    0.0000000000    0.0000000000    0.0000000000    0.0000000000    0.0000000000    0.0000000000    0.0000000000    0.0000000000    0.0000000000    0.0000000000    0.0000000000    0.0000000000    0.0000000000    0.0000000000    0.0000000000    0.0000000000    0.0000000000    0.0000000000    0.0000000000    0.0000000000    0.0000000000    0.0000000000    0.0000000000    0.0000000000    0.0000000000    0.0000000000    0.0000000000    0.0000000000    0.0000000000    0.0000000000    0.0000000000    0.0000000000    0.0000000000
 -0.0000000000    0.0000000051   -0.0000000000   -0.0000000000    0.0000000000   -0.0000000000   -0.0000000001   -0.0000000000   -0.0000000000   -0.0000000000    0.0000000008    0.0000000000   -0.0000000000    0.0000000000    0.0000000000   -0.0000000000   -0.0000000000    0.0000000000   -0.0000000000    0.0000000000    0.0000000000    0.0000000000    0.0000000000    0.0000000000    0.0000000000    0.0000000000    0.0000000001    0.0000000000    0.0000000000    0.0000000000   -0.0000000000    0.0000000000    0.0000000000    0.0000000001   -0.0000000000   -0.0000000000    0.0000000000   -0.0000000000   -0.0000000000    0.0000000000    0.0000000000    0.0000000000   -0.0000000000   -0.0000000000    0.0000000000   -0.0000000000    0.0000000000   -0.0000000000   -0.0000000001   -0.0000000000   -0.0000000000    0.0000000000   -0.0000000000    0.0000000000   -0.0000000000    0.0000000000    0.0000000000   -0.0000000000    0.0000000000    0.0000000000    0.0000000000   -0.0000000001   -0.0000000000    0.0000000000    0.0000000000    0.0000000000    0.0000000000   -0.0000000000    0.0000000000    0.0000000000   -0.0000000000   -0.0000000000    0.0000000000   -0.0000000000    0.0000000001    0.0000000000    0.0000000000   -0.0000000000   -0.0000000000   -0.0000000000
 -0.0000012677   -0.0000000000   -0.0000000000    0.0000000000    0.0000000000    0.0000000000   -0.0000000000   -0.0000000141    0.0000000000    0.0000000000   -0.0000000000    0.0000000227    0.0000000000    0.0000000000    0.0000000000    0.0000000000    0.0000000000   -0.0000000000   -0.0000000000    0.0000000000   -0.0000000000    0.0000001115   -0.0000000620    0.0000000000   -0.0000000000   -0.0000000000   -0.0000000000    0.0000000347   -0.0000000000    0.0000000000    0.0000000000   -0.0000000000   -0.0000000186    0.0000000000   -0.0000000000   -0.0000000000    0.0000000000    0.0000000000    0.0000000000    0.0000000000   -0.0000000000   -0.0000000000   -0.0000000000    0.0000000000    0.0000000000   -0.0000000000    0.0000000000   -0.0000000000    0.0000000000   -0.0000000225    0.0000000047   -0.0000000000   -0.0000000000   -0.0000000000    0.0000000000    0.0000000000    0.0000000000    0.0000000000    0.0000000000    0.0000000000    0.0000000050   -0.0000000000   -0.0000000000   -0.0000000000    0.0000000000   -0.0000000000   -0.0000000000    0.0000000000    0.0000000436   -0.0000000000   -0.0000000000   -0.0000000000   -0.0000000000    0.0000000000   -0.0000000000    0.0000000058    0.0000000003    0.0000000000   -0.0000000000    0.0000000000
 -0.0000000001   -0.0000000000    0.0000003258    0.0000000000    0.0000000000   -0.0000000000   -0.0000000000   -0.0000000003    0.0000000000   -0.0000000000    0.0000000000   -0.0000000001    0.0000069288   -0.0000000000   -0.0000115705    0.0000000000   -0.0000000000   -0.0000000000   -0.0000007629   -0.0000000000   -0.0000000000   -0.0000000002   -0.0000000000    0.0000000000   -0.0000003131   -0.0000000000   -0.0000000000    0.0000000004    0.0000000001   -0.0000000000    0.0000000001    0.0000000000   -0.0000000001    0.0000000000   -0.0000000001   -0.0000000000   -0.0000000000   -0.0000000001   -0.0000000001   -0.0000000000   -0.0000003975    0.0000000000    0.0000000000   -0.0000000004   -0.0000000003    0.0000000000    0.0000013220   -0.0000000000    0.0000000000   -0.0000000001   -0.0000000002    0.0000000000   -0.0000000000    0.0000000000    0.0000000000   -0.0000018478    0.0000001475   -0.0000000000   -0.0000000001   -0.0000000000    0.0000000003    0.0000000000   -0.0000000000    0.0000000002    0.0000000000   -0.0000003354    0.0000000000    0.0000000000   -0.0000000000    0.0000000000    0.0000000000   -0.0000004012    0.0000000003    0.0000000000    0.0000000000   -0.0000000001   -0.0000000001   -0.0000000000    0.0000000000   -0.0000000003
 -0.0000000000    0.0000000000   -0.0000000000   -0.0000000004   -0.0000000000   -0.0000000000    0.0000000000    0.0000000000   -0.0000000000    0.0000000000   -0.0000000000    0.0000000000   -0.0000000000   -0.0000000015    0.0000000000    0.0000000008    0.0000000000   -0.0000000000    0.0000000000    0.0000000004   -0.0000000000    0.0000000000   -0.0000000000   -0.0000000000    0.0000000000   -0.0000000003    0.0000000000   -0.0000000000   -0.0000000000   -0.0000000000   -0.0000000000   -0.0000000000    0.0000000000    0.0000000000   -0.0000000000   -0.0000000000    0.0000000000   -0.0000000000   -0.0000000000    0.0000000000    0.0000000000   -0.0000000002   -0.0000000000    0.0000000000   -0.0000000000   -0.0000000000   -0.0000000000   -0.0000000001   -0.0000000000    0.0000000000    0.0000000000    0.0000000000    0.0000000000   -0.0000000000   -0.0000000002    0.0000000000   -0.0000000000   -0.0000000000    0.0000000000   -0.0000000000   -0.0000000000    0.0000000000   -0.0000000000    0.0000000000   -0.0000000002    0.0000000000    0.0000000000    0.0000000000   -0.0000000000   -0.0000000000    0.0000000003    0.0000000000    0.0000000000    0.0000000000    0.0000000000    0.0000000000    0.0000000000    0.0000000000    0.0000000000    0.0000000000
 -0.0000000000    0.0000000000    0.0000000000    0.0000000000    0.0000000000   -0.0000000000   -0.0000000000    0.0000000000   -0.0000000000    0.0000000000    0.0000000000    0.0000000000    0.0000000000    0.0000000000    0.0000000000   -0.0000000000   -0.0000000000    0.0000000000   -0.0000000000   -0.0000000000    0.0000000000   -0.0000000000    0.0000000000    0.0000000000   -0.0000000000   -0.0000000000    0.0000000000    0.0000000000    0.0000000000   -0.0000000000   -0.0000000000    0.0000000000   -0.0000000000    0.0000000000   -0.0000000000   -0.0000000000   -0.0000000000    0.0000000000   -0.0000000000   -0.0000000000   -0.0000000000    0.0000000000    0.0000000000    0.0000000000    0.0000000000    0.0000000000   -0.0000000000    0.0000000000    0.0000000000    0.0000000000   -0.0000000000   -0.0000000000    0.0000000000    0.0000000000   -0.0000000000    0.0000000000    0.0000000000   -0.0000000000    0.0000000000    0.0000000000   -0.0000000000   -0.0000000000    0.0000000000   -0.0000000000   -0.0000000000   -0.0000000000   -0.0000000000   -0.0000000000    0.0000000000   -0.0000000000    0.0000000000    0.0000000000    0.0000000000   -0.0000000000    0.0000000000   -0.0000000000    0.0000000000    0.0000000000   -0.0000000000   -0.0000000000
  0.0000000000   -0.0000000000    0.0000000000   -0.0000000000   -0.0000000000    0.0000000000    0.0000000000   -0.0000000000   -0.0000000000    0.0000000006    0.0000000000    0.0000000000   -0.0000000000    0.0000000000   -0.0000000000    0.0000000000    0.0000000000    0.0000000000    0.0000000000   -0.0000000000    0.0000000000    0.0000000000    0.0000000000    0.0000000000   -0.0000000000    0.0000000000    0.0000000000    0.0000000000    0.0000000000    0.0000000000    0.0000000001    0.0000000000   -0.0000000000    0.0000000000   -0.0000000005   -0.0000000000    0.0000000000   -0.0000000000   -0.0000000021   -0.0000000000    0.0000000000   -0.0000000000   -0.0000000000    0.0000000002   -0.0000000000   -0.0000000000   -0.0000000000   -0.0000000000   -0.0000000000   -0.0000000000   -0.0000000000   -0.0000000000   -0.0000000000    0.0000000000    0.0000000000    0.0000000000   -0.0000000000    0.0000000000   -0.0000000000   -0.0000000000   -0.0000000000    0.0000000000    0.0000000000   -0.0000000000   -0.0000000000    0.0000000000   -0.0000000000   -0.0000000000    0.0000000000    0.0000000000   -0.0000000000   -0.0000000000    0.0000000000   -0.0000000000   -0.0000000000   -0.0000000000    0.0000000000    0.0000000000   -0.0000000000   -0.0000000000
  0.0000000000    0.0000000000   -0.0000000000    0.0000000000   -0.0000000000    0.0000000000   -0.0000000006    0.0000000000    0.0000000000   -0.0000000000    0.0000000000   -0.0000000000    0.0000000000   -0.0000000000    0.0000000000    0.0000000000    0.0000000000   -0.0000000000    0.0000000000   -0.0000000000    0.0000000000   -0.0000000000    0.0000000000    0.0000000000    0.0000000000    0.0000000000   -0.0000000000   -0.0000000000   -0.0000000000    0.0000000000   -0.0000000000    0.0000000000    0.0000000000   -0.0000000000   -0.0000000000   -0.0000000000   -0.0000000000    0.0000000000   -0.0000000000   -0.0000000000    0.0000000000   -0.0000000000    0.0000000000   -0.0000000000   -0.0000000000    0.0000000000   -0.0000000000    0.0000000000   -0.0000000000    0.0000000000   -0.0000000000    0.0000000000    0.0000000000   -0.0000000000    0.0000000000   -0.0000000000    0.0000000000    0.0000000000    0.0000000000   -0.0000000000   -0.0000000000   -0.0000000000    0.0000000000    0.0000000000   -0.0000000000   -0.0000000000    0.0000000000    0.0000000000   -0.0000000000    0.0000000000    0.0000000000    0.0000000000   -0.0000000000    0.0000000000    0.0000000000   -0.0000000000    0.0000000000   -0.0000000000   -0.0000000000   -0.0000000000
 -0.0000015190   -0.0000000000   -0.0000000000   -0.0000000000    0.0000000000   -0.0000000000   -0.0000000000   -0.0000000201    0.0000000000    0.0000000000   -0.0000000000    0.0000000258    0.0000000000   -0.0000000000    0.0000000000    0.0000000000   -0.0000000000   -0.0000000000   -0.0000000000    0.0000000000    0.0000000000    0.0000001195   -0.0000000662   -0.0000000000   -0.0000000000   -0.0000000000   -0.0000000000    0.0000000366    0.0000000000   -0.0000000000    0.0000000000   -0.0000000000   -0.0000000194    0.0000000000   -0.0000000000   -0.0000000000    0.0000000000    0.0000000000    0.0000000000    0.0000000000   -0.0000000000   -0.0000000000    0.0000000000    0.0000000000    0.0000000000    0.0000000000    0.0000000000   -0.0000000000    0.0000000000   -0.0000000223    0.0000000047    0.0000000000    0.0000000000   -0.0000000000   -0.0000000000    0.0000000000    0.0000000000   -0.0000000000    0.0000000000    0.0000000000    0.0000000048    0.0000000000    0.0000000000   -0.0000000000    0.0000000000   -0.0000000000   -0.0000000000   -0.0000000000    0.0000000419   -0.0000000000   -0.0000000000   -0.0000000000   -0.0000000000   -0.0000000000   -0.0000000000    0.0000000056    0.0000000003   -0.0000000000    0.0000000000    0.0000000000
 -0.0000000000   -0.0000000000    0.0000000000   -0.0000000000   -0.0000000000   -0.0000000000    0.0000000000   -0.0000000000   -0.0000000000    0.0000000000    0.0000000000    0.0000000000   -0.0000000000    0.0000000000    0.0000000000   -0.0000000000   -0.0000000001    0.0000000000   -0.0000000000   -0.0000000000    0.0000000000   -0.0000000000   -0.0000000000   -0.0000000000    0.0000000000   -0.0000000000    0.0000000000    0.0000000000   -0.0000000000   -0.0000000000    0.0000000000    0.0000000000    0.0000000000   -0.0000000000    0.0000000000    0.0000000000    0.0000000002    0.0000000000    0.0000000000   -0.0000000000    0.0000000000   -0.0000000000   -0.0000000000    0.0000000000   -0.0000000000    0.0000000000    0.0000000000    0.0000000000    0.0000000000   -0.0000000000   -0.0000000000    0.0000000000    0.0000000000   -0.0000000000   -0.0000000000   -0.0000000000    0.0000000000    0.0000000000   -0.0000000000    0.0000000000   -0.0000000000    0.0000000000    0.0000000000   -0.0000000000   -0.0000000000   -0.0000000000   -0.0000000000   -0.0000000000   -0.0000000000   -0.0000000000    0.0000000000   -0.0000000000   -0.0000000000    0.0000000000   -0.0000000000    0.0000000000   -0.0000000000   -0.0000000000   -0.0000000000   -0.0000000000
 -0.0000000000   -0.0000000000    0.0000000000   -0.0000000000    0.0000000218    0.0000000000    0.0000000000   -0.0000000000   -0.0000000000   -0.0000000000    0.0000000000   -0.0000000000    0.0000000000    0.0000000000   -0.0000000000    0.0000000000   -0.0000000000   -0.0000000444    0.0000000000    0.0000000000    0.0000000000   -0.0000000000   -0.0000000000    0.0000000000    0.0000000000    0.0000000000    0.0000000000    0.0000000000    0.0000000171    0.0000000000   -0.0000000000    0.0000000000   -0.0000000000   -0.0000000000    0.0000000000    0.0000000000   -0.0000000000   -0.0000002117    0.0000000000   -0.0000000000   -0.0000000000    0.0000000000    0.0000000000    0.0000000000    0.0000000120    0.0000000000    0.0000000000    0.0000000000    0.0000000000    0.0000000000    0.0000000000    0.0000000000    0.0000000000    0.0000000012   -0.0000000000    0.0000000000    0.0000000000   -0.0000000000    0.0000000427    0.0000000000   -0.0000000000   -0.0000000000    0.0000000000   -0.0000000000    0.0000000000   -0.0000000000   -0.0000000000   -0.0000000000    0.0000000000   -0.0000000000    0.0000000000   -0.0000000000    0.0000000028   -0.0000000000   -0.0000000000    0.0000000000    0.0000000000   -0.0000000000   -0.0000000000    0.0000000000
  0.0000000000   -0.0000000000    0.0000000000   -0.0000000000    0.0000000000    0.0000000000    0.0000000000   -0.0000000000   -0.0000000000    0.0000000000    0.0000000001    0.0000000000    0.0000000000   -0.0000000000   -0.0000000000    0.0000000000    0.0000000000    0.0000000000   -0.0000000000    0.0000000000    0.0000000027   -0.0000000000    0.0000000000   -0.0000000020    0.0000000000   -0.0000000000   -0.0000000070    0.0000000000   -0.0000000000    0.0000000000   -0.0000000000    0.0000000000   -0.0000000000   -0.0000000043    0.0000000000    0.0000000000   -0.0000000000   -0.0000000000   -0.0000000000   -0.0000000000    0.0000000000    0.0000000000    0.0000000000   -0.0000000000   -0.0000000000    0.0000000000    0.0000000000    0.0000000000   -0.0000000001    0.0000000000    0.0000000000   -0.0000000063   -0.0000000000   -0.0000000000    0.0000000000   -0.0000000000    0.0000000000   -0.0000000000    0.0000000000    0.0000000000   -0.0000000000    0.0000000063   -0.0000000000   -0.0000000000    0.0000000000    0.0000000000    0.0000000000   -0.0000000000   -0.0000000000   -0.0000000003    0.0000000000    0.0000000000    0.0000000000    0.0000000000   -0.0000000111   -0.0000000000    0.0000000000    0.0000000008    0.0000000000   -0.0000000000
  0.0000311393    0.0000000000   -0.0000000000   -0.0000000000   -0.0000000000   -0.0000000000    0.0000000000    0.0000002582   -0.0000000000    0.0000000000    0.0000000000   -0.0000003690   -0.0000000000    0.0000000000    0.0000000000    0.0000000000   -0.0000000000   -0.0000000000    0.0000000000   -0.0000000000    0.0000000000   -0.0000017276    0.0000011945   -0.0000000000    0.0000000000   -0.0000000000    0.0000000000   -0.0000005234    0.0000000000    0.0000000000   -0.0000000000   -0.0000000000    0.0000002731   -0.0000000000   -0.0000000000    0.0000000000   -0.0000000000   -0.0000000000   -0.0000000000   -0.0000000000    0.0000000000   -0.0000000000    0.0000000000   -0.0000000000   -0.0000000000    0.0000000000   -0.0000000000   -0.0000000000    0.0000000000    0.0000004425   -0.0000000636    0.0000000000    0.0000000000    0.0000000000    0.0000000000   -0.0000000000   -0.0000000000   -0.0000000000   -0.0000000000   -0.0000000000   -0.0000000662   -0.0000000000   -0.0000000000   -0.0000000000   -0.0000000000    0.0000000000    0.0000000000    0.0000000000   -0.0000007576    0.0000000000   -0.0000000000    0.0000000000    0.0000000000    0.0000000000    0.0000000000   -0.0000000750   -0.0000000045   -0.0000000000    0.0000000000   -0.0000000000

# Root 15  E=0.4123233761 Ha  11.219896 eV
  0.0000000000    0.0000000000    0.0000000000    0.0000000000    0.0000000000    0.0000000000    0.0000000000    0.0000000000    0.0000000000    0.0000000000    0.0000000000    0.0000000000    0.0000000000    0.0000000000    0.0000000000    0.0000000000    0.0000000000    0.0000000000    0.0000000000    0.0000000000    0.0000000000    0.0000000000    0.0000000000    0.0000000000    0.0000000000    0.0000000000    0.0000000000    0.0000000000    0.0000000000    0.0000000000    0.0000000000    0.0000000000    0.0000000000    0.0000000000    0.0000000000    0.0000000000    0.0000000000    0.0000000000    0.0000000000    0.0000000000    0.0000000000    0.0000000000    0.0000000000    0.0000000000    0.0000000000    0.0000000000    0.0000000000    0.0000000000    0.0000000000    0.0000000000    0.0000000000    0.0000000000    0.0000000000    0.0000000000    0.0000000000    0.0000000000    0.0000000000    0.0000000000    0.0000000000    0.0000000000    0.0000000000    0.0000000000    0.0000000000    0.0000000000    0.0000000000    0.0000000000    0.0000000000    0.0000000000    0.0000000000    0.0000000000    0.0000000000    0.0000000000    0.0000000000    0.0000000000    0.0000000000    0.0000000000    0.0000000000    0.0000000000    0.0000000000    0.0000000000
  0.0000000000    0.0000000000    0.0000000000    0.0000000000    0.0000000000    0.0000000000    0.0000000000    0.0000000000    0.0000000000    0.0000000000    0.0000000000    0.0000000000    0.0000000000    0.0000000000    0.0000000000    0.0000000000    0.0000000000    0.0000000000    0.0000000000    0.0000000000    0.0000000000    0.0000000000    0.0000000000    0.0000000000    0.0000000000    0.0000000000    0.0000000000    0.0000000000    0.0000000000    0.0000000000    0.0000000000    0.0000000000    0.0000000000    0.0000000000    0.0000000000    0.0000000000    0.0000000000    0.0000000000    0.0000000000    0.0000000000    0.0000000000    0.0000000000    0.0000000000    0.0000000000    0.0000000000    0.0000000000    0.0000000000    0.0000000000    0.0000000000    0.0000000000    0.0000000000    0.0000000000    0.0000000000    0.0000000000    0.0000000000    0.0000000000    0.0000000000    0.0000000000    0.0000000000    0.0000000000    0.0000000000    0.0000000000    0.0000000000    0.0000000000    0.0000000000    0.0000000000    0.0000000000    0.0000000000    0.0000000000    0.0000000000    0.0000000000    0.0000000000    0.0000000000    0.0000000000    0.0000000000    0.0000000000    0.0000000000    0.0000000000    0.0000000000    0.0000000000
  0.0000000000    0.0000000000    0.0000000000    0.0000000000    0.0000000000    0.0000000000    0.0000000000    0.0000000000    0.0000000000    0.0000000000    0.0000000000    0.0000000000    0.0000000000    0.0000000000    0.0000000000    0.0000000000    0.0000000000    0.0000000000    0.0000000000    0.0000000000    0.0000000000    0.0000000000    0.0000000000    0.0000000000    0.0000000000    0.0000000000    0.0000000000    0.0000000000    0.0000000000    0.0000000000    0.0000000000    0.0000000000    0.0000000000    0.0000000000    0.0000000000    0.0000000000    0.0000000000    0.0000000000    0.0000000000    0.0000000000    0.0000000000    0.0000000000    0.0000000000    0.0000000000    0.0000000000    0.0000000000    0.0000000000    0.0000000000    0.0000000000    0.0000000000    0.0000000000    0.0000000000    0.0000000000    0.0000000000    0.0000000000    0.0000000000    0.0000000000    0.0000000000    0.0000000000    0.0000000000    0.0000000000    0.0000000000    0.0000000000    0.0000000000    0.0000000000    0.0000000000    0.0000000000    0.0000000000    0.0000000000    0.0000000000    0.0000000000    0.0000000000    0.0000000000    0.0000000000    0.0000000000    0.0000000000    0.0000000000    0.0000000000    0.0000000000    0.0000000000
  0.0000000000    0.0000000000    0.0000000000    0.0000000000    0.0000000000    0.0000000000    0.0000000000    0.0000000000    0.0000000000    0.0000000000    0.0000000000    0.0000000000    0.0000000000    0.0000000000    0.0000000000    0.0000000000    0.0000000000    0.0000000000    0.0000000000    0.0000000000    0.0000000000    0.0000000000    0.0000000000    0.0000000000    0.0000000000    0.0000000000    0.0000000000    0.0000000000    0.0000000000    0.0000000000    0.0000000000    0.0000000000    0.0000000000    0.0000000000    0.0000000000    0.0000000000    0.0000000000    0.0000000000    0.0000000000    0.0000000000    0.0000000000    0.0000000000    0.0000000000    0.0000000000    0.0000000000    0.0000000000    0.0000000000    0.0000000000    0.0000000000    0.0000000000    0.0000000000    0.0000000000    0.0000000000    0.0000000000    0.0000000000    0.0000000000    0.0000000000    0.0000000000    0.0000000000    0.0000000000    0.0000000000    0.0000000000    0.0000000000    0.0000000000    0.0000000000    0.0000000000    0.0000000000    0.0000000000    0.0000000000    0.0000000000    0.0000000000    0.0000000000    0.0000000000    0.0000000000    0.0000000000    0.0000000000    0.0000000000    0.0000000000    0.0000000000    0.0000000000
  0.0000000001   -0.0000000000    0.0000000048   -0.0000000000   -0.0000000014    0.0000000000   -0.0000000000    0.0000000021   -0.0000000000    0.0007503049   -0.0000000000    0.0000000001    0.0000000029    0.0000000000   -0.0000000005    0.0000000000    0.0000000000   -0.0000000010    0.0000000001   -0.0000000000    0.0000000000    0.0000000005    0.0000000000   -0.0000000000   -0.0000000034    0.0000000000   -0.0000000000   -0.0000000007   -0.0000000017    0.0000000000    0.0024272624    0.0000000000    0.0000000011   -0.0000000000    0.0001262239    0.0000000000    0.0000000000    0.0000000003    0.0000000190   -0.0000000000    0.0000000001    0.0000000000    0.0000000000   -0.0005883057   -0.0000000029    0.0000000000   -0.0000000030   -0.0000000000    0.0000000000   -0.0000000001   -0.0000000032    0.0000000000    0.0000000000    0.0000000027    0.0000000000   -0.0000000016   -0.0000000000   -0.0000000000    0.0000000003    0.0000000000    0.0000000020    0.0000000000    0.0000000000   -0.0000664796   -0.0000000000    0.0000000026   -0.0000000008   -0.0000000000   -0.0000000000    0.0000000000    0.0000000000   -0.0000000006   -0.0000000002   -0.0000000000    0.0000000000   -0.0000000008    0.0000000015    0.0000000000   -0.0000000000    0.0001436692
  0.0000000000    0.0000000001    0.0000000000   -0.0000000011   -0.0000000000    0.0000000007    0.0000000016   -0.0000000000   -0.0007633787   -0.0000000000    0.0000000004    0.0000000000   -0.0000000000   -0.0000000004   -0.0000000000   -0.0000000005    0.0000000003    0.0000000000   -0.0000000000   -0.0000000001    0.0000000006   -0.0000000000    0.0000000000   -0.0000000001    0.0000000000    0.0000000006    0.0000000014   -0.0000000000   -0.0000000000    0.0000000001   -0.0000000000    0.0024695514    0.0000000000    0.0000000009   -0.0000000000    0.0001284240    0.0000000003   -0.0000000000   -0.0000000000   -0.0000000197    0.0000000000    0.0000000012   -0.0005985516   -0.0000000000    0.0000000000   -0.0000000008    0.0000000000    0.0000000019   -0.0000000017   -0.0000000000    0.0000000000   -0.0000000016    0.0000000002    0.0000000000    0.0000000012   -0.0000000000   -0.0000000000   -0.0000000016   -0.0000000000    0.0000000004    0.0000000000   -0.0000000006    0.0000676360    0.0000000000   -0.0000000020   -0.0000000000   -0.0000000000    0.0000000007    0.0000000000    0.0000000006   -0.0000000002   -0.0000000000    0.0000000000   -0.0000000006   -0.0000000004   -0.0000000000    0.0000000000   -0.0000000010   -0.0001461727   -0.0000000000
  0.0000000000   -0.0000000001    0.0000000000   -0.0000000024    0.0000000000    0.0052841367    0.0000000020   -0.0000000000   -0.0000000004   -0.0000000000   -0.0000000005   -0.0000000000   -0.0000000000   -0.0000000004    0.0000000000    0.0000000028    0.0042764223    0.0000000001    0.0000000000    0.0000000001    0.0000000004   -0.0000000000   -0.0000000000    0.0000000001    0.0000000000    0.0000000017    0.0000000018   -0.0000000000    0.0000000000    0.0028705857   -0.0000000000    0.0000000004   -0.0000000000   -0.0000000007    0.0000000000   -0.0000000001    0.0000000237   -0.0000000000   -0.0000000000    0.0000000001   -0.0000000000   -0.0000000008   -0.0000000006   -0.0000000000   -0.0000000000    0.0011134263    0.0000000000   -0.0000000012    0.0000000014   -0.0000000000    0.0000000000    0.0000000018    0.0009079166   -0.0000000000   -0.0000000006    0.0000000000    0.0000000000    0.0000000010   -0.0000000000    0.0000000119   -0.0000000000    0.0000000014   -0.0000000002   -0.0000000000    0.0000000007    0.0000000000   -0.0000000000    0.0000000001   -0.0000000000   -0.0000000005    0.0000000007    0.0000000000   -0.0000000000   -0.0002263217    0.0000000005    0.0000000000   -0.0000000000    0.0000000006    0.0000000003    0.0000000000
  0.0000000005    0.0000000000   -0.0000000033    0.0000000000    0.0051936466   -0.0000000000   -0.0000000000   -0.0000000093   -0.0000000000   -0.0000000011   -0.0000000000    0.0000000019   -0.0000000011    0.0000000000    0.0000000048   -0.0000000000   -0.0000000001    0.0042031942    0.0000000001   -0.0000000000   -0.0000000000   -0.0000000007    0.0000000001   -0.0000000000    0.0000000017    0.0000000000   -0.0000000000    0.0000000058    0.0028214309   -0.0000000000    0.0000000005    0.0000000000    0.0000000011   -0.0000000000    0.0000000019    0.0000000000    0.0000000000    0.0000000234   -0.0000000001   -0.0000000000   -0.0000000002    0.0000000000   -0.0000000000    0.0000000056   -0.0010943564   -0.0000000000    0.0000000050    0.0000000000    0.0000000000    0.0000000004    0.0000000050    0.0000000000   -0.0000000000   -0.0008923733   -0.0000000000    0.0000000024    0.0000000003   -0.0000000000    0.0000000119    0.0000000000   -0.0000000024   -0.0000000000   -0.0000000000    0.0000000024    0.0000000000   -0.0000000031   -0.0000000004   -0.0000000000    0.0000000001   -0.0000000000   -0.0000000000    0.0000000017   -0.0002224451    0.0000000000   -0.0000000000    0.0000000014   -0.0000000024   -0.0000000000   -0.0000000000    0.0000000002
 -0.0000000593   -0.0000000000    0.0000000069    0.0000000000   -0.0000000074   -0.0000000000   -0.0000000020    0.0053214310    0.0000000000    0.0000000037    0.0000000011   -0.0006862066    0.0000000094    0.0000000000    0.0000000042    0.0000000000    0.0000000000   -0.0000000086   -0.0000000002    0.0000000000   -0.0000000008    0.0021333403   -0.0000003605   -0.0000000000   -0.0000000117   -0.0000000000   -0.0000000015   -0.0040254193   -0.0000000008   -0.0000000000   -0.0000000048   -0.0000000000    0.0002833021   -0.0000000001   -0.0000000214   -0.0000000000   -0.0000000000   -0.0000000060   -0.0000000064   -0.0000000000    0.0000000050   -0.0000000000    0.0000000000   -0.0000000611   -0.0000000527    0.0000000000   -0.0000000417   -0.0000000000    0.0000000000   -0.0000000288   -0.0008348129    0.0000000003   -0.0000000000    0.0000000364   -0.0000000000   -0.0000000259   -0.0000000060    0.0000000000   -0.0000000048   -0.0000000000   -0.0013257323   -0.0000000005    0.0000000000   -0.0000000129   -0.0000000000    0.0000000434    0.0000000040    0.0000000000   -0.0000000080   -0.0000000000    0.0000000000   -0.0000000043    0.0000000041    0.0000000000   -0.0000000001    0.0002578091   -0.0007042302   -0.0000000003   -0.0000000000   -0.0000000145
  0.0000000000   -0.0000000611   -0.0000000000    0.0000000011    0.0000000000   -0.0000000015   -0.0054141498   -0.0000000020    0.0000000016   -0.0000000000    0.0006981668    0.0000000011   -0.0000000000    0.0000000000   -0.0000000000    0.0000000017    0.0000000003    0.0000000000    0.0000000000    0.0000000002   -0.0021705135   -0.0000000008    0.0000000000   -0.0000003660    0.0000000000   -0.0000000007   -0.0040955565    0.0000000015    0.0000000000   -0.0000000003    0.0000000000   -0.0000000015   -0.0000000001   -0.0002882272    0.0000000000    0.0000000001   -0.0000000000    0.0000000000    0.0000000000   -0.0000000000   -0.0000000000   -0.0000000024    0.0000000004    0.0000000000    0.0000000000    0.0000000018    0.0000000000   -0.0000000048    0.0000000258    0.0000000000    0.0000000003    0.0008493124   -0.0000000006   -0.0000000000   -0.0000000032    0.0000000000    0.0000000000    0.0000000029    0.0000000000    0.0000000000    0.0000000005   -0.0013488677    0.0000000007    0.0000000000    0.0000000047   -0.0000000000   -0.0000000000    0.0000000000    0.0000000000   -0.0000000070   -0.0000000003    0.0000000000   -0.0000000000    0.0000000017   -0.0002623192   -0.0000000001    0.0000000003   -0.0007165101   -0.0000000001    0.0000000000
  0.0000000005    0.0000000000    0.0000000038   -0.0000000000   -0.0000000025   -0.0000000000   -0.0000000000    0.0000000011    0.0000000000    0.0012595954    0.0000000000   -0.0000000050   -0.0000000044   -0.0000000000    0.0000000004    0.0000000000    0.0000000000   -0.0000000013    0.0000000000   -0.0000000000    0.0000000000   -0.0000000010   -0.0000000001   -0.0000000000   -0.0000000043   -0.0000000000   -0.0000000000   -0.0000000004   -0.0000000016   -0.0000000000    0.0022228676   -0.0000000000   -0.0000000039    0.0000000000    0.0009972020   -0.0000000000    0.0000000000    0.0000000010    0.0000000225    0.0000000000   -0.0000000005   -0.0000000000    0.0000000000   -0.0006002259   -0.0000000007   -0.0000000000   -0.0000000025   -0.0000000000    0.0000000000    0.0000000005   -0.0000000031    0.0000000000    0.0000000000    0.0000000025   -0.0000000000   -0.0000000013    0.0000000003    0.0000000000    0.0000000001    0.0000000000   -0.0000000006    0.0000000000   -0.0000000002    0.0010909148    0.0000000000   -0.0000000000   -0.0000000103   -0.0000000000    0.0000000001   -0.0000000000    0.0000000000   -0.0000000030   -0.0000000026    0.0000000000   -0.0000000000    0.0000000008    0.0000000029    0.0000000000    0.0000000000    0.0005564204
  0.0000000000   -0.0000000001    0.0000000000   -0.0000000012   -0.0000000000   -0.0000000006    0.0000000011    0.0000000000   -0.0012815459    0.0000000000   -0.0000000015   -0.0000000000   -0.0000000000    0.0000000013    0.0000000000   -0.0000000004   -0.0000000003   -0.0000000000    0.0000000000    0.0000000001   -0.0000000008   -0.0000000000   -0.0000000000   -0.0000000002   -0.0000000000    0.0000000011    0.0000000006    0.0000000000   -0.0000000000   -0.0000000003    0.0000000000    0.0022615959   -0.0000000000   -0.0000000012    0.0000000000    0.0010145764    0.0000000003   -0.0000000000    0.0000000000   -0.0000000224    0.0000000000    0.0000000019   -0.0006106812   -0.0000000000    0.0000000000   -0.0000000005   -0.0000000000    0.0000000033   -0.0000000026    0.0000000000   -0.0000000000   -0.0000000035    0.0000000002    0.0000000000    0.0000000017   -0.0000000000   -0.0000000000   -0.0000000023    0.0000000000   -0.0000000001    0.0000000000   -0.0000000023   -0.0011099234   -0.0000000002   -0.0000000034   -0.0000000000   -0.0000000000    0.0000000102    0.0000000000    0.0000000008   -0.0000000003   -0.0000000000   -0.0000000000   -0.0000000005   -0.0000000011   -0.0000000000    0.0000000000   -0.0000000012   -0.0005661126    0.0000000000
 -0.0000000008    0.0000000000   -0.0085510537   -0.0000000001    0.0000000029   -0.0000000000    0.0000000000   -0.0000000042    0.0000000000   -0.0000000073    0.0000000000   -0.0000000016    0.0002383259    0.0000000000   -0.0022139317    0.0000000000   -0.0000000000    0.0000000060   -0.0000001803    0.0000000000   -0.0000000000    0.0000000019   -0.0000000001    0.0000000000    0.0063008751    0.0000000001    0.0000000000    0.0000000002   -0.0000000000    0.0000000000   -0.0000000015    0.0000000000   -0.0000000084    0.0000000000    0.0000000137    0.0000000000    0.0000000000    0.0000000030    0.0000000032   -0.0000000000    0.0000000214    0.0000000000   -0.0000000000    0.0000000363    0.0000000287    0.0000000000   -0.0013293606    0.0000000000    0.0000000000    0.0000000037    0.0000000285    0.0000000000   -0.0000000000   -0.0000000226   -0.0000000000    0.0015047440   -0.0000000126    0.0000000000    0.0000000025    0.0000000000   -0.0000000214   -0.0000000000   -0.0000000000    0.0000000097    0.0000000027   -0.0011327869   -0.0000000022   -0.0000000000    0.0000000016   -0.0000000000   -0.0000000001    0.0001490880    0.0000000004   -0.0000000000   -0.0000000000    0.0000000106   -0.0000000094    0.0000000000    0.0000000000    0.0000000059
 -0.0000000000   -0.0000000001   -0.0000000001    0.0087000396   -0.0000000000   -0.0000000019   -0.0000000016    0.0000000000    0.0000000014   -0.0000000000   -0.0000000005   -0.0000000000    0.0000000000   -0.0002424838   -0.0000000000   -0.0022525007    0.0000000026   -0.0000000000   -0.0000000000   -0.0000001824   -0.0000000004    0.0000000000    0.0000000000    0.0000000003    0.0000000001   -0.0064106452   -0.0000000018   -0.0000000000    0.0000000000   -0.0000000011    0.0000000000   -0.0000000015   -0.0000000000   -0.0000000000    0.0000000000    0.0000000010   -0.0000000000    0.0000000000    0.0000000000    0.0000000000   -0.0000000000   -0.0000000234    0.0000000025    0.0000000000    0.0000000000   -0.0000000008   -0.0000000000   -0.0013525448   -0.0000000019    0.0000000000    0.0000000000   -0.0000000026   -0.0000000001   -0.0000000000    0.0015309451    0.0000000000    0.0000000000    0.0000000145    0.0000000000   -0.0000000000   -0.0000000000   -0.0000000021    0.0000000008    0.0000000000   -0.0011524979   -0.0000000027   -0.0000000000    0.0000000000    0.0000000000    0.0000000007   -0.0001516824   -0.0000000001    0.0000000000    0.0000000009   -0.0000000006   -0.0000000000   -0.0000000000   -0.0000000009   -0.0000000010    0.0000000000
  0.0000000088    0.0000000000    0.0000000051   -0.0000000000    0.0000000049    0.0000000000    0.0000000000   -0.0000000023    0.0000000000   -0.0000000066   -0.0000000000    0.0000000004   -0.0000000000    0.0000000000    0.0000000004    0.0000000000    0.0000000000    0.0000000002    0.0000000103   -0.0000000000   -0.0000000000   -0.0000000001   -0.0000000030   -0.0000000000   -0.0000000002    0.0000000000    0.0000000000    0.0000000000    0.0000000012    0.0000000000   -0.0000000358   -0.0000000000    0.0000000006   -0.0000000000   -0.0000000426   -0.0000000000   -0.0000000000   -0.0000000011    0.0015011333   -0.0000000000    0.0000000005   -0.0000000000   -0.0000000000    0.0000000146   -0.0000000014    0.0000000000   -0.0000000009    0.0000000000   -0.0000000000   -0.0000000005   -0.0000000010    0.0000000000    0.0000000000    0.0000000006   -0.0000000000   -0.0000000011    0.0000000008   -0.0000000000   -0.0000000003   -0.0000000000    0.0000000014    0.0000000000    0.0000000000   -0.0000000023   -0.0000000000    0.0000000014   -0.0008001121   -0.0000000000   -0.0000000007    0.0000000000   -0.0000000000    0.0000000007    0.0000000004   -0.0000000000    0.0000000000   -0.0000000009   -0.0000000001   -0.0000000000    0.0000000000   -0.0000000040
  0.0000000000   -0.0000000059    0.0000000000   -0.0000000001   -0.0000000000    0.0000000015   -0.0000000003    0.0000000000    0.0000000068    0.0000000000    0.0000000000   -0.0000000000   -0.0000000000   -0.0000000001   -0.0000000000   -0.0000000001   -0.0000000001   -0.0000000000    0.0000000000    0.0000000021   -0.0000000000    0.0000000000    0.0000000000    0.0000000022   -0.0000000000   -0.0000000001   -0.0000000000    0.0000000000   -0.0000000000    0.0000000004    0.0000000000   -0.0000000360   -0.0000000000    0.0000000001    0.0000000000   -0.0000000428   -0.0000000001    0.0000000000   -0.0000000000   -0.0015272875   -0.0000000000    0.0000000000    0.0000000164    0.0000000000    0.0000000000    0.0000000000   -0.0000000000    0.0000000003   -0.0000000004   -0.0000000000   -0.0000000000   -0.0000000003    0.0000000002   -0.0000000000    0.0000000001   -0.0000000000   -0.0000000000   -0.0000000004   -0.0000000000    0.0000000001   -0.0000000000   -0.0000000003    0.0000000025    0.0000000000   -0.0000000003   -0.0000000000   -0.0000000000    0.0008140515    0.0000000000    0.0000000002    0.0000000000    0.0000000000    0.0000000000    0.0000000001   -0.0000000002   -0.0000000000   -0.0000000000   -0.0000000000    0.0000000032    0.0000000000

# Root 16  E=0.4123243195 Ha  11.219922 eV
  0.0000000000    0.0000000000    0.0000000000    0.0000000000    0.0000000000    0.0000000000    0.0000000000    0.0000000000    0.0000000000    0.0000000000    0.0000000000    0.0000000000    0.0000000000    0.0000000000    0.0000000000    0.0000000000    0.0000000000    0.0000000000    0.0000000000    0.0000000000    0.0000000000    0.0000000000    0.0000000000    0.0000000000    0.0000000000    0.0000000000    0.0000000000    0.0000000000    0.0000000000    0.0000000000    0.0000000000    0.0000000000    0.0000000000    0.0000000000    0.0000000000    0.0000000000    0.0000000000    0.0000000000    0.0000000000    0.0000000000    0.0000000000    0.0000000000    0.0000000000    0.0000000000    0.0000000000    0.0000000000    0.0000000000    0.0000000000    0.0000000000    0.0000000000    0.0000000000    0.0000000000    0.0000000000    0.0000000000    0.0000000000    0.0000000000    0.0000000000    0.0000000000    0.0000000000    0.0000000000    0.0000000000    0.0000000000    0.0000000000    0.0000000000    0.0000000000    0.0000000000    0.0000000000    0.0000000000    0.0000000000    0.0000000000    0.0000000000    0.0000000000    0.0000000000    0.0000000000    0.0000000000    0.0000000000    0.0000000000    0.0000000000    0.0000000000    0.0000000000
  0.0000000000    0.0000000000    0.0000000000    0.0000000000    0.0000000000    0.0000000000    0.0000000000    0.0000000000    0.0000000000    0.0000000000    0.0000000000    0.0000000000    0.0000000000    0.0000000000    0.0000000000    0.0000000000    0.0000000000    0.0000000000    0.0000000000    0.0000000000    0.0000000000    0.0000000000    0.0000000000    0.0000000000    0.0000000000    0.0000000000    0.0000000000    0.0000000000    0.0000000000    0.0000000000    0.0000000000    0.0000000000    0.0000000000    0.0000000000    0.0000000000    0.0000000000    0.0000000000    0.0000000000    0.0000000000    0.0000000000    0.0000000000    0.0000000000    0.0000000000    0.0000000000    0.0000000000    0.0000000000    0.0000000000    0.0000000000    0.0000000000    0.0000000000    0.0000000000    0.0000000000    0.0000000000    0.0000000000    0.0000000000    0.0000000000    0.0000000000    0.0000000000    0.0000000000    0.0000000000    0.0000000000    0.0000000000    0.0000000000    0.0000000000    0.0000000000    0.0000000000    0.0000000000    0.0000000000    0.0000000000    0.0000000000    0.0000000000    0.0000000000    0.0000000000    0.0000000000    0.0000000000    0.0000000000    0.0000000000    0.0000000000    0.0000000000    0.0000000000
  0.0000000000    0.0000000000    0.0000000000    0.0000000000    0.0000000000    0.0000000000    0.0000000000    0.0000000000    0.0000000000    0.0000000000    0.0000000000    0.0000000000    0.0000000000    0.0000000000    0.0000000000    0.0000000000    0.0000000000    0.0000000000    0.0000000000    0.0000000000    0.0000000000    0.0000000000    0.0000000000    0.0000000000    0.0000000000    0.0000000000    0.0000000000    0.0000000000    0.0000000000    0.0000000000    0.0000000000    0.0000000000    0.0000000000    0.0000000000    0.0000000000    0.0000000000    0.0000000000    0.0000000000    0.0000000000    0.0000000000    0.0000000000    0.0000000000    0.0000000000    0.0000000000    0.0000000000    0.0000000000    0.0000000000    0.0000000000    0.0000000000    0.0000000000    0.0000000000    0.0000000000    0.0000000000    0.0000000000    0.0000000000    0.0000000000    0.0000000000    0.0000000000    0.0000000000    0.0000000000    0.0000000000    0.0000000000    0.0000000000    0.0000000000    0.0000000000    0.0000000000    0.0000000000    0.0000000000    0.0000000000    0.0000000000    0.0000000000    0.0000000000    0.0000000000    0.0000000000    0.0000000000    0.0000000000    0.0000000000    0.0000000000    0.0000000000    0.0000000000
  0.0000000000    0.0000000000    0.0000000000    0.0000000000    0.0000000000    0.0000000000    0.0000000000    0.0000000000    0.0000000000    0.0000000000    0.0000000000    0.0000000000    0.0000000000    0.0000000000    0.0000000000    0.0000000000    0.0000000000    0.0000000000    0.0000000000    0.0000000000    0.0000000000    0.0000000000    0.0000000000    0.0000000000    0.0000000000    0.0000000000    0.0000000000    0.0000000000    0.0000000000    0.0000000000    0.0000000000    0.0000000000    0.0000000000    0.0000000000    0.0000000000    0.0000000000    0.0000000000    0.0000000000    0.0000000000    0.0000000000    0.0000000000    0.0000000000    0.0000000000    0.0000000000    0.0000000000    0.0000000000    0.0000000000    0.0000000000    0.0000000000    0.0000000000    0.0000000000    0.0000000000    0.0000000000    0.0000000000    0.0000000000    0.0000000000    0.0000000000    0.0000000000    0.0000000000    0.0000000000    0.0000000000    0.0000000000    0.0000000000    0.0000000000    0.0000000000    0.0000000000    0.0000000000    0.0000000000    0.0000000000    0.0000000000    0.0000000000    0.0000000000    0.0000000000    0.0000000000    0.0000000000    0.0000000000    0.0000000000    0.0000000000    0.0000000000    0.0000000000
  0.0000000001    0.0000000000    0.0000000049    0.0000000000   -0.0000000015   -0.0000000000    0.0000000000    0.0000000021   -0.0000000000    0.0007634690   -0.0000000000    0.0000000001    0.0000000029    0.0000000000   -0.0000000005    0.0000000000    0.0000000000   -0.0000000011    0.0000000001   -0.0000000000    0.0000000000    0.0000000005    0.0000000000    0.0000000000   -0.0000000034    0.0000000000   -0.0000000000   -0.0000000008   -0.0000000017    0.0000000000    0.0024695688    0.0000000000    0.0000000012   -0.0000000000    0.0001284050    0.0000000000    0.0000000000    0.0000000003    0.0000000233   -0.0000000000    0.0000000000   -0.0000000000    0.0000000000   -0.0005985524   -0.0000000029   -0.0000000000   -0.0000000030   -0.0000000000   -0.0000000000   -0.0000000001   -0.0000000033   -0.0000000000    0.0000000000    0.0000000028    0.0000000000   -0.0000000016   -0.0000000000    0.0000000000    0.0000000003    0.0000000000    0.0000000020    0.0000000000    0.0000000000   -0.0000676269   -0.0000000000    0.0000000026    0.0000000088    0.0000000000   -0.0000000000    0.0000000000    0.0000000000   -0.0000000007   -0.0000000002    0.0000000000    0.0000000000   -0.0000000009    0.0000000015   -0.0000000000    0.0000000000    0.0001461768
  0.0000000000   -0.0000000001    0.0000000000    0.0000000011   -0.0000000000   -0.0000000007   -0.0000000016   -0.0000000000    0.0007503982    0.0000000000   -0.0000000004   -0.0000000000   -0.0000000000    0.0000000004    0.0000000000    0.0000000005   -0.0000000003   -0.0000000000    0.0000000000    0.0000000000   -0.0000000006    0.0000000000   -0.0000000000    0.0000000001    0.0000000000   -0.0000000006   -0.0000000013    0.0000000000   -0.0000000000   -0.0000000001    0.0000000000   -0.0024272838   -0.0000000000   -0.0000000009    0.0000000000   -0.0001262074   -0.0000000002    0.0000000000    0.0000000000    0.0000000232   -0.0000000000   -0.0000000012    0.0005883000    0.0000000000    0.0000000000    0.0000000008   -0.0000000000   -0.0000000019    0.0000000017    0.0000000000   -0.0000000000    0.0000000015   -0.0000000002    0.0000000000   -0.0000000012   -0.0000000000    0.0000000000    0.0000000015    0.0000000000   -0.0000000002   -0.0000000000    0.0000000006   -0.0000664672   -0.0000000000    0.0000000020    0.0000000000   -0.0000000000    0.0000000087   -0.0000000000   -0.0000000006    0.0000000002    0.0000000000   -0.0000000000    0.0000000005    0.0000000004    0.0000000000   -0.0000000000    0.0000000010    0.0001436744   -0.0000000000
  0.0000000000    0.0000000001    0.0000000000    0.0000000024    0.0000000000   -0.0051940338   -0.0000000020   -0.0000000000    0.0000000004    0.0000000000    0.0000000005    0.0000000000    0.0000000000    0.0000000004   -0.0000000000   -0.0000000028   -0.0042033030   -0.0000000001    0.0000000000   -0.0000000000   -0.0000000004   -0.0000000000    0.0000000000   -0.0000000001    0.0000000000   -0.0000000017   -0.0000000017    0.0000000000    0.0000000000   -0.0028214427    0.0000000000   -0.0000000004    0.0000000000    0.0000000007    0.0000000000    0.0000000001   -0.0000000166    0.0000000000   -0.0000000000   -0.0000000002   -0.0000000000    0.0000000008    0.0000000006    0.0000000000   -0.0000000000   -0.0010943585   -0.0000000000    0.0000000012   -0.0000000014    0.0000000000    0.0000000000   -0.0000000018   -0.0008923894   -0.0000000000    0.0000000006   -0.0000000000   -0.0000000000   -0.0000000010    0.0000000000   -0.0000000059    0.0000000000   -0.0000000014    0.0000000003    0.0000000000   -0.0000000007   -0.0000000000   -0.0000000000   -0.0000000000    0.0000000000    0.0000000004   -0.0000000007   -0.0000000000   -0.0000000000    0.0002224389   -0.0000000004   -0.0000000000   -0.0000000000   -0.0000000006   -0.0000000003    0.0000000000
  0.0000000005   -0.0000000000   -0.0000000034   -0.0000000000    0.0052845139    0.0000000000    0.0000000000   -0.0000000094   -0.0000000000   -0.0000000012   -0.0000000000    0.0000000019   -0.0000000011   -0.0000000000    0.0000000049   -0.0000000000   -0.0000000001    0.0042765296    0.0000000001    0.0000000000    0.0000000000   -0.0000000007    0.0000000001   -0.0000000000    0.0000000017   -0.0000000000    0.0000000000    0.0000000059    0.0028705959    0.0000000000    0.0000000006   -0.0000000000    0.0000000011   -0.0000000000    0.0000000019    0.0000000000    0.0000000000    0.0000000170   -0.0000000002    0.0000000000   -0.0000000002    0.0000000000   -0.0000000000    0.0000000056   -0.0011134196    0.0000000000    0.0000000051   -0.0000000000    0.0000000000    0.0000000004    0.0000000051    0.0000000000    0.0000000000   -0.0009079395   -0.0000000000    0.0000000025    0.0000000003   -0.0000000000    0.0000000062    0.0000000000   -0.0000000024   -0.0000000000   -0.0000000000    0.0000000025    0.0000000000   -0.0000000032   -0.0000000004   -0.0000000000    0.0000000001   -0.0000000000   -0.0000000000    0.0000000018   -0.0002263129   -0.0000000000   -0.0000000000    0.0000000015   -0.0000000024    0.0000000000    0.0000000000    0.0000000002
 -0.0000000919    0.0000000000    0.0000000068   -0.0000000000   -0.0000000075    0.0000000000    0.0000000020    0.0054146179   -0.0000000000    0.0000000038    0.0000000006   -0.0006983304    0.0000000095   -0.0000000000    0.0000000042   -0.0000000000    0.0000000000   -0.0000000087   -0.0000000002   -0.0000000000    0.0000000008    0.0021705933   -0.0000003222    0.0000000000   -0.0000000119    0.0000000000    0.0000000015   -0.0040956009   -0.0000000008    0.0000000000   -0.0000000048    0.0000000000    0.0002882060    0.0000000001   -0.0000000217   -0.0000000000   -0.0000000000   -0.0000000061   -0.0000000065    0.0000000000    0.0000000052    0.0000000000    0.0000000000   -0.0000000622   -0.0000000537   -0.0000000000   -0.0000000424    0.0000000000   -0.0000000000   -0.0000000338   -0.0008493719   -0.0000000003    0.0000000000    0.0000000370    0.0000000000   -0.0000000263   -0.0000000062   -0.0000000000   -0.0000000049   -0.0000000000   -0.0013488281    0.0000000005    0.0000000000   -0.0000000131   -0.0000000000    0.0000000441    0.0000000041    0.0000000000   -0.0000000070    0.0000000000    0.0000000000   -0.0000000044    0.0000000041   -0.0000000000    0.0000000001    0.0002622994   -0.0007164795    0.0000000003    0.0000000000   -0.0000000148
  0.0000000000    0.0000000911   -0.0000000000   -0.0000000013    0.0000000000    0.0000000014    0.0053219124   -0.0000000020   -0.0000000016   -0.0000000000   -0.0006863779   -0.0000000006   -0.0000000000   -0.0000000000   -0.0000000000   -0.0000000017   -0.0000000003    0.0000000000    0.0000000000   -0.0000000002    0.0021334325   -0.0000000008    0.0000000000    0.0000003160    0.0000000000    0.0000000007    0.0040254784    0.0000000015    0.0000000000    0.0000000003    0.0000000000    0.0000000015   -0.0000000001    0.0002832607    0.0000000000   -0.0000000001    0.0000000001    0.0000000000    0.0000000000    0.0000000000   -0.0000000000    0.0000000025   -0.0000000004    0.0000000000    0.0000000000   -0.0000000018    0.0000000000    0.0000000048   -0.0000000298    0.0000000000    0.0000000003   -0.0008347843    0.0000000006   -0.0000000000    0.0000000031    0.0000000000    0.0000000000   -0.0000000030    0.0000000000    0.0000000000    0.0000000005    0.0013257700   -0.0000000007    0.0000000000   -0.0000000046   -0.0000000000   -0.0000000000   -0.0000000000    0.0000000000    0.0000000058    0.0000000003    0.0000000000   -0.0000000000   -0.0000000017    0.0002578264   -0.0000000001    0.0000000003    0.0007042219    0.0000000001    0.0000000000
  0.0000000005    0.0000000000    0.0000000038   -0.0000000000   -0.0000000022    0.0000000000    0.0000000000    0.0000000011   -0.0000000000    0.0012819413    0.0000000000   -0.0000000051   -0.0000000044    0.0000000000    0.0000000004   -0.0000000000   -0.0000000000   -0.0000000012   -0.0000000000   -0.0000000000    0.0000000000   -0.0000000010   -0.0000000001   -0.0000000000   -0.0000000044    0.0000000000    0.0000000000   -0.0000000004   -0.0000000016    0.0000000000    0.0022616824    0.0000000000   -0.0000000039    0.0000000000    0.0010146303    0.0000000000    0.0000000000    0.0000000009    0.0000000191   -0.0000000000   -0.0000000005    0.0000000000    0.0000000000   -0.0006106563   -0.0000000007    0.0000000000   -0.0000000025    0.0000000000   -0.0000000000    0.0000000005   -0.0000000032   -0.0000000000    0.0000000000    0.0000000026    0.0000000000   -0.0000000013    0.0000000003   -0.0000000000    0.0000000001    0.0000000000   -0.0000000007   -0.0000000000   -0.0000000002    0.0011099238    0.0000000000   -0.0000000000   -0.0000000086   -0.0000000000    0.0000000001   -0.0000000000    0.0000000000   -0.0000000031   -0.0000000027   -0.0000000000   -0.0000000000    0.0000000008    0.0000000029   -0.0000000000   -0.0000000000    0.0005660973
  0.0000000000    0.0000000001    0.0000000000    0.0000000012   -0.0000000000    0.0000000002   -0.0000000011   -0.0000000000    0.0012599965    0.0000000000    0.0000000015    0.0000000000   -0.0000000000   -0.0000000013    0.0000000000    0.0000000004    0.0000000003   -0.0000000000   -0.0000000000    0.0000000001    0.0000000008   -0.0000000000   -0.0000000000    0.0000000002   -0.0000000000   -0.0000000010   -0.0000000006    0.0000000000   -0.0000000000    0.0000000004    0.0000000000   -0.0022229573    0.0000000000    0.0000000012    0.0000000000   -0.0009972579   -0.0000000002    0.0000000000    0.0000000000    0.0000000183   -0.0000000000   -0.0000000019    0.0006001983    0.0000000000    0.0000000000    0.0000000004   -0.0000000000   -0.0000000032    0.0000000025    0.0000000000   -0.0000000000    0.0000000035   -0.0000000003    0.0000000000   -0.0000000017   -0.0000000000    0.0000000000    0.0000000022    0.0000000000   -0.0000000000   -0.0000000000    0.0000000022    0.0010909213    0.0000000002    0.0000000033    0.0000000000    0.0000000000   -0.0000000081   -0.0000000000   -0.0000000008    0.0000000003    0.0000000000   -0.0000000000    0.0000000005    0.0000000011    0.0000000000    0.0000000000    0.0000000012    0.0005564024    0.0000000000
 -0.0000000009   -0.0000000000   -0.0087007437    0.0000000001    0.0000000030   -0.0000000000   -0.0000000000   -0.0000000043    0.0000000000   -0.0000000075    0.0000000000   -0.0000000018    0.0002426036   -0.0000000000   -0.0022526479   -0.0000000000   -0.0000000000    0.0000000061   -0.0000001299   -0.0000000000    0.0000000000    0.0000000020   -0.0000000001    0.0000000000    0.0064107578   -0.0000000001   -0.0000000000    0.0000000002   -0.0000000000   -0.0000000000   -0.0000000016   -0.0000000000   -0.0000000086    0.0000000000    0.0000000139    0.0000000000    0.0000000000    0.0000000031    0.0000000033   -0.0000000000    0.0000000252   -0.0000000000   -0.0000000000    0.0000000369    0.0000000291    0.0000000000   -0.0013525437   -0.0000000000   -0.0000000000    0.0000000038    0.0000000290   -0.0000000000   -0.0000000000   -0.0000000230    0.0000000000    0.0015309943   -0.0000000107    0.0000000000    0.0000000026    0.0000000000   -0.0000000217   -0.0000000000   -0.0000000000    0.0000000099    0.0000000027   -0.0011525057   -0.0000000022   -0.0000000000    0.0000000016   -0.0000000000   -0.0000000001    0.0001516614    0.0000000004    0.0000000000   -0.0000000000    0.0000000108   -0.0000000095   -0.0000000000   -0.0000000000    0.0000000060
 -0.0000000000    0.0000000001   -0.0000000001   -0.0085517707    0.0000000000    0.0000000018    0.0000000015   -0.0000000000   -0.0000000014   -0.0000000000    0.0000000003    0.0000000000    0.0000000000    0.0002384553   -0.0000000000    0.0022140738   -0.0000000026    0.0000000000   -0.0000000000    0.0000001265    0.0000000004    0.0000000000   -0.0000000000   -0.0000000002    0.0000000001    0.0063009832    0.0000000018    0.0000000000    0.0000000000    0.0000000011   -0.0000000000    0.0000000015   -0.0000000000    0.0000000001    0.0000000000   -0.0000000010    0.0000000000    0.0000000000    0.0000000000   -0.0000000001    0.0000000000    0.0000000263   -0.0000000024    0.0000000000    0.0000000000    0.0000000008   -0.0000000000    0.0013294079    0.0000000020    0.0000000000    0.0000000000    0.0000000025    0.0000000001   -0.0000000000   -0.0015047650    0.0000000000   -0.0000000000   -0.0000000122   -0.0000000000    0.0000000000   -0.0000000000    0.0000000021   -0.0000000008   -0.0000000000    0.0011327474    0.0000000027   -0.0000000000   -0.0000000000   -0.0000000000   -0.0000000007    0.0001490616    0.0000000001    0.0000000000   -0.0000000009    0.0000000006    0.0000000000   -0.0000000000    0.0000000009    0.0000000010    0.0000000000
  0.0000000090   -0.0000000000    0.0000000052    0.0000000000    0.0000000050   -0.0000000000   -0.0000000000   -0.0000000024    0.0000000000   -0.0000000143   -0.0000000000    0.0000000004   -0.0000000001   -0.0000000000    0.0000000004   -0.0000000000   -0.0000000000    0.0000000002    0.0000000105   -0.0000000000    0.0000000000   -0.0000000001   -0.0000000030    0.0000000000   -0.0000000002   -0.0000000000   -0.0000000000    0.0000000000    0.0000000012   -0.0000000000   -0.0000000224   -0.0000000000    0.0000000006   -0.0000000000   -0.0000000407   -0.0000000000   -0.0000000000   -0.0000000011    0.0015273992   -0.0000000000    0.0000000006   -0.0000000000   -0.0000000000    0.0000000022   -0.0000000014   -0.0000000000   -0.0000000010   -0.0000000000    0.0000000000   -0.0000000005   -0.0000000010    0.0000000000   -0.0000000000    0.0000000007    0.0000000000   -0.0000000011    0.0000000008   -0.0000000000   -0.0000000003   -0.0000000000    0.0000000014    0.0000000000   -0.0000000000    0.0000000002   -0.0000000000    0.0000000014   -0.0008140388   -0.0000000000   -0.0000000007    0.0000000000   -0.0000000000    0.0000000007    0.0000000003   -0.0000000000    0.0000000000   -0.0000000009   -0.0000000001    0.0000000000   -0.0000000000    0.0000000001
 -0.0000000000    0.0000000058    0.0000000000    0.0000000001   -0.0000000000   -0.0000000015    0.0000000003   -0.0000000000   -0.0000000142   -0.0000000000   -0.0000000000   -0.0000000000   -0.0000000000   -0.0000000002    0.0000000000    0.0000000001    0.0000000001    0.0000000000   -0.0000000000   -0.0000000021    0.0000000000    0.0000000000    0.0000000000   -0.0000000021   -0.0000000000    0.0000000000    0.0000000000   -0.0000000000   -0.0000000000   -0.0000000004   -0.0000000000    0.0000000217    0.0000000000   -0.0000000001   -0.0000000000    0.0000000395    0.0000000002   -0.0000000000    0.0000000000    0.0015012472    0.0000000000   -0.0000000000   -0.0000000037   -0.0000000000    0.0000000000    0.0000000001    0.0000000000   -0.0000000002    0.0000000003    0.0000000000    0.0000000000    0.0000000003    0.0000000000   -0.0000000000   -0.0000000001   -0.0000000000    0.0000000000    0.0000000004    0.0000000000   -0.0000000002   -0.0000000000    0.0000000003   -0.0000000000   -0.0000000000    0.0000000003    0.0000000000    0.0000000000   -0.0008001000   -0.0000000000   -0.0000000002   -0.0000000000   -0.0000000000   -0.0000000000    0.0000000001    0.0000000002    0.0000000000    0.0000000000    0.0000000000    0.0000000010   -0.0000000000
