# rstack: amplitudes  shape=(nroots=16, nocc_full=16, nvirt=80)
# nfrozen=4 (rows 0..3 are zero)  nocc_active=12
# Each block: root N (1-based), energy, then nocc_full rows of nvirt values

# Root 1  E=0.2540383483 Ha  6.912739 eV
  0.0000000000    0.0000000000    0.0000000000    0.0000000000    0.0000000000    0.0000000000    0.0000000000    0.0000000000    0.0000000000    0.0000000000    0.0000000000    0.0000000000    0.0000000000    0.0000000000    0.0000000000    0.0000000000    0.0000000000    0.0000000000    0.0000000000    0.0000000000    0.0000000000    0.0000000000    0.0000000000    0.0000000000    0.0000000000    0.0000000000    0.0000000000    0.0000000000    0.0000000000    0.0000000000    0.0000000000    0.0000000000    0.0000000000    0.0000000000    0.0000000000    0.0000000000    0.0000000000    0.0000000000    0.0000000000    0.0000000000    0.0000000000    0.0000000000    0.0000000000    0.0000000000    0.0000000000    0.0000000000    0.0000000000    0.0000000000    0.0000000000    0.0000000000    0.0000000000    0.0000000000    0.0000000000    0.0000000000    0.0000000000    0.0000000000    0.0000000000    0.0000000000    0.0000000000    0.0000000000    0.0000000000    0.0000000000    0.0000000000    0.0000000000    0.0000000000    0.0000000000    0.0000000000    0.0000000000    0.0000000000    0.0000000000    0.0000000000    0.0000000000    0.0000000000    0.0000000000    0.0000000000    0.0000000000    0.0000000000    0.0000000000    0.0000000000    0.0000000000
  0.0000000000    0.0000000000    0.0000000000    0.0000000000    0.0000000000    0.0000000000    0.0000000000    0.0000000000    0.0000000000    0.0000000000    0.0000000000    0.0000000000    0.0000000000    0.0000000000    0.0000000000    0.0000000000    0.0000000000    0.0000000000    0.0000000000    0.0000000000    0.0000000000    0.0000000000    0.0000000000    0.0000000000    0.0000000000    0.0000000000    0.0000000000    0.0000000000    0.0000000000    0.0000000000    0.0000000000    0.0000000000    0.0000000000    0.0000000000    0.0000000000    0.0000000000    0.0000000000    0.0000000000    0.0000000000    0.0000000000    0.0000000000    0.0000000000    0.0000000000    0.0000000000    0.0000000000    0.0000000000    0.0000000000    0.0000000000    0.0000000000    0.0000000000    0.0000000000    0.0000000000    0.0000000000    0.0000000000    0.0000000000    0.0000000000    0.0000000000    0.0000000000    0.0000000000    0.0000000000    0.0000000000    0.0000000000    0.0000000000    0.0000000000    0.0000000000    0.0000000000    0.0000000000    0.0000000000    0.0000000000    0.0000000000    0.0000000000    0.0000000000    0.0000000000    0.0000000000    0.0000000000    0.0000000000    0.0000000000    0.0000000000    0.0000000000    0.0000000000
  0.0000000000    0.0000000000    0.0000000000    0.0000000000    0.0000000000    0.0000000000    0.0000000000    0.0000000000    0.0000000000    0.0000000000    0.0000000000    0.0000000000    0.0000000000    0.0000000000    0.0000000000    0.0000000000    0.0000000000    0.0000000000    0.0000000000    0.0000000000    0.0000000000    0.0000000000    0.0000000000    0.0000000000    0.0000000000    0.0000000000    0.0000000000    0.0000000000    0.0000000000    0.0000000000    0.0000000000    0.0000000000    0.0000000000    0.0000000000    0.0000000000    0.0000000000    0.0000000000    0.0000000000    0.0000000000    0.0000000000    0.0000000000    0.0000000000    0.0000000000    0.0000000000    0.0000000000    0.0000000000    0.0000000000    0.0000000000    0.0000000000    0.0000000000    0.0000000000    0.0000000000    0.0000000000    0.0000000000    0.0000000000    0.0000000000    0.0000000000    0.0000000000    0.0000000000    0.0000000000    0.0000000000    0.0000000000    0.0000000000    0.0000000000    0.0000000000    0.0000000000    0.0000000000    0.0000000000    0.0000000000    0.0000000000    0.0000000000    0.0000000000    0.0000000000    0.0000000000    0.0000000000    0.0000000000    0.0000000000    0.0000000000    0.0000000000    0.0000000000
  0.0000000000    0.0000000000    0.0000000000    0.0000000000    0.0000000000    0.0000000000    0.0000000000    0.0000000000    0.0000000000    0.0000000000    0.0000000000    0.0000000000    0.0000000000    0.0000000000    0.0000000000    0.0000000000    0.0000000000    0.0000000000    0.0000000000    0.0000000000    0.0000000000    0.0000000000    0.0000000000    0.0000000000    0.0000000000    0.0000000000    0.0000000000    0.0000000000    0.0000000000    0.0000000000    0.0000000000    0.0000000000    0.0000000000    0.0000000000    0.0000000000    0.0000000000    0.0000000000    0.0000000000    0.0000000000    0.0000000000    0.0000000000    0.0000000000    0.0000000000    0.0000000000    0.0000000000    0.0000000000    0.0000000000    0.0000000000    0.0000000000    0.0000000000    0.0000000000    0.0000000000    0.0000000000    0.0000000000    0.0000000000    0.0000000000    0.0000000000    0.0000000000    0.0000000000    0.0000000000    0.0000000000    0.0000000000    0.0000000000    0.0000000000    0.0000000000    0.0000000000    0.0000000000    0.0000000000    0.0000000000    0.0000000000    0.0000000000    0.0000000000    0.0000000000    0.0000000000    0.0000000000    0.0000000000    0.0000000000    0.0000000000    0.0000000000    0.0000000000
 -0.0000000008    0.0003145685    0.0000000015    0.0000000049   -0.0000000061    0.0000000510   -0.0000000059   -0.0101031292    0.0000000004   -0.0000000073    0.0000000395    0.0075366055    0.0000000193   -0.0000000135    0.0000000071   -0.0000000435   -0.0000000187   -0.0000000027    0.0000000003   -0.0000000266   -0.0042191069   -0.0000000326   -0.0000000098   -0.0000000115    0.0000000016    0.0000000095    0.0073786426    0.0000000024   -0.0000000111   -0.0000000069    0.0000000008   -0.0046642990   -0.0000000619   -0.0060337590   -0.0000000021   -0.0000000106    0.0000000152   -0.0000000156   -0.0000000046   -0.0000000151   -0.0000000156    0.0000000483    0.0000000063    0.0000000045   -0.0000000136   -0.0000000032   -0.0000000011   -0.0000000166   -0.0000000100   -0.0000000078   -0.0016218960   -0.0000000010   -0.0000000044    0.0006329240   -0.0000000010   -0.0000000041   -0.0000000190   -0.0000000317   -0.0000000064    0.0000000148    0.0000000103   -0.0002873456    0.0000000032   -0.0000000002    0.0000000196   -0.0000000395   -0.0000000074    0.0000000057    0.0000000059   -0.0000155705    0.0000000013    0.0000000408   -0.0000000008   -0.0000000020    0.0000000029   -0.0009345687   -0.0000000290    0.0004275957    0.0000000055    0.0000000086
 -0.0023095526   -0.0000000332    0.0000000156    0.0000000079   -0.0000000069   -0.0102359141    0.0000000003    0.0000000988    0.0000000069   -0.0000000009   -0.0078828681   -0.0000000755   -0.0000000545    0.0000000191   -0.0000000090    0.0000000205   -0.0000000062    0.0000000147    0.0000000193    0.0020654645    0.0000000128    0.0021190183    0.0000000013    0.0068596884   -0.0000000247   -0.0000000039   -0.0000000865    0.0000000075   -0.0000000014   -0.0000000047   -0.0000000220    0.0000000552    0.0091139070    0.0000000358   -0.0000000064   -0.0000000040    0.0000000373   -0.0000000275   -0.0000000073   -0.0000000034   -0.0000000359    0.0000000109    0.0000000026   -0.0000000025   -0.0000000144    0.0000000008    0.0000000064   -0.0000000045   -0.0001535266   -0.0017717623    0.0000000210   -0.0000000075    0.0000000015   -0.0000000049    0.0000000180    0.0000000051   -0.0000000272   -0.0000000188   -0.0000000070    0.0000000058    0.0004343827    0.0000000033   -0.0000000039    0.0000000051    0.0000000369   -0.0000000229   -0.0000000040    0.0000000080    0.0000565415    0.0000000056    0.0000000295   -0.0000000058    0.0000000047    0.0000000136    0.0009101851    0.0000000191   -0.0004567156   -0.0000000337   -0.0000000057   -0.0000000099
 -0.0000000148    0.0000000141   -0.0000000298    0.0000000032    0.0133775058    0.0000000228   -0.0000000106   -0.0000000062   -0.0000000115    0.0000000026   -0.0000000084    0.0000000511    0.0000000935   -0.0000000664    0.0000000113    0.0026315793    0.0047282228   -0.0000000074    0.0000000186    0.0000000298    0.0000000513   -0.0000000317    0.0000000112   -0.0000000195    0.0000000034    0.0043521901   -0.0000000200    0.0000000051    0.0000000046    0.0000000161   -0.0055939300   -0.0000000637    0.0000000312   -0.0000000913   -0.0000000014   -0.0000000122    0.0000000216    0.0000000053   -0.0000000275   -0.0000000122   -0.0000000267    0.0000262198    0.0000000148   -0.0000000122   -0.0000000167   -0.0000000117    0.0000000184   -0.0006227422   -0.0000001022   -0.0000000345    0.0000000466   -0.0000000127    0.0000000049   -0.0000001673   -0.0000000008   -0.0001327266   -0.0000000270    0.0002027800    0.0000000110    0.0000000123    0.0000000024   -0.0000000664   -0.0000000049    0.0000000014    0.0000000186    0.0002468527   -0.0000000302   -0.0000000010   -0.0000000317   -0.0000000202    0.0000000035    0.0000756249    0.0000000109    0.0000000108    0.0000000109    0.0000000561   -0.0000000450   -0.0000001012    0.0000000047   -0.0000000039
  0.0000001130   -0.0000000928    0.0154554761    0.0000000181   -0.0000001719   -0.0000000306   -0.0000000021   -0.0000000074   -0.0000000053    0.0000000033    0.0000000156   -0.0000000099   -0.0076991594   -0.0012560271    0.0000000147    0.0000000220   -0.0000000845   -0.0000000062    0.0023121540   -0.0000000511   -0.0000000584    0.0000000875   -0.0060030904    0.0000000547    0.0000000186   -0.0000000647   -0.0000000183   -0.0000000043    0.0000000028   -0.0000000096   -0.0000000127    0.0000000428   -0.0000000550   -0.0000000125   -0.0000000414    0.0000000024   -0.0000000028    0.0000000120    0.0000000290   -0.0000000626    0.0007834057   -0.0000000508   -0.0000000185    0.0000000338    0.0003008693   -0.0000000231    0.0000000146   -0.0000000342   -0.0000000998   -0.0000000300    0.0000000353    0.0000000134   -0.0000000196   -0.0000000465   -0.0000690166    0.0000000250    0.0000110115    0.0000000295    0.0000000077   -0.0000000068   -0.0000000385    0.0000000027    0.0000000054   -0.0000000031    0.0002230164    0.0000000617   -0.0000000103    0.0000000276   -0.0000000025   -0.0000000206   -0.0000515843    0.0000000034   -0.0000000036    0.0000000128    0.0000000564   -0.0000000270   -0.0000000743   -0.0000000136    0.0000000072   -0.0000000045
 -0.0000000172   -0.0000000028   -0.0000000248    0.0000000037    0.0000000026   -0.0000000037   -0.0000000133   -0.0000000100   -0.0000000681    0.0131185043    0.0000000329   -0.0000000136    0.0000000148    0.0000000035   -0.0000000092    0.0000000013   -0.0000000064   -0.0000000016    0.0000000026   -0.0000000111    0.0000000079   -0.0000000113    0.0000000030   -0.0000000068   -0.0000000013    0.0000000003   -0.0000000033   -0.0000000442    0.0000000041    0.0069545205    0.0000000152    0.0000000136   -0.0000000303    0.0000000029    0.0000000094   -0.0011380305    0.0000000111   -0.0000000144    0.0000000151    0.0006907668   -0.0000000194   -0.0000000014    0.0000000128    0.0011636379   -0.0000000041   -0.0000000030    0.0000000091    0.0000000046    0.0000000156    0.0000000114    0.0000000025   -0.0000000016   -0.0000000050   -0.0000000022    0.0000000050   -0.0000000012   -0.0000000208    0.0000000161    0.0000000095   -0.0000000128   -0.0000000093   -0.0000000025   -0.0000000143   -0.0001728247   -0.0000000007   -0.0000000067    0.0000000200    0.0000158055    0.0000000004    0.0000000012   -0.0000000022   -0.0000000008   -0.0000000017    0.0000000024   -0.0000000009    0.0000000067    0.0000000104   -0.0000000060   -0.0000000086   -0.0007702576
  0.0000000292   -0.0000000195   -0.0000000125   -0.0000000021    0.0000000064    0.0000000054    0.0000000025    0.0000000014    0.0144257348   -0.0000001028   -0.0000000035    0.0000000275    0.0000000095    0.0000000082    0.0000000065    0.0000000015    0.0000000027   -0.0000000123    0.0000000039    0.0000000031   -0.0000000142    0.0000000058   -0.0000000001   -0.0000000024    0.0000000084    0.0000000051    0.0000000102    0.0074547978   -0.0000000028   -0.0000000303    0.0000000079   -0.0000000231    0.0000000040   -0.0000000117    0.0010611901    0.0000000214    0.0000000058    0.0000000017   -0.0005389574   -0.0000000054   -0.0000000307   -0.0000000085   -0.0013203247   -0.0000000127   -0.0000000045   -0.0000000009    0.0000000025   -0.0000000042   -0.0000000061   -0.0000000052   -0.0000000091   -0.0000000049    0.0000000003    0.0000000183   -0.0000000046   -0.0000000000   -0.0000000104    0.0000000029   -0.0000000112    0.0000000103    0.0000000038   -0.0000000008    0.0001935474   -0.0000000147    0.0000000028    0.0000000067    0.0000181370   -0.0000000286    0.0000000007    0.0000000009    0.0000000053   -0.0000000003    0.0000000019   -0.0000000040    0.0000000024   -0.0000000052   -0.0000000077    0.0000000069   -0.0007731028    0.0000000245
 -0.0000000515    0.0005977198   -0.0000000058   -0.0000000010   -0.0000000121    0.0000000116   -0.0000000004    0.0008122897   -0.0000000177   -0.0000000031    0.0000001027    0.0195482987   -0.0000000250   -0.0000000071    0.0000000152    0.0000000323    0.0000000025    0.0000000140   -0.0000000019   -0.0000000277   -0.0073718875   -0.0000000427    0.0000000117    0.0000000014   -0.0000000048    0.0000000057    0.0062522823   -0.0000000142   -0.0000000003   -0.0000000051   -0.0000000515   -0.0160553207   -0.0000000755   -0.0083010455   -0.0000000004    0.0000000041   -0.0000000193    0.0000000114    0.0000000088    0.0000000086    0.0000000061   -0.0000000187   -0.0000000023   -0.0000000035    0.0000000135    0.0000000078    0.0000000001    0.0000000153    0.0000000153    0.0000000167   -0.0017560487   -0.0000000027   -0.0000000035    0.0007058749    0.0000000007   -0.0000000096    0.0000000151    0.0000000042   -0.0000000167    0.0000000154   -0.0000000086   -0.0006108298   -0.0000000058    0.0000000007   -0.0000000021    0.0000000214    0.0000000098   -0.0000000043   -0.0000000054   -0.0001793826   -0.0000000072   -0.0000000128    0.0000000029   -0.0000000041   -0.0000000054   -0.0008518590    0.0000000209    0.0005524053   -0.0000000018   -0.0000000047
 -0.0026165292    0.0000000368    0.0000000103   -0.0000000033    0.0000000039   -0.0025454815    0.0000000057   -0.0000000324   -0.0000000029   -0.0000000153    0.0201461783    0.0000002375   -0.0000000437    0.0000000184    0.0000000117    0.0000000039    0.0000000157   -0.0000000464   -0.0000000598   -0.0076885595   -0.0000000684   -0.0036126281   -0.0000000243   -0.0011310776   -0.0000000011   -0.0000000044    0.0000000778   -0.0000000042    0.0000000009   -0.0000000135   -0.0000000062   -0.0000001573   -0.0185399505   -0.0000000944   -0.0000000019   -0.0000000031    0.0000000187   -0.0000000079   -0.0000000003   -0.0000000082   -0.0000000280   -0.0000000078    0.0000000041    0.0000000007   -0.0000000222    0.0000000021    0.0000000080   -0.0000000096    0.0004043922    0.0018424811   -0.0000000115   -0.0000000019    0.0000000075    0.0000000091   -0.0000000123    0.0000000060    0.0000000028   -0.0000000127    0.0000000110   -0.0000000046   -0.0007349607    0.0000000078   -0.0000000050    0.0000000067    0.0000000074    0.0000000045    0.0000000004    0.0000000113   -0.0001786585   -0.0000000060    0.0000000072    0.0000000056    0.0000000016   -0.0000000176   -0.0008286999   -0.0000000016    0.0006031894   -0.0000000142   -0.0000000039   -0.0000000046
 -0.0000000222    0.0000001278   -0.0000000028    0.0000000385   -0.0000000007   -0.0000000039    0.0018399807   -0.0000000127    0.0000000059   -0.0000000249    0.0000000023    0.0000000076    0.0000000006    0.0000000005   -0.0000001211    0.0000000072   -0.0000000072   -0.0152261535   -0.0000000040    0.0000000613    0.0000000130    0.0000000039    0.0000000070    0.0000000014    0.0000000026   -0.0000000006   -0.0000000114    0.0000000077   -0.0054334576   -0.0000000012    0.0000000020   -0.0000000045   -0.0000000010    0.0000000020   -0.0000000004    0.0000000132   -0.0000000189   -0.0009361548    0.0000000043    0.0000000322   -0.0000000029   -0.0000000070   -0.0000000108   -0.0000000046   -0.0000000006   -0.0000000313    0.0019444659    0.0000000090    0.0000000145   -0.0000000033   -0.0000000000    0.0000000118    0.0033576267   -0.0000000233   -0.0000000015   -0.0000000085    0.0000000022    0.0000000056    0.0000000023   -0.0000306234   -0.0000000011   -0.0000000088    0.0000000013   -0.0000000049    0.0000000043   -0.0000000003    0.0000000054   -0.0000000268    0.0000000039   -0.0000000136    0.0000000019   -0.0000000106    0.0000000012   -0.0014957482    0.0000000294    0.0000000032    0.0000000014    0.0000000038   -0.0000000026    0.0000000101
 -0.0000000574    0.0000001316    0.0000000017    0.0045918625    0.0000000032    0.0000000065    0.0000000084   -0.0000000254   -0.0000000057   -0.0000000063   -0.0000000156   -0.0000000032    0.0000000119   -0.0000000006    0.0164172580   -0.0000000379    0.0000000066    0.0000001590   -0.0000000000    0.0000000198    0.0000000176   -0.0000000006   -0.0000000028    0.0000000205    0.0051026958   -0.0000000038    0.0000000037   -0.0000000003    0.0000000699   -0.0000000009   -0.0000000053   -0.0000000033    0.0000000123   -0.0000000064    0.0000000072    0.0000000005    0.0004719470    0.0000000054    0.0000000141    0.0000000097    0.0000000162    0.0000000053    0.0000000013   -0.0000000113    0.0000000843    0.0025164952   -0.0000000100   -0.0000000012    0.0000000291   -0.0000000064    0.0000000050   -0.0033023971   -0.0000000384   -0.0000000224    0.0000000018    0.0000000036    0.0000000141    0.0000000018    0.0001809005    0.0000000230    0.0000000051   -0.0000000004   -0.0000000052    0.0000000003   -0.0000000037   -0.0000000010    0.0000000295   -0.0000000033   -0.0000000018   -0.0000000036   -0.0000000044    0.0000000076    0.0015727518    0.0000000188   -0.0000000069    0.0000000062    0.0000000040   -0.0000000007   -0.0000000130    0.0000000053
 -0.0000004956   -0.0594259050   -0.0000000069   -0.0000000297   -0.0000000015    0.0000000217   -0.0000000416    0.0077154015   -0.0000000104   -0.0000000141   -0.0000000238    0.0009117529   -0.0000000290    0.0000000438    0.0000000823    0.0000000653    0.0000000087   -0.0000000988   -0.0000000673    0.0000001287   -0.0085713569    0.0000000168   -0.0000000816    0.0000000567    0.0000000247    0.0000000533   -0.0051786321   -0.0000000417   -0.0000000334   -0.0000000096   -0.0000001450    0.0042792507   -0.0000000191   -0.0038978040    0.0000000176    0.0000000037    0.0000000193   -0.0000000033   -0.0000000036   -0.0000000086   -0.0000000621    0.0000000850    0.0000000417    0.0000000209   -0.0000000864    0.0000000061   -0.0000000185    0.0000000242   -0.0000001615   -0.0000001329    0.0001035740   -0.0000000403    0.0000000471   -0.0008382172   -0.0000000081    0.0000000625   -0.0000000222   -0.0000000394    0.0000000061    0.0000000048    0.0000000755   -0.0001390844   -0.0000000201    0.0000000199    0.0000000306   -0.0000001132    0.0000000264    0.0000000219   -0.0000000436    0.0006299767    0.0000000747    0.0000000890    0.0000000199   -0.0000000592   -0.0000000399   -0.0000878392   -0.0000000417   -0.0000647007   -0.0000000572   -0.0000000061
 -0.0751217904   -0.0000009091    0.0000000033    0.0000000554   -0.0000000145    0.0068720529    0.0000000325    0.0000000942   -0.0000000087   -0.0000000106   -0.0005896319   -0.0000000242   -0.0000001798    0.0000000351   -0.0000001065    0.0000000507   -0.0000000673    0.0000001225    0.0000001420    0.0151974566   -0.0000001382   -0.0133220558   -0.0000000767   -0.0004593301    0.0000000066    0.0000000028   -0.0000000284   -0.0000000099    0.0000000158   -0.0000000299   -0.0000000445    0.0000000319   -0.0003975314    0.0000000239   -0.0000000168   -0.0000000095    0.0000000117   -0.0000000086   -0.0000000123   -0.0000000046    0.0000001116   -0.0000000775   -0.0000000023   -0.0000000191   -0.0000000551   -0.0000000059   -0.0000000062    0.0000000071   -0.0011759086   -0.0000106379   -0.0000000423   -0.0000000160    0.0000000117    0.0000001618   -0.0000000197    0.0000000317    0.0000000801    0.0000000620   -0.0000000041    0.0000000022   -0.0000798290    0.0000000277   -0.0000000056    0.0000000263   -0.0000001527    0.0000000978    0.0000000050    0.0000000275    0.0004673918    0.0000000511   -0.0000000327   -0.0000000322    0.0000000256   -0.0000000244   -0.0000834780   -0.0000000185    0.0000237641    0.0000000302   -0.0000000212   -0.0000000355

# Root 2  E=0.3031151662 Ha  8.248188 eV
  0.0000000000    0.0000000000    0.0000000000    0.0000000000    0.0000000000    0.0000000000    0.0000000000    0.0000000000    0.0000000000    0.0000000000    0.0000000000    0.0000000000    0.0000000000    0.0000000000    0.0000000000    0.0000000000    0.0000000000    0.0000000000    0.0000000000    0.0000000000    0.0000000000    0.0000000000    0.0000000000    0.0000000000    0.0000000000    0.0000000000    0.0000000000    0.0000000000    0.0000000000    0.0000000000    0.0000000000    0.0000000000    0.0000000000    0.0000000000    0.0000000000    0.0000000000    0.0000000000    0.0000000000    0.0000000000    0.0000000000    0.0000000000    0.0000000000    0.0000000000    0.0000000000    0.0000000000    0.0000000000    0.0000000000    0.0000000000    0.0000000000    0.0000000000    0.0000000000    0.0000000000    0.0000000000    0.0000000000    0.0000000000    0.0000000000    0.0000000000    0.0000000000    0.0000000000    0.0000000000    0.0000000000    0.0000000000    0.0000000000    0.0000000000    0.0000000000    0.0000000000    0.0000000000    0.0000000000    0.0000000000    0.0000000000    0.0000000000    0.0000000000    0.0000000000    0.0000000000    0.0000000000    0.0000000000    0.0000000000    0.0000000000    0.0000000000    0.0000000000
  0.0000000000    0.0000000000    0.0000000000    0.0000000000    0.0000000000    0.0000000000    0.0000000000    0.0000000000    0.0000000000    0.0000000000    0.0000000000    0.0000000000    0.0000000000    0.0000000000    0.0000000000    0.0000000000    0.0000000000    0.0000000000    0.0000000000    0.0000000000    0.0000000000    0.0000000000    0.0000000000    0.0000000000    0.0000000000    0.0000000000    0.0000000000    0.0000000000    0.0000000000    0.0000000000    0.0000000000    0.0000000000    0.0000000000    0.0000000000    0.0000000000    0.0000000000    0.0000000000    0.0000000000    0.0000000000    0.0000000000    0.0000000000    0.0000000000    0.0000000000    0.0000000000    0.0000000000    0.0000000000    0.0000000000    0.0000000000    0.0000000000    0.0000000000    0.0000000000    0.0000000000    0.0000000000    0.0000000000    0.0000000000    0.0000000000    0.0000000000    0.0000000000    0.0000000000    0.0000000000    0.0000000000    0.0000000000    0.0000000000    0.0000000000    0.0000000000    0.0000000000    0.0000000000    0.0000000000    0.0000000000    0.0000000000    0.0000000000    0.0000000000    0.0000000000    0.0000000000    0.0000000000    0.0000000000    0.0000000000    0.0000000000    0.0000000000    0.0000000000
  0.0000000000    0.0000000000    0.0000000000    0.0000000000    0.0000000000    0.0000000000    0.0000000000    0.0000000000    0.0000000000    0.0000000000    0.0000000000    0.0000000000    0.0000000000    0.0000000000    0.0000000000    0.0000000000    0.0000000000    0.0000000000    0.0000000000    0.0000000000    0.0000000000    0.0000000000    0.0000000000    0.0000000000    0.0000000000    0.0000000000    0.0000000000    0.0000000000    0.0000000000    0.0000000000    0.0000000000    0.0000000000    0.0000000000    0.0000000000    0.0000000000    0.0000000000    0.0000000000    0.0000000000    0.0000000000    0.0000000000    0.0000000000    0.0000000000    0.0000000000    0.0000000000    0.0000000000    0.0000000000    0.0000000000    0.0000000000    0.0000000000    0.0000000000    0.0000000000    0.0000000000    0.0000000000    0.0000000000    0.0000000000    0.0000000000    0.0000000000    0.0000000000    0.0000000000    0.0000000000    0.0000000000    0.0000000000    0.0000000000    0.0000000000    0.0000000000    0.0000000000    0.0000000000    0.0000000000    0.0000000000    0.0000000000    0.0000000000    0.0000000000    0.0000000000    0.0000000000    0.0000000000    0.0000000000    0.0000000000    0.0000000000    0.0000000000    0.0000000000
  0.0000000000    0.0000000000    0.0000000000    0.0000000000    0.0000000000    0.0000000000    0.0000000000    0.0000000000    0.0000000000    0.0000000000    0.0000000000    0.0000000000    0.0000000000    0.0000000000    0.0000000000    0.0000000000    0.0000000000    0.0000000000    0.0000000000    0.0000000000    0.0000000000    0.0000000000    0.0000000000    0.0000000000    0.0000000000    0.0000000000    0.0000000000    0.0000000000    0.0000000000    0.0000000000    0.0000000000    0.0000000000    0.0000000000    0.0000000000    0.0000000000    0.0000000000    0.0000000000    0.0000000000    0.0000000000    0.0000000000    0.0000000000    0.0000000000    0.0000000000    0.0000000000    0.0000000000    0.0000000000    0.0000000000    0.0000000000    0.0000000000    0.0000000000    0.0000000000    0.0000000000    0.0000000000    0.0000000000    0.0000000000    0.0000000000    0.0000000000    0.0000000000    0.0000000000    0.0000000000    0.0000000000    0.0000000000    0.0000000000    0.0000000000    0.0000000000    0.0000000000    0.0000000000    0.0000000000    0.0000000000    0.0000000000    0.0000000000    0.0000000000    0.0000000000    0.0000000000    0.0000000000    0.0000000000    0.0000000000    0.0000000000    0.0000000000    0.0000000000
 -0.0004041286    0.0000000393   -0.0000000103   -0.0000000054    0.0000000001   -0.0032809269    0.0000000006   -0.0000001651   -0.0000000030   -0.0000000003   -0.0027343039    0.0000001217   -0.0000000121    0.0000000056   -0.0000000189    0.0000000117   -0.0000000011    0.0000000003    0.0000000180    0.0014958034   -0.0000000718    0.0005272257    0.0000000157    0.0020318465   -0.0000000135    0.0000000007    0.0000001138   -0.0000000014   -0.0000000001   -0.0000000009   -0.0000000059   -0.0000000846    0.0031738548   -0.0000001016   -0.0000000030   -0.0000000007   -0.0000001237    0.0000001058   -0.0000000119   -0.0000000060   -0.0000000174    0.0000000158    0.0000000004   -0.0000000011    0.0000000044    0.0000000033    0.0000000065    0.0000000037   -0.0001663778   -0.0006613275   -0.0000000256    0.0000000031    0.0000000016    0.0000000020    0.0000000113    0.0000000015   -0.0000000146   -0.0000000141    0.0000000520   -0.0000000385    0.0000772647   -0.0000000111   -0.0000000013    0.0000000005    0.0000000219   -0.0000000149   -0.0000000031    0.0000000060    0.0000337469    0.0000000035    0.0000000071   -0.0000000042    0.0000000009    0.0000000057    0.0001652705   -0.0000000080   -0.0002211902   -0.0000000007   -0.0000000020   -0.0000000031
 -0.0000000457   -0.0016121854    0.0000000032   -0.0000000080    0.0000000036   -0.0000001576   -0.0000000078   -0.0033922778    0.0000000009    0.0000000024   -0.0000001279    0.0027696216    0.0000000004   -0.0000000085    0.0000000095   -0.0000000108   -0.0000000035   -0.0000000123    0.0000000091    0.0000000221   -0.0017841310    0.0000000241    0.0000000048    0.0000001141    0.0000000013    0.0000000012    0.0027205665    0.0000000038    0.0000000015    0.0000000029    0.0000000045   -0.0024661412    0.0000001450   -0.0013291756   -0.0000000021   -0.0000000017   -0.0000001083    0.0000001350   -0.0000000019    0.0000000031   -0.0000000041    0.0000000039   -0.0000000013   -0.0000000003    0.0000000037   -0.0000000010    0.0000000039   -0.0000000032    0.0000000083   -0.0000000249   -0.0006909560    0.0000000025   -0.0000000014    0.0001403804   -0.0000000021   -0.0000000052   -0.0000000008   -0.0000000058    0.0000000415   -0.0000000481    0.0000000029   -0.0000622257    0.0000000023   -0.0000000024    0.0000000037   -0.0000000006   -0.0000000042    0.0000000010    0.0000000024   -0.0000665974   -0.0000000042    0.0000000008   -0.0000000002    0.0000000034    0.0000000199   -0.0001530093   -0.0000000131    0.0002126121    0.0000000060    0.0000000019
 -0.0000000080    0.0000000009    0.0046564040    0.0000000020    0.0000002293   -0.0000000050    0.0000000021   -0.0000000078    0.0000000183   -0.0000000007    0.0000000160   -0.0000000114   -0.0037108361    0.0010613110   -0.0000000003    0.0000000604    0.0000000645    0.0000000040    0.0012990779    0.0000000023    0.0000000008    0.0000000167   -0.0015248502    0.0000000303    0.0000000010    0.0000000758   -0.0000000043    0.0000000034   -0.0000000018   -0.0000000050   -0.0000001061    0.0000000184   -0.0000000507   -0.0000000020    0.0000000196    0.0000000011    0.0000000069    0.0000000186   -0.0000001093    0.0000000627   -0.0002303636    0.0000000071   -0.0000000109    0.0000000087    0.0002417393   -0.0000000089   -0.0000000046   -0.0000000141   -0.0000000436   -0.0000000480    0.0000000302   -0.0000000003   -0.0000000013   -0.0000000278   -0.0000628705    0.0000000154   -0.0001778596   -0.0000000094    0.0000000102    0.0000000142    0.0000000181    0.0000000242    0.0000000018    0.0000000092    0.0000995721    0.0000000016    0.0000000031    0.0000000179   -0.0000000045   -0.0000000049    0.0001105644    0.0000000176    0.0000000046   -0.0000000014   -0.0000000043   -0.0000000024   -0.0000000300   -0.0000000265    0.0000000024    0.0000000050
 -0.0000000703    0.0000000713    0.0000002190    0.0000000046    0.0044980713   -0.0000000056   -0.0000000071   -0.0000000144    0.0000000036    0.0000000037   -0.0000000042    0.0000000056   -0.0000000467   -0.0000000272   -0.0000000025    0.0015630623    0.0003322876    0.0000000151    0.0000000829    0.0000000263    0.0000000464   -0.0000000461   -0.0000000848    0.0000000077    0.0000000099    0.0013407859    0.0000000180    0.0000000030    0.0000000111    0.0000000019   -0.0006538960   -0.0000000188    0.0000000045    0.0000000119    0.0000000165   -0.0000000249   -0.0000000014   -0.0000000062   -0.0000001094    0.0000001184    0.0000000820    0.0000083048    0.0000000129   -0.0000000183   -0.0000000233   -0.0000000065    0.0000000012    0.0000401273    0.0000000188   -0.0000000187   -0.0000000035   -0.0000000154    0.0000000144    0.0000000330   -0.0000000216    0.0002420990    0.0000000338    0.0002069230   -0.0000000122    0.0000000002    0.0000000141    0.0000000028   -0.0000000014    0.0000000051   -0.0000000808    0.0000315238   -0.0000000069    0.0000000118   -0.0000000022    0.0000000196   -0.0000000017   -0.0001835291    0.0000000039   -0.0000000091   -0.0000000355    0.0000000063    0.0000000195   -0.0000000136   -0.0000000017   -0.0000000026
 -0.0000000191    0.0000000019    0.0000000178   -0.0000000006   -0.0000000187   -0.0000000012   -0.0000000070    0.0000000014    0.0038679821    0.0000002085    0.0000000096   -0.0000000137    0.0000000223    0.0000000133    0.0000000024   -0.0000000059    0.0000000146   -0.0000000001    0.0000000128    0.0000000029    0.0000000061   -0.0000000014    0.0000000015    0.0000000006    0.0000000021   -0.0000000109   -0.0000000040    0.0016848136    0.0000000011    0.0000001142   -0.0000000267    0.0000000101   -0.0000000091    0.0000000073    0.0000191385   -0.0000000116   -0.0000000102    0.0000000161    0.0001358926    0.0000000364    0.0000000899    0.0000000627   -0.0007829136    0.0000000193    0.0000000024    0.0000000033    0.0000000007   -0.0000000047    0.0000000034   -0.0000000039   -0.0000000018   -0.0000000010    0.0000000016    0.0000000070   -0.0000000035    0.0000000157    0.0000000764   -0.0000000641    0.0000000010   -0.0000000004    0.0000000015    0.0000000025   -0.0000886568   -0.0000000053   -0.0000000040    0.0000000018    0.0002332556   -0.0000000386    0.0000000010    0.0000000018    0.0000000023    0.0000000021    0.0000000015   -0.0000000014   -0.0000000009   -0.0000000015   -0.0000000038    0.0000000027   -0.0002741276   -0.0000000067
  0.0000000030   -0.0000000014   -0.0000000147   -0.0000000149    0.0000000247   -0.0000000026   -0.0000000019    0.0000000003    0.0000002214    0.0038257181   -0.0000000113    0.0000000018    0.0000000334    0.0000000021    0.0000000010    0.0000000058   -0.0000000004   -0.0000000055    0.0000000226    0.0000000045   -0.0000000017    0.0000000040    0.0000000021    0.0000000009   -0.0000000050   -0.0000000022    0.0000000010    0.0000001118    0.0000000008    0.0015636182   -0.0000000522   -0.0000000017    0.0000000117   -0.0000000060    0.0000000231   -0.0002384824   -0.0000000095    0.0000000092   -0.0000000142   -0.0001059251    0.0000000666    0.0000000708   -0.0000000211    0.0007368766    0.0000000036   -0.0000000011    0.0000000025    0.0000000015    0.0000000075    0.0000000028    0.0000000007    0.0000000004   -0.0000000003   -0.0000000072   -0.0000000058    0.0000000167    0.0000000602   -0.0000000764    0.0000000080   -0.0000000050   -0.0000000020   -0.0000000015   -0.0000000013    0.0000771555   -0.0000000026    0.0000000017    0.0000000350    0.0002309165    0.0000000017   -0.0000000019   -0.0000000004    0.0000000009   -0.0000000013    0.0000000010    0.0000000004    0.0000000008    0.0000000043   -0.0000000043   -0.0000000175   -0.0002797645
 -0.0004040256   -0.0000000374    0.0000000044    0.0000000142    0.0000000023   -0.0010561502   -0.0000000220    0.0000000046   -0.0000000001   -0.0000000058   -0.0086889883    0.0000003183    0.0000000186   -0.0000000044   -0.0000000070   -0.0000000005   -0.0000000035   -0.0000000103    0.0000000213    0.0022819899   -0.0000001445    0.0015706240   -0.0000000004    0.0011228711   -0.0000000071    0.0000000077    0.0000001059   -0.0000000017   -0.0000000041   -0.0000000035    0.0000000066   -0.0000002514    0.0064147044   -0.0000001313    0.0000000034   -0.0000000005    0.0000000639   -0.0000000544    0.0000000103    0.0000000075   -0.0000000026   -0.0000000298   -0.0000000039   -0.0000000032   -0.0000000022   -0.0000000039   -0.0000000052    0.0000000040   -0.0000469847   -0.0006094828   -0.0000000336   -0.0000000038    0.0000000067    0.0000000274   -0.0000000080   -0.0000000005    0.0000000104    0.0000000085    0.0000000633   -0.0000000576    0.0001132866   -0.0000000064    0.0000000011   -0.0000000001   -0.0000000069    0.0000000095    0.0000000044   -0.0000000062    0.0002270563   -0.0000000038   -0.0000000008   -0.0000000042    0.0000000020   -0.0000000025    0.0001559162   -0.0000000154   -0.0000800372    0.0000000163    0.0000000026    0.0000000014
 -0.0000000920   -0.0020893809    0.0000000097    0.0000000132   -0.0000000092   -0.0000000394   -0.0000000177    0.0013059211   -0.0000000043    0.0000000005    0.0000003073   -0.0082557933    0.0000000053   -0.0000000095   -0.0000000003   -0.0000000124   -0.0000000024   -0.0000000076   -0.0000000017   -0.0000001151    0.0027161699   -0.0000000485   -0.0000000023   -0.0000000209    0.0000000132   -0.0000000114   -0.0025130364    0.0000000011    0.0000000076    0.0000000014    0.0000000223    0.0048944184   -0.0000002849    0.0035319139   -0.0000000001    0.0000000015   -0.0000000543    0.0000000732   -0.0000000040    0.0000000033    0.0000000065    0.0000000059   -0.0000000033    0.0000000001    0.0000000012   -0.0000000067    0.0000000007   -0.0000000041    0.0000000151    0.0000000303    0.0005065939    0.0000000030   -0.0000000033   -0.0002385045    0.0000000001   -0.0000000068   -0.0000000083    0.0000000014   -0.0000000517    0.0000000654   -0.0000000189    0.0000721402    0.0000000018   -0.0000000017    0.0000000053    0.0000000021   -0.0000000053   -0.0000000023   -0.0000000023    0.0002027605   -0.0000000002   -0.0000000065    0.0000000011    0.0000000049   -0.0000000085    0.0001704481    0.0000000042   -0.0000901092    0.0000000050    0.0000000008
  0.0000003494   -0.0000003121   -0.0000000003   -0.0015584318    0.0000000009   -0.0000000003    0.0000000199    0.0000000151   -0.0000000019   -0.0000000110   -0.0000000162   -0.0000000092    0.0000000037    0.0000000017    0.0070095290   -0.0000000140    0.0000000054   -0.0000002606    0.0000000026   -0.0000000028   -0.0000000294    0.0000000039    0.0000000031    0.0000000033    0.0011962394   -0.0000000031    0.0000000001   -0.0000000023   -0.0000000869   -0.0000000053   -0.0000000004   -0.0000000121    0.0000000066    0.0000000226    0.0000000011   -0.0000000005   -0.0000637716   -0.0000000354    0.0000000183   -0.0000000057    0.0000000019   -0.0000000037    0.0000000018   -0.0000000035    0.0000000366    0.0011339759    0.0000000369    0.0000000005   -0.0000001242    0.0000000132    0.0000000114   -0.0011754119    0.0000000553    0.0000000857   -0.0000000005   -0.0000000003    0.0000000025    0.0000000028   -0.0003099665   -0.0000000581    0.0000000025    0.0000000155   -0.0000000025    0.0000000002   -0.0000000023    0.0000000016    0.0000000050   -0.0000000072   -0.0000000284    0.0000000170   -0.0000000028    0.0000000010    0.0004544230   -0.0000000264    0.0000000010    0.0000000006    0.0000000007    0.0000000022   -0.0000000027    0.0000000015
  0.0000002688   -0.0000004082   -0.0000000018    0.0000000704   -0.0000000033   -0.0000000339   -0.0020276459    0.0000000622   -0.0000000137    0.0000000029    0.0000000173    0.0000000179    0.0000000028    0.0000000005    0.0000002417    0.0000000008   -0.0000000021   -0.0065493300   -0.0000000035    0.0000000064   -0.0000000261    0.0000000143    0.0000000002    0.0000000090    0.0000000820    0.0000000004   -0.0000000085    0.0000000010   -0.0012452390    0.0000000033    0.0000000015   -0.0000000140   -0.0000000070    0.0000000418   -0.0000000035    0.0000000027    0.0000000261    0.0001185182    0.0000000154    0.0000000001   -0.0000000023   -0.0000000131   -0.0000000022    0.0000000007   -0.0000000028    0.0000000346    0.0009771142    0.0000000016   -0.0000001062    0.0000000047    0.0000000160   -0.0000000495    0.0012107117    0.0000001111   -0.0000000009   -0.0000000012   -0.0000000020    0.0000000092   -0.0000000377    0.0002635899    0.0000000006    0.0000000207    0.0000000008   -0.0000000021   -0.0000000012    0.0000000002   -0.0000000009   -0.0000000116   -0.0000000215    0.0000000211    0.0000000043   -0.0000000019    0.0000000250   -0.0004635653    0.0000000074    0.0000000016   -0.0000000008    0.0000000027   -0.0000000020    0.0000000035
  0.0246885065   -0.0000008871   -0.0000000380    0.0000001671   -0.0000000162   -0.0013130606    0.0000001923    0.0000001385    0.0000000074    0.0000000078    0.0007379161   -0.0000000133    0.0000000326   -0.0000000326   -0.0000004363   -0.0000000030    0.0000000436    0.0000003261   -0.0000000280   -0.0037558801   -0.0000000601    0.0035271285    0.0000001074   -0.0008231163   -0.0000000980   -0.0000000203   -0.0000001012    0.0000000126    0.0000000748    0.0000000203    0.0000000054    0.0000000747   -0.0005520051   -0.0000000895    0.0000000052    0.0000000076    0.0000000187   -0.0000000024   -0.0000000189   -0.0000000235   -0.0000000740    0.0000000661    0.0000000015    0.0000000019    0.0000000689    0.0000000083    0.0000000234    0.0000000048    0.0005230159    0.0001552223    0.0000000269    0.0000000743   -0.0000000549   -0.0000000954    0.0000000248   -0.0000000358   -0.0000000624   -0.0000000715    0.0000000136    0.0000000112    0.0001684877   -0.0000000430    0.0000000049   -0.0000000183    0.0000001055   -0.0000000713   -0.0000000160    0.0000000005   -0.0001133558   -0.0000000164   -0.0000000044    0.0000000032   -0.0000000345    0.0000000447    0.0000646827    0.0000000122    0.0000483078   -0.0000000082    0.0000000043    0.0000000161
 -0.0000012351    0.0361509614    0.0000000183   -0.0000001465    0.0000000283    0.0000000879   -0.0000002154   -0.0033438062    0.0000000016   -0.0000000006   -0.0000000786    0.0000123617    0.0000000558   -0.0000000097    0.0000003977   -0.0000000504   -0.0000000247   -0.0000004397    0.0000000000    0.0000002872    0.0041489842   -0.0000001907   -0.0000000132    0.0000000061    0.0000000695    0.0000000144    0.0020925336    0.0000000053   -0.0000001064    0.0000000009    0.0000000355   -0.0008472418    0.0000000444   -0.0002153206   -0.0000000038   -0.0000000075   -0.0000000108   -0.0000000135   -0.0000000006   -0.0000000055    0.0000000166    0.0000000113    0.0000000056    0.0000000027   -0.0000000076    0.0000000233    0.0000000114   -0.0000000130    0.0000000167    0.0000000007    0.0000363539   -0.0000000446    0.0000000521    0.0005939028   -0.0000000003    0.0000000013    0.0000000075   -0.0000000034    0.0000000032    0.0000000018    0.0000000020    0.0002109801    0.0000000066   -0.0000000024   -0.0000000179    0.0000000077   -0.0000000052    0.0000000017    0.0000000193    0.0000324174   -0.0000000091    0.0000000229    0.0000000098   -0.0000000105   -0.0000000044   -0.0000166124   -0.0000000007    0.0000552971    0.0000000046    0.0000000059

# Root 3  E=0.3056765251 Ha  8.317886 eV
  0.0000000000    0.0000000000    0.0000000000    0.0000000000    0.0000000000    0.0000000000    0.0000000000    0.0000000000    0.0000000000    0.0000000000    0.0000000000    0.0000000000    0.0000000000    0.0000000000    0.0000000000    0.0000000000    0.0000000000    0.0000000000    0.0000000000    0.0000000000    0.0000000000    0.0000000000    0.0000000000    0.0000000000    0.0000000000    0.0000000000    0.0000000000    0.0000000000    0.0000000000    0.0000000000    0.0000000000    0.0000000000    0.0000000000    0.0000000000    0.0000000000    0.0000000000    0.0000000000    0.0000000000    0.0000000000    0.0000000000    0.0000000000    0.0000000000    0.0000000000    0.0000000000    0.0000000000    0.0000000000    0.0000000000    0.0000000000    0.0000000000    0.0000000000    0.0000000000    0.0000000000    0.0000000000    0.0000000000    0.0000000000    0.0000000000    0.0000000000    0.0000000000    0.0000000000    0.0000000000    0.0000000000    0.0000000000    0.0000000000    0.0000000000    0.0000000000    0.0000000000    0.0000000000    0.0000000000    0.0000000000    0.0000000000    0.0000000000    0.0000000000    0.0000000000    0.0000000000    0.0000000000    0.0000000000    0.0000000000    0.0000000000    0.0000000000    0.0000000000
  0.0000000000    0.0000000000    0.0000000000    0.0000000000    0.0000000000    0.0000000000    0.0000000000    0.0000000000    0.0000000000    0.0000000000    0.0000000000    0.0000000000    0.0000000000    0.0000000000    0.0000000000    0.0000000000    0.0000000000    0.0000000000    0.0000000000    0.0000000000    0.0000000000    0.0000000000    0.0000000000    0.0000000000    0.0000000000    0.0000000000    0.0000000000    0.0000000000    0.0000000000    0.0000000000    0.0000000000    0.0000000000    0.0000000000    0.0000000000    0.0000000000    0.0000000000    0.0000000000    0.0000000000    0.0000000000    0.0000000000    0.0000000000    0.0000000000    0.0000000000    0.0000000000    0.0000000000    0.0000000000    0.0000000000    0.0000000000    0.0000000000    0.0000000000    0.0000000000    0.0000000000    0.0000000000    0.0000000000    0.0000000000    0.0000000000    0.0000000000    0.0000000000    0.0000000000    0.0000000000    0.0000000000    0.0000000000    0.0000000000    0.0000000000    0.0000000000    0.0000000000    0.0000000000    0.0000000000    0.0000000000    0.0000000000    0.0000000000    0.0000000000    0.0000000000    0.0000000000    0.0000000000    0.0000000000    0.0000000000    0.0000000000    0.0000000000    0.0000000000
  0.0000000000    0.0000000000    0.0000000000    0.0000000000    0.0000000000    0.0000000000    0.0000000000    0.0000000000    0.0000000000    0.0000000000    0.0000000000    0.0000000000    0.0000000000    0.0000000000    0.0000000000    0.0000000000    0.0000000000    0.0000000000    0.0000000000    0.0000000000    0.0000000000    0.0000000000    0.0000000000    0.0000000000    0.0000000000    0.0000000000    0.0000000000    0.0000000000    0.0000000000    0.0000000000    0.0000000000    0.0000000000    0.0000000000    0.0000000000    0.0000000000    0.0000000000    0.0000000000    0.0000000000    0.0000000000    0.0000000000    0.0000000000    0.0000000000    0.0000000000    0.0000000000    0.0000000000    0.0000000000    0.0000000000    0.0000000000    0.0000000000    0.0000000000    0.0000000000    0.0000000000    0.0000000000    0.0000000000    0.0000000000    0.0000000000    0.0000000000    0.0000000000    0.0000000000    0.0000000000    0.0000000000    0.0000000000    0.0000000000    0.0000000000    0.0000000000    0.0000000000    0.0000000000    0.0000000000    0.0000000000    0.0000000000    0.0000000000    0.0000000000    0.0000000000    0.0000000000    0.0000000000    0.0000000000    0.0000000000    0.0000000000    0.0000000000    0.0000000000
  0.0000000000    0.0000000000    0.0000000000    0.0000000000    0.0000000000    0.0000000000    0.0000000000    0.0000000000    0.0000000000    0.0000000000    0.0000000000    0.0000000000    0.0000000000    0.0000000000    0.0000000000    0.0000000000    0.0000000000    0.0000000000    0.0000000000    0.0000000000    0.0000000000    0.0000000000    0.0000000000    0.0000000000    0.0000000000    0.0000000000    0.0000000000    0.0000000000    0.0000000000    0.0000000000    0.0000000000    0.0000000000    0.0000000000    0.0000000000    0.0000000000    0.0000000000    0.0000000000    0.0000000000    0.0000000000    0.0000000000    0.0000000000    0.0000000000    0.0000000000    0.0000000000    0.0000000000    0.0000000000    0.0000000000    0.0000000000    0.0000000000    0.0000000000    0.0000000000    0.0000000000    0.0000000000    0.0000000000    0.0000000000    0.0000000000    0.0000000000    0.0000000000    0.0000000000    0.0000000000    0.0000000000    0.0000000000    0.0000000000    0.0000000000    0.0000000000    0.0000000000    0.0000000000    0.0000000000    0.0000000000    0.0000000000    0.0000000000    0.0000000000    0.0000000000    0.0000000000    0.0000000000    0.0000000000    0.0000000000    0.0000000000    0.0000000000    0.0000000000
  0.0000000019   -0.0000000010    0.0000000015    0.0000000178    0.0000000010    0.0000001208    0.0000594259   -0.0000001356   -0.0000000004    0.0000000005    0.0000000956    0.0000001110   -0.0000000058   -0.0000000017    0.0000000736   -0.0000000045   -0.0000000016   -0.0001456745    0.0000000005   -0.0000000582   -0.0000000517   -0.0000000235    0.0000000004   -0.0000000821    0.0000000064   -0.0000000020    0.0000000984    0.0000000005   -0.0000072214   -0.0000000037   -0.0000000003   -0.0000000734   -0.0000001037   -0.0000000941    0.0000000025   -0.0000000093    0.0000004459    0.0032014937    0.0000000028   -0.0000000223   -0.0000000021    0.0000000211   -0.0000000001   -0.0000000054    0.0000000092    0.0000000038   -0.0000096059   -0.0000000091    0.0000000037    0.0000000309   -0.0000000230   -0.0000000048    0.0000216554   -0.0000000032    0.0000000074   -0.0000000022    0.0000000015   -0.0000000247    0.0000000414   -0.0012552994   -0.0000000115   -0.0000000185   -0.0000000019    0.0000000010    0.0000000158   -0.0000000145   -0.0000000041    0.0000000151   -0.0000000028   -0.0000000038   -0.0000000100    0.0000000065   -0.0000000073   -0.0000239123    0.0000000035   -0.0000000070    0.0000000069    0.0000000031    0.0000000022   -0.0000000136
 -0.0000000368    0.0000000690    0.0000000014   -0.0002612782   -0.0000000015   -0.0000001416    0.0000000232    0.0000001185    0.0000000005    0.0000000007   -0.0000001058   -0.0000001005   -0.0000000090    0.0000000023    0.0002670227   -0.0000000018    0.0000000000    0.0000000470    0.0000000042    0.0000000289    0.0000000641    0.0000000362   -0.0000000042    0.0000001040    0.0000719312   -0.0000000053   -0.0000000978    0.0000000044   -0.0000000236    0.0000000010    0.0000000071    0.0000000908    0.0000001222    0.0000000492   -0.0000000074   -0.0000000013   -0.0032966541   -0.0000004933   -0.0000000095   -0.0000000074   -0.0000000127   -0.0000000025    0.0000000004    0.0000000041   -0.0000000142   -0.0000216548   -0.0000000125    0.0000000031   -0.0000000026   -0.0000000281    0.0000000290    0.0000030857   -0.0000000038   -0.0000000113    0.0000000015   -0.0000000022   -0.0000000122    0.0000000072    0.0012569673    0.0000003888    0.0000000085    0.0000000072    0.0000000028    0.0000000014    0.0000000031   -0.0000000038   -0.0000000169    0.0000000016    0.0000000005    0.0000000033    0.0000000154   -0.0000000042    0.0000292030   -0.0000000088    0.0000000115    0.0000000060   -0.0000000088   -0.0000000147    0.0000000119    0.0000000032
  0.0000000009    0.0000000021   -0.0000001474    0.0000000009    0.0000001959   -0.0000000052   -0.0000000028   -0.0000000081   -0.0000000601    0.0001398503    0.0000000047    0.0000000005    0.0000001312   -0.0000000320   -0.0000000161    0.0000000083    0.0000000263    0.0000000174   -0.0000000574    0.0000000083    0.0000000062    0.0000000064   -0.0000000065    0.0000000140    0.0000000043    0.0000000972    0.0000000018   -0.0000000746    0.0000000116    0.0000015352   -0.0000000554   -0.0000000009   -0.0000000051   -0.0000000085    0.0000000082    0.0002431267    0.0000000285   -0.0000000297    0.0000003795    0.0025413836   -0.0000000058    0.0000000016    0.0000000086   -0.0000253626   -0.0000000332    0.0000000001   -0.0000000063   -0.0000000192    0.0000000499    0.0000000042    0.0000000296    0.0000000027   -0.0000000049   -0.0000000375   -0.0000000103    0.0000000085   -0.0000000033    0.0000000103    0.0000000275   -0.0000000361    0.0000000097    0.0000000280   -0.0000000268    0.0000626246   -0.0000000153    0.0000000175    0.0000000812    0.0000590491    0.0000000115   -0.0000000059   -0.0000000101    0.0000000459   -0.0000000152    0.0000000028   -0.0000000166   -0.0000000042    0.0000000170   -0.0000000495   -0.0000000516   -0.0000143417
  0.0000000145   -0.0000000057    0.0000002043    0.0000000053   -0.0000001695   -0.0000000040   -0.0000000000   -0.0000000006   -0.0002634733    0.0000000093    0.0000000014   -0.0000000035   -0.0000001593   -0.0000000296    0.0000000219   -0.0000000618   -0.0000000004   -0.0000000224    0.0000000543   -0.0000000060    0.0000000002    0.0000000117   -0.0000000569    0.0000000068    0.0000000073   -0.0000000783    0.0000000037   -0.0001860694    0.0000000009    0.0000000420    0.0000000332    0.0000000106   -0.0000000096    0.0000000129    0.0000391475    0.0000000466   -0.0000000071    0.0000000143   -0.0027379107   -0.0000004342    0.0000000030    0.0000000331   -0.0000962350    0.0000000219    0.0000000084   -0.0000000131   -0.0000000005   -0.0000000095   -0.0000000563   -0.0000000231   -0.0000000264   -0.0000000055    0.0000000011    0.0000000390    0.0000000086   -0.0000000106   -0.0000000037   -0.0000000369   -0.0000000215    0.0000000198   -0.0000000004   -0.0000000082   -0.0000827029   -0.0000000283    0.0000000128   -0.0000000142    0.0000807049   -0.0000001115   -0.0000000104    0.0000000070    0.0000000092   -0.0000000088    0.0000000198   -0.0000000046    0.0000000081    0.0000000019   -0.0000000350    0.0000000297   -0.0000211651    0.0000000480
  0.0000000290   -0.0000000357   -0.0000000741   -0.0000000024   -0.0003620755   -0.0000000008   -0.0000000003    0.0000000059   -0.0000001374    0.0000001752   -0.0000000018    0.0000000012   -0.0000000594   -0.0000000171    0.0000000021   -0.0000855803    0.0006245685   -0.0000000034   -0.0000000164   -0.0000000042   -0.0000000137    0.0000000160    0.0000000129   -0.0000000010   -0.0000000030   -0.0002037530   -0.0000000074   -0.0000000604    0.0000000006    0.0000000964   -0.0007516399    0.0000000008    0.0000000048   -0.0000000048   -0.0000000023   -0.0000000156   -0.0000000027    0.0000000103   -0.0000000079    0.0000000008   -0.0000003131    0.0018228396    0.0000000321    0.0000000184    0.0000000045    0.0000000068    0.0000000026   -0.0000929433   -0.0000000033    0.0000000039    0.0000000030    0.0000000015   -0.0000000024   -0.0000000011    0.0000000178    0.0004073929   -0.0000002836   -0.0018937620   -0.0000000033    0.0000000082    0.0000000011    0.0000000029    0.0000000023   -0.0000000033    0.0000000178   -0.0000235903   -0.0000000068    0.0000000037   -0.0000000006   -0.0000000017    0.0000000049    0.0000297617   -0.0000000004    0.0000000017    0.0000000068   -0.0000000022   -0.0000000066    0.0000000009    0.0000000069   -0.0000000115
  0.0000000122   -0.0000000047   -0.0006804523   -0.0000000047   -0.0000000711   -0.0000000025    0.0000000005   -0.0000000013    0.0000002031   -0.0000001377    0.0000000037   -0.0000000003    0.0011269540    0.0000059067   -0.0000000075   -0.0000000519   -0.0000000290    0.0000000029    0.0007144124   -0.0000000047    0.0000000129   -0.0000000113    0.0002360007   -0.0000000005   -0.0000000018    0.0000000223    0.0000000042    0.0000001085   -0.0000000017   -0.0000000580    0.0000001776    0.0000000011   -0.0000000045    0.0000000077    0.0000000184    0.0000000076    0.0000000106   -0.0000000035   -0.0000000123    0.0000000211    0.0021120255   -0.0000002586   -0.0000000184   -0.0000000276    0.0001674479   -0.0000000088   -0.0000000017    0.0000000133   -0.0000000142    0.0000000001   -0.0000000028   -0.0000000036    0.0000000005    0.0000000056   -0.0001605150   -0.0000000697    0.0019933082    0.0000002605    0.0000000071   -0.0000000024    0.0000000001   -0.0000000018    0.0000000035   -0.0000000018   -0.0000753272   -0.0000000174   -0.0000000057   -0.0000000116   -0.0000000046    0.0000000017   -0.0000018423   -0.0000000029    0.0000000034    0.0000000006   -0.0000000010    0.0000000089    0.0000000038   -0.0000000033   -0.0000000075    0.0000000123
  0.0000000475    0.0000000200   -0.0000000015   -0.0000000389   -0.0000000032    0.0000000345   -0.0007777071    0.0000000091    0.0000000024   -0.0000000009    0.0000003195    0.0000002569    0.0000000046    0.0000000047   -0.0000000468    0.0000000094    0.0000000034   -0.0005326977   -0.0000000028   -0.0000000739   -0.0000001106   -0.0000000502    0.0000000001   -0.0000000307    0.0000000266   -0.0000000017    0.0000000902    0.0000000007    0.0000545872    0.0000000059   -0.0000000025   -0.0000002132   -0.0000002489   -0.0000001077   -0.0000000048    0.0000000109   -0.0000002376   -0.0015302616   -0.0000000030    0.0000000220   -0.0000000058   -0.0000000205    0.0000000007    0.0000000081   -0.0000000156   -0.0000000167    0.0000595358    0.0000000054   -0.0000000043    0.0000000118   -0.0000000220    0.0000000043    0.0001659873    0.0000000174   -0.0000000094    0.0000000049   -0.0000000081    0.0000000258    0.0000000490   -0.0016822071    0.0000000074    0.0000000090    0.0000000043   -0.0000000017   -0.0000000128    0.0000000118   -0.0000000006   -0.0000000225   -0.0000000062    0.0000000022    0.0000000182   -0.0000000009    0.0000000054   -0.0000302860   -0.0000000175   -0.0000000203    0.0000000011    0.0000000086   -0.0000000049    0.0000000138
 -0.0000000535    0.0000000795    0.0000000026    0.0004193313   -0.0000000024   -0.0000000353    0.0000000676   -0.0000000514    0.0000000006    0.0000000014    0.0000002747    0.0000002989   -0.0000000158    0.0000000019   -0.0002131320   -0.0000000014   -0.0000000016    0.0000000486    0.0000000055   -0.0000001002   -0.0000001009   -0.0000000462   -0.0000000023   -0.0000000059    0.0001949213   -0.0000000076    0.0000000923    0.0000000070   -0.0000000279    0.0000000022    0.0000000125   -0.0000001788   -0.0000002604   -0.0000001290   -0.0000000101   -0.0000000003   -0.0016620910   -0.0000002560   -0.0000000086   -0.0000000071   -0.0000000113   -0.0000000132    0.0000000006    0.0000000059   -0.0000000158   -0.0000942213   -0.0000000184    0.0000000060    0.0000000114    0.0000000237   -0.0000000153    0.0001236166    0.0000000044    0.0000000066    0.0000000002   -0.0000000026   -0.0000000095    0.0000000149   -0.0016765656   -0.0000005261   -0.0000000076    0.0000000030    0.0000000036    0.0000000004   -0.0000000034    0.0000000031   -0.0000000157    0.0000000030    0.0000000006   -0.0000000040    0.0000000135   -0.0000000097   -0.0000027346   -0.0000000111   -0.0000000147   -0.0000000094    0.0000000079   -0.0000000014    0.0000000110    0.0000000023
 -0.0000013120   -0.0086562229   -0.0000000071    0.0000000560   -0.0000000096    0.0000000261    0.0000000169    0.0003285998   -0.0000000016   -0.0000000065    0.0000000103   -0.0004127119   -0.0000000001    0.0000000000   -0.0000002532    0.0000000119    0.0000000134   -0.0000002256   -0.0000000017    0.0000001058   -0.0007081628   -0.0000000731    0.0000000116   -0.0000000213   -0.0000000478   -0.0000000126    0.0001068251   -0.0000000037   -0.0000000788    0.0000000006   -0.0000000161   -0.0002677215    0.0000000493    0.0008934551   -0.0000000009    0.0000000051    0.0000000029   -0.0000000049    0.0000000085   -0.0000000020    0.0000000193    0.0000000053    0.0000000044    0.0000000043    0.0000000041   -0.0000000281    0.0000000267   -0.0000000029    0.0000004832   -0.0000000273    0.0002957315    0.0000000449    0.0000000520    0.0027971318    0.0000000013    0.0000000132    0.0000000167   -0.0000000006    0.0000000005    0.0000000072    0.0000000108    0.0005015383   -0.0000000002    0.0000000037   -0.0000000105    0.0000000013    0.0000000103    0.0000000026    0.0000000993    0.0005708187    0.0000000058    0.0000000056   -0.0000000165   -0.0000000323   -0.0000000097   -0.0000078638    0.0000000185    0.0000903065   -0.0000000079   -0.0000000002
  0.0089835654    0.0000013015    0.0000000003    0.0000000665    0.0000000070   -0.0010903882    0.0000000642   -0.0000002020    0.0000000006    0.0000000008    0.0004450903   -0.0000000862    0.0000000255   -0.0000000040    0.0000002110   -0.0000000003    0.0000000001    0.0000002201   -0.0000000128   -0.0009371634    0.0000000321    0.0007977856    0.0000000023    0.0002126285    0.0000000663    0.0000000166    0.0000000084    0.0000000010    0.0000000416    0.0000000032   -0.0000000024    0.0000001293   -0.0000050193   -0.0000001205    0.0000000093   -0.0000000001    0.0000000124   -0.0000000258   -0.0000000038    0.0000000106    0.0000000034   -0.0000000018   -0.0000000005   -0.0000000065    0.0000000022    0.0000000316   -0.0000000323    0.0000000130   -0.0031712103    0.0002296658   -0.0000000816   -0.0000000419   -0.0000000395   -0.0000003707    0.0000000021   -0.0000000060   -0.0000000025    0.0000000016    0.0000000116   -0.0000000237   -0.0000231553   -0.0000000595    0.0000000019   -0.0000000034    0.0000000110   -0.0000000032   -0.0000000021   -0.0000000102   -0.0006462324   -0.0000000867   -0.0000000051   -0.0000000048    0.0000000168    0.0000000226    0.0000456530   -0.0000000014   -0.0000072894    0.0000000169    0.0000000057    0.0000000057
 -0.0000008805   -0.0000008448   -0.0000000385   -0.0000006437   -0.0000000242    0.0000000910    0.0061392727    0.0000001476   -0.0000000221   -0.0000000101   -0.0000000830    0.0000001292   -0.0000000130   -0.0000000148    0.0000017689    0.0000000647    0.0000000784    0.0114189451    0.0000000593    0.0000000359   -0.0000000332   -0.0000002081    0.0000001778   -0.0000001049    0.0000002573   -0.0000000731   -0.0000001433   -0.0000000180    0.0024126563    0.0000000074   -0.0000000269   -0.0000001157    0.0000002436   -0.0000002276   -0.0000000025    0.0000000507   -0.0000000306   -0.0005758174    0.0000000080   -0.0000000912   -0.0000000347    0.0000000769   -0.0000000634   -0.0000000135    0.0000000789   -0.0000000240   -0.0003851332    0.0000000411    0.0000000916    0.0000001505    0.0000000262   -0.0000002278   -0.0014166184   -0.0000001952    0.0000000741   -0.0000000650   -0.0000000352   -0.0000001063   -0.0000000211    0.0000755903   -0.0000001127   -0.0000001955   -0.0000000472    0.0000000192    0.0000001185   -0.0000001525    0.0000000079    0.0000000690    0.0000000309   -0.0000000363   -0.0000000347   -0.0000001052    0.0000000901    0.0004161737    0.0000001105    0.0000000673    0.0000000582   -0.0000000470    0.0000000662   -0.0000000339
 -0.0000008875   -0.0000012747    0.0000000019   -0.0045075702   -0.0000000197    0.0000001121    0.0000007665    0.0000001300   -0.0000000393   -0.0000000197   -0.0000001042    0.0000001245   -0.0000001068    0.0000000039    0.0120202287    0.0000000377    0.0000000379    0.0000015085    0.0000000884    0.0000002443   -0.0000001053   -0.0000002341    0.0000001327   -0.0000000793    0.0021590249   -0.0000000667   -0.0000000939   -0.0000000328    0.0000003903   -0.0000000171    0.0000000368   -0.0000001496    0.0000002518   -0.0000001509   -0.0000000671    0.0000000941   -0.0001773161    0.0000000635    0.0000000796   -0.0000000126    0.0000000275    0.0000000152   -0.0000001612   -0.0000000514    0.0000001539    0.0006078915    0.0000000521    0.0000000212    0.0000001363    0.0000001281    0.0000000011   -0.0014492846   -0.0000002121   -0.0000001515    0.0000000774   -0.0000001029    0.0000000236   -0.0000000513    0.0001872800    0.0000000339   -0.0000000780   -0.0000001629   -0.0000000456    0.0000000119    0.0000000849   -0.0000001261    0.0000000670    0.0000000122    0.0000000358   -0.0000000336   -0.0000001024   -0.0000000692    0.0004776148    0.0000000613    0.0000000920    0.0000000236    0.0000000795    0.0000000308   -0.0000000122   -0.0000000558

# Root 4  E=0.3202444018 Ha  8.714299 eV
  0.0000000000    0.0000000000    0.0000000000    0.0000000000    0.0000000000    0.0000000000    0.0000000000    0.0000000000    0.0000000000    0.0000000000    0.0000000000    0.0000000000    0.0000000000    0.0000000000    0.0000000000    0.0000000000    0.0000000000    0.0000000000    0.0000000000    0.0000000000    0.0000000000    0.0000000000    0.0000000000    0.0000000000    0.0000000000    0.0000000000    0.0000000000    0.0000000000    0.0000000000    0.0000000000    0.0000000000    0.0000000000    0.0000000000    0.0000000000    0.0000000000    0.0000000000    0.0000000000    0.0000000000    0.0000000000    0.0000000000    0.0000000000    0.0000000000    0.0000000000    0.0000000000    0.0000000000    0.0000000000    0.0000000000    0.0000000000    0.0000000000    0.0000000000    0.0000000000    0.0000000000    0.0000000000    0.0000000000    0.0000000000    0.0000000000    0.0000000000    0.0000000000    0.0000000000    0.0000000000    0.0000000000    0.0000000000    0.0000000000    0.0000000000    0.0000000000    0.0000000000    0.0000000000    0.0000000000    0.0000000000    0.0000000000    0.0000000000    0.0000000000    0.0000000000    0.0000000000    0.0000000000    0.0000000000    0.0000000000    0.0000000000    0.0000000000    0.0000000000
  0.0000000000    0.0000000000    0.0000000000    0.0000000000    0.0000000000    0.0000000000    0.0000000000    0.0000000000    0.0000000000    0.0000000000    0.0000000000    0.0000000000    0.0000000000    0.0000000000    0.0000000000    0.0000000000    0.0000000000    0.0000000000    0.0000000000    0.0000000000    0.0000000000    0.0000000000    0.0000000000    0.0000000000    0.0000000000    0.0000000000    0.0000000000    0.0000000000    0.0000000000    0.0000000000    0.0000000000    0.0000000000    0.0000000000    0.0000000000    0.0000000000    0.0000000000    0.0000000000    0.0000000000    0.0000000000    0.0000000000    0.0000000000    0.0000000000    0.0000000000    0.0000000000    0.0000000000    0.0000000000    0.0000000000    0.0000000000    0.0000000000    0.0000000000    0.0000000000    0.0000000000    0.0000000000    0.0000000000    0.0000000000    0.0000000000    0.0000000000    0.0000000000    0.0000000000    0.0000000000    0.0000000000    0.0000000000    0.0000000000    0.0000000000    0.0000000000    0.0000000000    0.0000000000    0.0000000000    0.0000000000    0.0000000000    0.0000000000    0.0000000000    0.0000000000    0.0000000000    0.0000000000    0.0000000000    0.0000000000    0.0000000000    0.0000000000    0.0000000000
  0.0000000000    0.0000000000    0.0000000000    0.0000000000    0.0000000000    0.0000000000    0.0000000000    0.0000000000    0.0000000000    0.0000000000    0.0000000000    0.0000000000    0.0000000000    0.0000000000    0.0000000000    0.0000000000    0.0000000000    0.0000000000    0.0000000000    0.0000000000    0.0000000000    0.0000000000    0.0000000000    0.0000000000    0.0000000000    0.0000000000    0.0000000000    0.0000000000    0.0000000000    0.0000000000    0.0000000000    0.0000000000    0.0000000000    0.0000000000    0.0000000000    0.0000000000    0.0000000000    0.0000000000    0.0000000000    0.0000000000    0.0000000000    0.0000000000    0.0000000000    0.0000000000    0.0000000000    0.0000000000    0.0000000000    0.0000000000    0.0000000000    0.0000000000    0.0000000000    0.0000000000    0.0000000000    0.0000000000    0.0000000000    0.0000000000    0.0000000000    0.0000000000    0.0000000000    0.0000000000    0.0000000000    0.0000000000    0.0000000000    0.0000000000    0.0000000000    0.0000000000    0.0000000000    0.0000000000    0.0000000000    0.0000000000    0.0000000000    0.0000000000    0.0000000000    0.0000000000    0.0000000000    0.0000000000    0.0000000000    0.0000000000    0.0000000000    0.0000000000
  0.0000000000    0.0000000000    0.0000000000    0.0000000000    0.0000000000    0.0000000000    0.0000000000    0.0000000000    0.0000000000    0.0000000000    0.0000000000    0.0000000000    0.0000000000    0.0000000000    0.0000000000    0.0000000000    0.0000000000    0.0000000000    0.0000000000    0.0000000000    0.0000000000    0.0000000000    0.0000000000    0.0000000000    0.0000000000    0.0000000000    0.0000000000    0.0000000000    0.0000000000    0.0000000000    0.0000000000    0.0000000000    0.0000000000    0.0000000000    0.0000000000    0.0000000000    0.0000000000    0.0000000000    0.0000000000    0.0000000000    0.0000000000    0.0000000000    0.0000000000    0.0000000000    0.0000000000    0.0000000000    0.0000000000    0.0000000000    0.0000000000    0.0000000000    0.0000000000    0.0000000000    0.0000000000    0.0000000000    0.0000000000    0.0000000000    0.0000000000    0.0000000000    0.0000000000    0.0000000000    0.0000000000    0.0000000000    0.0000000000    0.0000000000    0.0000000000    0.0000000000    0.0000000000    0.0000000000    0.0000000000    0.0000000000    0.0000000000    0.0000000000    0.0000000000    0.0000000000    0.0000000000    0.0000000000    0.0000000000    0.0000000000    0.0000000000    0.0000000000
  0.0000000170   -0.0000000041    0.0000000062   -0.0000000020    0.0001650611    0.0000000178    0.0000000030   -0.0000000059    0.0000000003    0.0000000010    0.0000000136    0.0000000077   -0.0000000078    0.0000000171    0.0000000034   -0.0001032348   -0.0006269107   -0.0000000046    0.0000000175   -0.0000000112   -0.0000000163    0.0000000241   -0.0000000086   -0.0000000126   -0.0000000035   -0.0001311185   -0.0000000012    0.0000000035   -0.0000000025    0.0000000064   -0.0007725921   -0.0000000055   -0.0000000128   -0.0000000315   -0.0000000019    0.0000000053    0.0000000042    0.0000000120    0.0000000073   -0.0000000065   -0.0000000430   -0.0000080584   -0.0000000064    0.0000000076    0.0000000107    0.0000000055    0.0000000036   -0.0000053922   -0.0000000304   -0.0000000020    0.0000000191    0.0000000049   -0.0000000051   -0.0000000743    0.0000000106   -0.0000519973   -0.0000000216    0.0001694720   -0.0000000006    0.0000000067   -0.0000000052   -0.0000000139   -0.0000000007   -0.0000000017    0.0000000545    0.0000179826    0.0000000046    0.0000000014   -0.0000000092   -0.0000000156    0.0000000040   -0.0000010786   -0.0000000012    0.0000000052    0.0000000222    0.0000000030   -0.0000000268   -0.0000000217    0.0000000014    0.0000000027
 -0.0000000051    0.0000000207    0.0003781444   -0.0000000028    0.0000000108   -0.0000000085    0.0000000010    0.0000000096    0.0000000041    0.0000000035    0.0000000019   -0.0000000148   -0.0010547293   -0.0003918675   -0.0000000048   -0.0000000064    0.0000000270    0.0000000039   -0.0011685113    0.0000000162    0.0000000350   -0.0000000152   -0.0002060478    0.0000000097   -0.0000000043    0.0000000081   -0.0000000088    0.0000000049   -0.0000000024    0.0000000065    0.0000000272    0.0000000112   -0.0000000172    0.0000000090    0.0000000061    0.0000000003    0.0000000106   -0.0000000088   -0.0000000068    0.0000000086    0.0000561755    0.0000000334    0.0000000038   -0.0000000049   -0.0000080118   -0.0000000029   -0.0000000059    0.0000000055   -0.0000000658   -0.0000000285    0.0000000155   -0.0000000050    0.0000000036   -0.0000000239    0.0000135201   -0.0000000021   -0.0001566389   -0.0000000257    0.0000000059    0.0000000036    0.0000000113    0.0000000025   -0.0000000004    0.0000000014    0.0000183859   -0.0000000413   -0.0000000021   -0.0000000053   -0.0000000138   -0.0000000064    0.0000027721    0.0000000053    0.0000000024   -0.0000000025   -0.0000000036    0.0000000193   -0.0000000178   -0.0000000253   -0.0000000039   -0.0000000006
 -0.0000000331   -0.0027854226   -0.0000000156   -0.0000000085    0.0000000253   -0.0000000119   -0.0000000131   -0.0003663266   -0.0000000012   -0.0000000009    0.0000000047    0.0002010644   -0.0000000018   -0.0000000018    0.0000000066    0.0000000025    0.0000000050   -0.0000000060   -0.0000000121    0.0000000104   -0.0003604684    0.0000000130   -0.0000000147    0.0000000172   -0.0000000051    0.0000000246    0.0001113581   -0.0000000050    0.0000000061   -0.0000000007   -0.0000000417    0.0002258066   -0.0000000079    0.0000835106    0.0000000022    0.0000000003    0.0000000019   -0.0000000042    0.0000000049   -0.0000000019   -0.0000000275    0.0000000561    0.0000000051    0.0000000005   -0.0000000148   -0.0000000068   -0.0000000087    0.0000000040   -0.0000000493   -0.0000000334    0.0000761274   -0.0000000023    0.0000000001    0.0004376541    0.0000000072    0.0000000047   -0.0000000139   -0.0000000378    0.0000000042   -0.0000000025    0.0000000194    0.0000066807   -0.0000000025    0.0000000020    0.0000000325   -0.0000000709    0.0000000034    0.0000000035   -0.0000000247   -0.0009128868    0.0000000111    0.0000000328    0.0000000021   -0.0000000047    0.0000000051    0.0000110235   -0.0000000262   -0.0000042596   -0.0000000081   -0.0000000039
  0.0023645097    0.0000000878    0.0000000028   -0.0000000106   -0.0000000246   -0.0009431102   -0.0000000126   -0.0000000200    0.0000000019    0.0000000018   -0.0000727047   -0.0000000053    0.0000000139    0.0000000092    0.0000000111   -0.0000000088   -0.0000000022   -0.0000000099   -0.0000000022   -0.0007398751    0.0000000354    0.0004718911    0.0000000162    0.0003721778   -0.0000000079   -0.0000000201    0.0000000057    0.0000000046    0.0000000040    0.0000000048    0.0000000177    0.0000000059   -0.0000220278   -0.0000000117    0.0000000010    0.0000000014   -0.0000000027    0.0000000017   -0.0000000008   -0.0000000057   -0.0000000632    0.0000000336   -0.0000000011    0.0000000062    0.0000000096    0.0000000024    0.0000000030   -0.0000000048   -0.0005368849    0.0000762047    0.0000000199    0.0000000065   -0.0000000040   -0.0000000699    0.0000000111   -0.0000000088   -0.0000000417   -0.0000000254   -0.0000000021    0.0000000045   -0.0000304405   -0.0000000033    0.0000000006   -0.0000000045    0.0000000823   -0.0000000423   -0.0000000030   -0.0000000044    0.0009162734    0.0000000146    0.0000000311    0.0000000065   -0.0000000039    0.0000000044    0.0000012465    0.0000000088    0.0000220221   -0.0000000266    0.0000000043    0.0000000073
  0.0000000007   -0.0000000040    0.0000000089   -0.0000000447    0.0000000147   -0.0000000098   -0.0011048238   -0.0000000072   -0.0000000183    0.0000000155   -0.0000000047    0.0000000050   -0.0000000069   -0.0000000061   -0.0000000022   -0.0000000188   -0.0000000047    0.0002102806    0.0000000071   -0.0000000064    0.0000000064   -0.0000000011   -0.0000000149    0.0000000040   -0.0000000702    0.0000000124    0.0000000034   -0.0000000060    0.0002635399    0.0000000012    0.0000000118    0.0000000032    0.0000000057   -0.0000000041    0.0000000066   -0.0000000260   -0.0000000319   -0.0037373118   -0.0000000012   -0.0000000324    0.0000000064    0.0000000205    0.0000000118   -0.0000000063    0.0000000211    0.0000000326   -0.0000205918   -0.0000000129    0.0000000031    0.0000000057   -0.0000000059    0.0000000031   -0.0000506882    0.0000000036    0.0000000051    0.0000000020    0.0000000121   -0.0000000272   -0.0000002259    0.0016272191   -0.0000000058   -0.0000000147   -0.0000000021    0.0000000008    0.0000000025    0.0000000065    0.0000000020    0.0000000356   -0.0000000011    0.0000000020   -0.0000000272    0.0000000035   -0.0000000155    0.0000293304    0.0000000041    0.0000000079    0.0000000018   -0.0000000006    0.0000000055   -0.0000000187
  0.0000000007    0.0000000023    0.0000000035   -0.0009321241   -0.0000000029   -0.0000000161    0.0000000229   -0.0000000147    0.0000000079   -0.0000000204    0.0000000032   -0.0000000035   -0.0000000261    0.0000000099   -0.0000412523    0.0000000018   -0.0000000064    0.0000000115    0.0000000031    0.0000000074   -0.0000000050    0.0000000083   -0.0000000010    0.0000000162   -0.0004558390   -0.0000000099    0.0000000095    0.0000000120   -0.0000000473   -0.0000000120    0.0000000136    0.0000000003    0.0000000021    0.0000000004   -0.0000000149    0.0000000036    0.0034306216    0.0000001139   -0.0000000338    0.0000000013   -0.0000000139   -0.0000000142   -0.0000000042    0.0000000111   -0.0000000152    0.0000530073   -0.0000000387    0.0000000137    0.0000000090    0.0000000061    0.0000000036   -0.0000057749   -0.0000000034    0.0000000070   -0.0000000009   -0.0000000050   -0.0000000152    0.0000000194   -0.0015613460   -0.0000002874    0.0000000023    0.0000000022    0.0000000034    0.0000000015   -0.0000000121    0.0000000063   -0.0000000295   -0.0000000004    0.0000000036    0.0000000005    0.0000000101   -0.0000000176   -0.0000113191   -0.0000000131   -0.0000000001   -0.0000000024   -0.0000000001   -0.0000000040    0.0000000115    0.0000000009
 -0.0000000480    0.0000000159   -0.0000000264    0.0000000058   -0.0010433214   -0.0000000029    0.0000000035   -0.0000000022   -0.0000000009    0.0000000031    0.0000000414    0.0000000073    0.0000000664    0.0000000140   -0.0000000065    0.0001142860   -0.0022391665    0.0000000134    0.0000000754   -0.0000000120    0.0000000231   -0.0000000574    0.0000000211   -0.0000000003    0.0000000060   -0.0009643786    0.0000000180    0.0000000019    0.0000000045   -0.0000000001   -0.0020699127    0.0000000011   -0.0000000464    0.0000000435    0.0000000065   -0.0000000123   -0.0000000078   -0.0000000118   -0.0000000145    0.0000000044   -0.0000000022    0.0033090405    0.0000000116   -0.0000000117   -0.0000000206   -0.0000000111   -0.0000000043    0.0000776115    0.0000000470    0.0000000086   -0.0000000344   -0.0000000101    0.0000000087    0.0000001202   -0.0000000174   -0.0003933543    0.0000000636    0.0013042899   -0.0000000073   -0.0000000040    0.0000000032    0.0000000174    0.0000000038   -0.0000000015   -0.0000000877   -0.0000029114   -0.0000000065    0.0000000002    0.0000000145    0.0000000244   -0.0000000002   -0.0000498086    0.0000000022   -0.0000000077   -0.0000000355   -0.0000000082    0.0000000382    0.0000000350   -0.0000000016   -0.0000000032
 -0.0000000358    0.0000000382    0.0003226473   -0.0000000071    0.0000000083   -0.0000000034    0.0000000049   -0.0000000116    0.0000000068    0.0000000051    0.0000000341    0.0000000361    0.0024516515    0.0004371583   -0.0000000086   -0.0000000285   -0.0000000351    0.0000000057    0.0030433696   -0.0000000172    0.0000000352   -0.0000000354   -0.0002472447    0.0000000085   -0.0000000065   -0.0000000180    0.0000000183    0.0000000041   -0.0000000052    0.0000000084   -0.0000000253   -0.0000000201   -0.0000000601   -0.0000000143    0.0000000124    0.0000000005    0.0000000105    0.0000000014   -0.0000000044    0.0000000148   -0.0033903456    0.0000001320    0.0000000065   -0.0000000107   -0.0000622035   -0.0000000018   -0.0000000120    0.0000000139   -0.0000001072   -0.0000000445    0.0000000125   -0.0000000102    0.0000000084   -0.0000000352   -0.0000716372   -0.0000000199    0.0014414537   -0.0000000033    0.0000000034    0.0000000009    0.0000000192    0.0000000028   -0.0000000028    0.0000000035   -0.0000364283   -0.0000000660   -0.0000000003   -0.0000000077   -0.0000000220   -0.0000000077   -0.0000280061    0.0000000031    0.0000000050   -0.0000000045   -0.0000000058    0.0000000232   -0.0000000288   -0.0000000325   -0.0000000078   -0.0000000016
 -0.0000000096    0.0000000037   -0.0000000174    0.0000000036   -0.0000000278    0.0000000032    0.0000000093    0.0000000075   -0.0000000198   -0.0010430121   -0.0000000007    0.0000000030   -0.0000000038   -0.0000000059   -0.0000000241    0.0000000059    0.0000000153   -0.0000000175    0.0000000015   -0.0000000010    0.0000000019   -0.0000000027    0.0000000253   -0.0000000041   -0.0000000066   -0.0000000264   -0.0000000039    0.0000000123   -0.0000000120   -0.0003490227   -0.0000000022   -0.0000000026    0.0000000005    0.0000000009   -0.0000000218    0.0003013088   -0.0000000037    0.0000000044   -0.0000000591    0.0025459338   -0.0000000018    0.0000000026    0.0000000034   -0.0000464294    0.0000000010   -0.0000000041    0.0000000027    0.0000000046   -0.0000000095   -0.0000000048   -0.0000000046    0.0000000043    0.0000000054    0.0000000039    0.0000000077   -0.0000000031   -0.0000000001   -0.0000000027   -0.0000000075    0.0000000082   -0.0000000002   -0.0000000048    0.0000000113   -0.0000351430    0.0000000014    0.0000000075    0.0000000978    0.0012439740   -0.0000000022   -0.0000000002    0.0000000054   -0.0000000088    0.0000000013   -0.0000000061    0.0000000029    0.0000000011   -0.0000000051    0.0000000070    0.0000000210    0.0000220119
 -0.0000000093    0.0000000226   -0.0000000139    0.0000000065   -0.0000000218    0.0000000037    0.0000000041   -0.0000000014   -0.0010610010   -0.0000000137   -0.0000000018    0.0000000015    0.0000000084    0.0000000009    0.0000000069    0.0000000011    0.0000000025    0.0000000362   -0.0000000088   -0.0000000050   -0.0000000011    0.0000000002   -0.0000000007    0.0000000006    0.0000000034   -0.0000000044   -0.0000000019   -0.0004700147    0.0000000082   -0.0000000247    0.0000000019    0.0000000009   -0.0000000022   -0.0000000035    0.0000180172   -0.0000000202    0.0000000068   -0.0000000053   -0.0024860875   -0.0000001547    0.0000000020   -0.0000000036   -0.0000566806   -0.0000000041   -0.0000000055    0.0000000099   -0.0000000047    0.0000000018    0.0000000070    0.0000000019    0.0000000074   -0.0000000011   -0.0000000052   -0.0000000158    0.0000000051    0.0000000001    0.0000000027    0.0000000051    0.0000000071   -0.0000000069    0.0000000011    0.0000000050   -0.0000392256    0.0000000079   -0.0000000042    0.0000000121    0.0012501182   -0.0000001556    0.0000000012   -0.0000000028   -0.0000000022    0.0000000089   -0.0000000040    0.0000000040   -0.0000000032   -0.0000000009    0.0000000041   -0.0000000077    0.0000167007   -0.0000000134
 -0.0000001352   -0.0000000165   -0.0000000900   -0.0000000081    0.0041209353    0.0000000178   -0.0000000016    0.0000000046   -0.0000000013   -0.0000000057    0.0000000072    0.0000000135   -0.0000000065   -0.0000000315    0.0000000250    0.0000439630   -0.0018940933    0.0000000019    0.0000000008    0.0000000079    0.0000000061   -0.0000000243    0.0000000594    0.0000000011    0.0000000091    0.0029185758   -0.0000000149   -0.0000000013    0.0000000003    0.0000000051   -0.0001012299   -0.0000000202   -0.0000000014   -0.0000000286   -0.0000000024    0.0000000033    0.0000000063   -0.0000000023   -0.0000000223    0.0000000182   -0.0000000078    0.0002470645    0.0000000049   -0.0000000014   -0.0000000010    0.0000000030   -0.0000000007    0.0011907344   -0.0000000402   -0.0000000207    0.0000000248   -0.0000000030    0.0000000036   -0.0000000539   -0.0000000593    0.0023364839   -0.0000000062    0.0005228889    0.0000000055   -0.0000000028    0.0000000146   -0.0000000023    0.0000000025   -0.0000000005    0.0000000103   -0.0003718970   -0.0000000074   -0.0000000049   -0.0000000075   -0.0000000107    0.0000000054   -0.0004600226   -0.0000000010   -0.0000000004   -0.0000000039    0.0000000081   -0.0000000204   -0.0000000348   -0.0000000004    0.0000000040
 -0.0000000361   -0.0000001049   -0.0050910770   -0.0000000010    0.0000001232    0.0000000091    0.0000000086    0.0000000155   -0.0000000007    0.0000000005   -0.0000000109    0.0000000015    0.0001866863   -0.0005882712    0.0000000047   -0.0000000051   -0.0000000265    0.0000000163    0.0013859405    0.0000000040   -0.0000000252   -0.0000000202    0.0034515669   -0.0000000158    0.0000000038    0.0000000750   -0.0000000046    0.0000000061    0.0000000068    0.0000000011    0.0000000112   -0.0000000030    0.0000000331    0.0000000015   -0.0000000119    0.0000000063    0.0000000032   -0.0000000072   -0.0000000164    0.0000000138    0.0000258916   -0.0000000132   -0.0000000010    0.0000000023    0.0008698754   -0.0000000239   -0.0000000027    0.0000000366    0.0000000758    0.0000000252   -0.0000000156    0.0000000013   -0.0000000043    0.0000000522   -0.0027959043    0.0000000538   -0.0001074340    0.0000000297    0.0000000032   -0.0000000089   -0.0000000003    0.0000000002    0.0000000023   -0.0000000011    0.0004122822    0.0000000202   -0.0000000043   -0.0000000053    0.0000000136    0.0000000133   -0.0004693635   -0.0000000237   -0.0000000021    0.0000000020   -0.0000000126   -0.0000000081    0.0000000350    0.0000000278    0.0000000016    0.0000000025

# Root 5  E=0.3291010288 Ha  8.955300 eV
  0.0000000000    0.0000000000    0.0000000000    0.0000000000    0.0000000000    0.0000000000    0.0000000000    0.0000000000    0.0000000000    0.0000000000    0.0000000000    0.0000000000    0.0000000000    0.0000000000    0.0000000000    0.0000000000    0.0000000000    0.0000000000    0.0000000000    0.0000000000    0.0000000000    0.0000000000    0.0000000000    0.0000000000    0.0000000000    0.0000000000    0.0000000000    0.0000000000    0.0000000000    0.0000000000    0.0000000000    0.0000000000    0.0000000000    0.0000000000    0.0000000000    0.0000000000    0.0000000000    0.0000000000    0.0000000000    0.0000000000    0.0000000000    0.0000000000    0.0000000000    0.0000000000    0.0000000000    0.0000000000    0.0000000000    0.0000000000    0.0000000000    0.0000000000    0.0000000000    0.0000000000    0.0000000000    0.0000000000    0.0000000000    0.0000000000    0.0000000000    0.0000000000    0.0000000000    0.0000000000    0.0000000000    0.0000000000    0.0000000000    0.0000000000    0.0000000000    0.0000000000    0.0000000000    0.0000000000    0.0000000000    0.0000000000    0.0000000000    0.0000000000    0.0000000000    0.0000000000    0.0000000000    0.0000000000    0.0000000000    0.0000000000    0.0000000000    0.0000000000
  0.0000000000    0.0000000000    0.0000000000    0.0000000000    0.0000000000    0.0000000000    0.0000000000    0.0000000000    0.0000000000    0.0000000000    0.0000000000    0.0000000000    0.0000000000    0.0000000000    0.0000000000    0.0000000000    0.0000000000    0.0000000000    0.0000000000    0.0000000000    0.0000000000    0.0000000000    0.0000000000    0.0000000000    0.0000000000    0.0000000000    0.0000000000    0.0000000000    0.0000000000    0.0000000000    0.0000000000    0.0000000000    0.0000000000    0.0000000000    0.0000000000    0.0000000000    0.0000000000    0.0000000000    0.0000000000    0.0000000000    0.0000000000    0.0000000000    0.0000000000    0.0000000000    0.0000000000    0.0000000000    0.0000000000    0.0000000000    0.0000000000    0.0000000000    0.0000000000    0.0000000000    0.0000000000    0.0000000000    0.0000000000    0.0000000000    0.0000000000    0.0000000000    0.0000000000    0.0000000000    0.0000000000    0.0000000000    0.0000000000    0.0000000000    0.0000000000    0.0000000000    0.0000000000    0.0000000000    0.0000000000    0.0000000000    0.0000000000    0.0000000000    0.0000000000    0.0000000000    0.0000000000    0.0000000000    0.0000000000    0.0000000000    0.0000000000    0.0000000000
  0.0000000000    0.0000000000    0.0000000000    0.0000000000    0.0000000000    0.0000000000    0.0000000000    0.0000000000    0.0000000000    0.0000000000    0.0000000000    0.0000000000    0.0000000000    0.0000000000    0.0000000000    0.0000000000    0.0000000000    0.0000000000    0.0000000000    0.0000000000    0.0000000000    0.0000000000    0.0000000000    0.0000000000    0.0000000000    0.0000000000    0.0000000000    0.0000000000    0.0000000000    0.0000000000    0.0000000000    0.0000000000    0.0000000000    0.0000000000    0.0000000000    0.0000000000    0.0000000000    0.0000000000    0.0000000000    0.0000000000    0.0000000000    0.0000000000    0.0000000000    0.0000000000    0.0000000000    0.0000000000    0.0000000000    0.0000000000    0.0000000000    0.0000000000    0.0000000000    0.0000000000    0.0000000000    0.0000000000    0.0000000000    0.0000000000    0.0000000000    0.0000000000    0.0000000000    0.0000000000    0.0000000000    0.0000000000    0.0000000000    0.0000000000    0.0000000000    0.0000000000    0.0000000000    0.0000000000    0.0000000000    0.0000000000    0.0000000000    0.0000000000    0.0000000000    0.0000000000    0.0000000000    0.0000000000    0.0000000000    0.0000000000    0.0000000000    0.0000000000
  0.0000000000    0.0000000000    0.0000000000    0.0000000000    0.0000000000    0.0000000000    0.0000000000    0.0000000000    0.0000000000    0.0000000000    0.0000000000    0.0000000000    0.0000000000    0.0000000000    0.0000000000    0.0000000000    0.0000000000    0.0000000000    0.0000000000    0.0000000000    0.0000000000    0.0000000000    0.0000000000    0.0000000000    0.0000000000    0.0000000000    0.0000000000    0.0000000000    0.0000000000    0.0000000000    0.0000000000    0.0000000000    0.0000000000    0.0000000000    0.0000000000    0.0000000000    0.0000000000    0.0000000000    0.0000000000    0.0000000000    0.0000000000    0.0000000000    0.0000000000    0.0000000000    0.0000000000    0.0000000000    0.0000000000    0.0000000000    0.0000000000    0.0000000000    0.0000000000    0.0000000000    0.0000000000    0.0000000000    0.0000000000    0.0000000000    0.0000000000    0.0000000000    0.0000000000    0.0000000000    0.0000000000    0.0000000000    0.0000000000    0.0000000000    0.0000000000    0.0000000000    0.0000000000    0.0000000000    0.0000000000    0.0000000000    0.0000000000    0.0000000000    0.0000000000    0.0000000000    0.0000000000    0.0000000000    0.0000000000    0.0000000000    0.0000000000    0.0000000000
  0.0000000627   -0.0000000174    0.0000000018   -0.0001928754   -0.0000000008    0.0000001157    0.0000000168   -0.0000001013   -0.0000000010   -0.0000000001    0.0000001063    0.0000000747   -0.0000000065    0.0000000032   -0.0004451111   -0.0000000031   -0.0000000035   -0.0000000075    0.0000000018   -0.0000000526   -0.0000000469   -0.0000000069   -0.0000000084   -0.0000000669   -0.0001478828   -0.0000000045    0.0000000769    0.0000000047   -0.0000000117    0.0000000008    0.0000000051   -0.0000000438   -0.0000001326   -0.0000000530   -0.0000000048   -0.0000000060   -0.0035998460    0.0000004019   -0.0000000048   -0.0000000114   -0.0000000154   -0.0000000046    0.0000000096    0.0000000071   -0.0000000217   -0.0000001362   -0.0000000123    0.0000000028   -0.0000000049    0.0000000147   -0.0000000114    0.0000451425    0.0000000069    0.0000000118   -0.0000000031    0.0000000030   -0.0000000138    0.0000000128    0.0013469822    0.0000000676    0.0000000044    0.0000000124    0.0000000053    0.0000000016   -0.0000000031    0.0000000040   -0.0000000216    0.0000000015   -0.0000000004    0.0000000004    0.0000000233   -0.0000000018    0.0000103748   -0.0000000161   -0.0000000142   -0.0000000122    0.0000000013   -0.0000000051    0.0000000129    0.0000000067
 -0.0000000221    0.0000000125    0.0000000030   -0.0000000345    0.0000000003   -0.0000001002   -0.0000981668    0.0000001325    0.0000000020    0.0000000024   -0.0000000807   -0.0000001004   -0.0000000073   -0.0000000009    0.0000000389   -0.0000000061   -0.0000000038   -0.0002057572   -0.0000000040    0.0000000151    0.0000000671    0.0000000199   -0.0000000060    0.0000000664   -0.0000000028    0.0000000002   -0.0000001027    0.0000000024    0.0001236189   -0.0000000031    0.0000000013    0.0000000845    0.0000000983    0.0000000504    0.0000000017   -0.0000000095   -0.0000004319    0.0036785062   -0.0000000032   -0.0000000166   -0.0000000005    0.0000000188    0.0000000036   -0.0000000033    0.0000000058    0.0000000042    0.0000455165   -0.0000000118   -0.0000000119   -0.0000000179    0.0000000260    0.0000000045    0.0000422412   -0.0000000049    0.0000000034    0.0000000014    0.0000000023   -0.0000000214    0.0000003885   -0.0013445557    0.0000000014   -0.0000000029    0.0000000006    0.0000000007    0.0000000097   -0.0000000075   -0.0000000059    0.0000000138    0.0000000002   -0.0000000010   -0.0000000079    0.0000000124   -0.0000000046   -0.0000139026    0.0000000147    0.0000000085   -0.0000000095   -0.0000000094   -0.0000000009   -0.0000000130
  0.0000000153   -0.0000000060   -0.0000001851    0.0000000157    0.0000001125    0.0000000008    0.0000000005    0.0000000019    0.0004269979    0.0000000281   -0.0000000060    0.0000000014    0.0000000819   -0.0000000341    0.0000000173    0.0000000312    0.0000000592   -0.0000000285   -0.0000000311   -0.0000000074   -0.0000000021    0.0000000064    0.0000001009   -0.0000000001    0.0000000133    0.0000000040    0.0000000082    0.0001497408   -0.0000000064    0.0000000567   -0.0000000438    0.0000000006    0.0000000105    0.0000000055    0.0003032436    0.0000001016   -0.0000000211    0.0000000148   -0.0030413057    0.0000003147   -0.0000000266    0.0000000263   -0.0000284627   -0.0000000122    0.0000000076   -0.0000000352    0.0000000133   -0.0000000168   -0.0000000653   -0.0000000091   -0.0000000324   -0.0000000106   -0.0000000063    0.0000000325    0.0000000224   -0.0000000098   -0.0000000118   -0.0000000291   -0.0000000321    0.0000000261   -0.0000000176   -0.0000000390   -0.0000330802   -0.0000000261    0.0000000229   -0.0000000291    0.0000721161   -0.0000000857   -0.0000000133    0.0000000041   -0.0000000015   -0.0000000257    0.0000000104    0.0000000041    0.0000000273    0.0000000115   -0.0000000409    0.0000000378   -0.0000015721    0.0000000289
  0.0000000091    0.0000000067    0.0000001645    0.0000000006   -0.0000001603   -0.0000000046   -0.0000000098   -0.0000000028   -0.0000000521   -0.0000407242   -0.0000000030    0.0000000049   -0.0000000902   -0.0000000020   -0.0000000211   -0.0000000724   -0.0000000498    0.0000000123    0.0000000160    0.0000000019    0.0000000098    0.0000000014   -0.0000001082    0.0000000028    0.0000000029   -0.0000000280   -0.0000000012   -0.0000000835    0.0000000092    0.0000924691    0.0000000555   -0.0000000094    0.0000000135   -0.0000000124    0.0000000583    0.0001817751    0.0000000203   -0.0000000305   -0.0000003501    0.0032191296   -0.0000000159   -0.0000000160   -0.0000000155   -0.0001017869   -0.0000000105   -0.0000000012    0.0000000069   -0.0000000061    0.0000000491    0.0000000209    0.0000000255    0.0000000000   -0.0000000051   -0.0000000394    0.0000000007   -0.0000000131   -0.0000000123   -0.0000000013    0.0000000250   -0.0000000270   -0.0000000038    0.0000000036   -0.0000000399   -0.0000023134    0.0000000047    0.0000000002    0.0000001096    0.0000885274    0.0000000124   -0.0000000064   -0.0000000109    0.0000000285   -0.0000000100    0.0000000166   -0.0000000027    0.0000000031    0.0000000239   -0.0000000399   -0.0000000589    0.0000021494
  0.0000000215   -0.0000000103    0.0005551321    0.0000000019   -0.0000000377   -0.0000000022   -0.0000000019   -0.0000000014   -0.0000001524    0.0000001315   -0.0000000001   -0.0000000014    0.0003316584    0.0002425647   -0.0000000028   -0.0000000255    0.0000000787   -0.0000000010    0.0001231933    0.0000000005    0.0000000094   -0.0000000083   -0.0000013283   -0.0000000012   -0.0000000008   -0.0000000109    0.0000000046   -0.0000000673   -0.0000000022    0.0000000704   -0.0000000994    0.0000000010   -0.0000000006    0.0000000062   -0.0000000031   -0.0000000132    0.0000000056   -0.0000000068    0.0000000203   -0.0000000032    0.0023685465    0.0000002468    0.0000000253    0.0000000111    0.0000730703   -0.0000000060    0.0000000012    0.0000000026   -0.0000000057    0.0000000048   -0.0000000037   -0.0000000031   -0.0000000009    0.0000000056   -0.0001097290    0.0000000481    0.0021714081   -0.0000002583    0.0000000051    0.0000000060   -0.0000000032   -0.0000000030    0.0000000028   -0.0000000036   -0.0000289606   -0.0000000120   -0.0000000140   -0.0000000008   -0.0000000030    0.0000000022    0.0000060071    0.0000000030    0.0000000030    0.0000000014   -0.0000000001    0.0000000073    0.0000000075   -0.0000000014    0.0000000148   -0.0000000054
  0.0000000243   -0.0000000411   -0.0000001004   -0.0000000014    0.0006576004   -0.0000000014   -0.0000000021    0.0000000074    0.0000001400   -0.0000001397   -0.0000000010   -0.0000000002    0.0000001384    0.0000000154   -0.0000000009    0.0002601301    0.0001614017   -0.0000000005    0.0000000973   -0.0000000050   -0.0000000119    0.0000000138    0.0000000460   -0.0000000004   -0.0000000043   -0.0000572358   -0.0000000069    0.0000000758   -0.0000000005   -0.0000000585   -0.0013544744    0.0000000033    0.0000000035    0.0000000004    0.0000000073    0.0000000061    0.0000000101    0.0000000036    0.0000000059   -0.0000000356    0.0000002551    0.0020755925   -0.0000000091   -0.0000000252    0.0000000348    0.0000000030    0.0000000030    0.0000269015   -0.0000000021    0.0000000051   -0.0000000005   -0.0000000000   -0.0000000017    0.0000000110   -0.0000000179    0.0004857480    0.0000002456   -0.0020799874   -0.0000000003    0.0000000053   -0.0000000005    0.0000000026    0.0000000033   -0.0000000032   -0.0000000022    0.0000196090    0.0000000026   -0.0000000045    0.0000000002    0.0000000011    0.0000000022    0.0000169883    0.0000000001    0.0000000013    0.0000000053   -0.0000000018   -0.0000000023    0.0000000040   -0.0000000104    0.0000000081
 -0.0000000666    0.0000000217   -0.0000000017    0.0004223691   -0.0000000002    0.0000000376   -0.0000001170    0.0000000101    0.0000000011    0.0000000004    0.0000003079    0.0000001958    0.0000000095   -0.0000000041    0.0002435153    0.0000000031   -0.0000000026   -0.0000000808    0.0000000009   -0.0000000903   -0.0000000700   -0.0000000669    0.0000000091   -0.0000000500    0.0000013196    0.0000000040    0.0000000607   -0.0000000078    0.0000000255   -0.0000000020   -0.0000000127   -0.0000001653   -0.0000002223   -0.0000000949    0.0000000067    0.0000000057    0.0018750291   -0.0000001953    0.0000000109    0.0000000074    0.0000000128    0.0000000180   -0.0000000114   -0.0000000082    0.0000000227    0.0000563363    0.0000000241   -0.0000000041    0.0000000200    0.0000000303   -0.0000000238   -0.0000305762    0.0000000168   -0.0000000013    0.0000000047   -0.0000000059    0.0000000115   -0.0000000115    0.0018505047    0.0000000917   -0.0000000141   -0.0000000247   -0.0000000059   -0.0000000006    0.0000000102   -0.0000000120    0.0000000153   -0.0000000022   -0.0000000169   -0.0000000013   -0.0000000211    0.0000000051   -0.0000035964    0.0000000092    0.0000000038   -0.0000000047    0.0000000082    0.0000000141   -0.0000000112   -0.0000000061
  0.0000000037    0.0000000212    0.0000000032    0.0000000448    0.0000000005   -0.0000000235   -0.0004258495   -0.0000000353    0.0000000029    0.0000000021    0.0000001979    0.0000002992   -0.0000000019   -0.0000000015   -0.0000000182   -0.0000000086   -0.0000000057   -0.0002599561    0.0000000034   -0.0000000837   -0.0000000917   -0.0000000370   -0.0000000088   -0.0000000161    0.0000000020    0.0000000029    0.0000000915    0.0000000022    0.0000797158   -0.0000000053    0.0000000028   -0.0000001885   -0.0000001835   -0.0000001231    0.0000000023   -0.0000000126   -0.0000002124    0.0019668890    0.0000000000   -0.0000000215   -0.0000000064    0.0000000168    0.0000000039   -0.0000000050    0.0000000089   -0.0000000005    0.0000411604   -0.0000000079   -0.0000000107    0.0000000226   -0.0000000195    0.0000000195   -0.0000128868    0.0000000196    0.0000000036    0.0000000002    0.0000000063   -0.0000000202   -0.0000005242    0.0018535871   -0.0000000132   -0.0000000089   -0.0000000009    0.0000000005    0.0000000051   -0.0000000037   -0.0000000008    0.0000000175   -0.0000000014   -0.0000000177   -0.0000000133    0.0000000077   -0.0000000083   -0.0000052264   -0.0000000053   -0.0000000035    0.0000000048    0.0000000044    0.0000000008   -0.0000000117
  0.0102813833   -0.0000011436    0.0000000035    0.0000000354    0.0000000050   -0.0001344134    0.0000000267    0.0000000413   -0.0000000014    0.0000000005   -0.0002328893   -0.0000000755    0.0000000233   -0.0000000039   -0.0000002404   -0.0000000010   -0.0000000010   -0.0000001325   -0.0000000105   -0.0008013574   -0.0000001059    0.0004611026    0.0000000029   -0.0000094133   -0.0000000449    0.0000000144    0.0000000198   -0.0000000002   -0.0000000534    0.0000000030   -0.0000000036    0.0000000105   -0.0000228656    0.0000001544    0.0000000108    0.0000000001   -0.0000000256   -0.0000000078   -0.0000000006    0.0000000166    0.0000000000    0.0000000013   -0.0000000027   -0.0000000090    0.0000000001   -0.0000000426    0.0000000209    0.0000000139   -0.0034526915    0.0003329450    0.0000000176    0.0000000424    0.0000000324    0.0000003985    0.0000000041   -0.0000000069   -0.0000000048   -0.0000000003    0.0000000163   -0.0000000120    0.0000427443    0.0000000713    0.0000000020   -0.0000000036    0.0000000184   -0.0000000059   -0.0000000030   -0.0000000078   -0.0007373486    0.0000000761   -0.0000000011   -0.0000000070   -0.0000000200   -0.0000000098    0.0000187840    0.0000000029    0.0000140616    0.0000000349    0.0000000070    0.0000000060
  0.0000011159   -0.0100415438   -0.0000000091    0.0000000366   -0.0000000063   -0.0000001264    0.0000000713    0.0015393119   -0.0000000030    0.0000000014    0.0000000335    0.0004936571    0.0000000007    0.0000000003    0.0000001820    0.0000000113    0.0000000133    0.0000002465    0.0000000025   -0.0000001151   -0.0003292732    0.0000000847    0.0000000133    0.0000000066    0.0000000568   -0.0000000099   -0.0000406712   -0.0000000051    0.0000000503    0.0000000021   -0.0000000190   -0.0006408580    0.0000000493    0.0011837249   -0.0000000017    0.0000000077   -0.0000000180    0.0000000398    0.0000000038    0.0000000012    0.0000000144    0.0000000108   -0.0000000013    0.0000000036    0.0000000061    0.0000000301   -0.0000000374   -0.0000000016   -0.0000003551    0.0000000478    0.0004519003   -0.0000000350   -0.0000000470    0.0030869483    0.0000000055    0.0000000097    0.0000000127   -0.0000000055   -0.0000000128    0.0000000020    0.0000000091    0.0004941341    0.0000000001    0.0000000030   -0.0000000044   -0.0000000053    0.0000000129    0.0000000035   -0.0000000771    0.0006745040    0.0000000045    0.0000000012    0.0000000199    0.0000000101    0.0000000023    0.0000259225    0.0000000180    0.0000576190   -0.0000000078   -0.0000000029
 -0.0000008506   -0.0000006138   -0.0000000030    0.0048621544    0.0000000342   -0.0000000076    0.0000007997    0.0000000213    0.0000000417    0.0000000293   -0.0000000072   -0.0000000522    0.0000001251    0.0000000014   -0.0135350989   -0.0000000424   -0.0000000462    0.0000015028   -0.0000000946    0.0000001694   -0.0000001741   -0.0000000366   -0.0000001498    0.0000001073   -0.0025530127    0.0000000726   -0.0000000098    0.0000000408    0.0000003005    0.0000000255   -0.0000000334    0.0000001811   -0.0000002156    0.0000001220    0.0000000760   -0.0000001085    0.0002282430   -0.0000000742   -0.0000000766    0.0000000192   -0.0000000245   -0.0000000261    0.0000001972    0.0000000580   -0.0000001736   -0.0004192306   -0.0000001373   -0.0000000195   -0.0000001889   -0.0000001549    0.0000000026    0.0014450390   -0.0000001592    0.0000001460   -0.0000000945    0.0000001259   -0.0000000215    0.0000000725    0.0000308989    0.0000000090    0.0000000901    0.0000001890    0.0000000520   -0.0000000118   -0.0000001109    0.0000001536   -0.0000000704   -0.0000000177   -0.0000000286    0.0000000478    0.0000001320    0.0000000751   -0.0003980075    0.0000000398   -0.0000001200   -0.0000000344   -0.0000000924   -0.0000000393    0.0000000142    0.0000000716
 -0.0000006296   -0.0000013207   -0.0000000075   -0.0000005653   -0.0000000029    0.0000000480   -0.0059655921    0.0000001364    0.0000000283    0.0000000106    0.0000001203   -0.0000001827    0.0000000099    0.0000000076    0.0000015167   -0.0000000661   -0.0000000767   -0.0119025320   -0.0000000507    0.0000002057   -0.0000001839   -0.0000000743   -0.0000001590    0.0000001098    0.0000003426    0.0000000713   -0.0000000400    0.0000000195   -0.0028798229   -0.0000000065    0.0000000274    0.0000002552   -0.0000002656    0.0000001872    0.0000000123   -0.0000000542   -0.0000000150   -0.0005446449   -0.0000000055    0.0000000845    0.0000000312   -0.0000000690    0.0000000525    0.0000000018   -0.0000000663    0.0000001475    0.0001592568   -0.0000000321   -0.0000001279   -0.0000001349   -0.0000000217   -0.0000001490    0.0015049552    0.0000001647   -0.0000000670    0.0000000543    0.0000000322    0.0000000939    0.0000000297    0.0000120876    0.0000000893    0.0000001637    0.0000000423   -0.0000000195   -0.0000000996    0.0000001366   -0.0000000077   -0.0000000685   -0.0000000206    0.0000000425    0.0000000231    0.0000000893    0.0000000285   -0.0003989056   -0.0000001001   -0.0000000594   -0.0000000449    0.0000000429   -0.0000000555    0.0000000334

# Root 6  E=0.3452452954 Ha  9.394608 eV
  0.0000000000    0.0000000000    0.0000000000    0.0000000000    0.0000000000    0.0000000000    0.0000000000    0.0000000000    0.0000000000    0.0000000000    0.0000000000    0.0000000000    0.0000000000    0.0000000000    0.0000000000    0.0000000000    0.0000000000    0.0000000000    0.0000000000    0.0000000000    0.0000000000    0.0000000000    0.0000000000    0.0000000000    0.0000000000    0.0000000000    0.0000000000    0.0000000000    0.0000000000    0.0000000000    0.0000000000    0.0000000000    0.0000000000    0.0000000000    0.0000000000    0.0000000000    0.0000000000    0.0000000000    0.0000000000    0.0000000000    0.0000000000    0.0000000000    0.0000000000    0.0000000000    0.0000000000    0.0000000000    0.0000000000    0.0000000000    0.0000000000    0.0000000000    0.0000000000    0.0000000000    0.0000000000    0.0000000000    0.0000000000    0.0000000000    0.0000000000    0.0000000000    0.0000000000    0.0000000000    0.0000000000    0.0000000000    0.0000000000    0.0000000000    0.0000000000    0.0000000000    0.0000000000    0.0000000000    0.0000000000    0.0000000000    0.0000000000    0.0000000000    0.0000000000    0.0000000000    0.0000000000    0.0000000000    0.0000000000    0.0000000000    0.0000000000    0.0000000000
  0.0000000000    0.0000000000    0.0000000000    0.0000000000    0.0000000000    0.0000000000    0.0000000000    0.0000000000    0.0000000000    0.0000000000    0.0000000000    0.0000000000    0.0000000000    0.0000000000    0.0000000000    0.0000000000    0.0000000000    0.0000000000    0.0000000000    0.0000000000    0.0000000000    0.0000000000    0.0000000000    0.0000000000    0.0000000000    0.0000000000    0.0000000000    0.0000000000    0.0000000000    0.0000000000    0.0000000000    0.0000000000    0.0000000000    0.0000000000    0.0000000000    0.0000000000    0.0000000000    0.0000000000    0.0000000000    0.0000000000    0.0000000000    0.0000000000    0.0000000000    0.0000000000    0.0000000000    0.0000000000    0.0000000000    0.0000000000    0.0000000000    0.0000000000    0.0000000000    0.0000000000    0.0000000000    0.0000000000    0.0000000000    0.0000000000    0.0000000000    0.0000000000    0.0000000000    0.0000000000    0.0000000000    0.0000000000    0.0000000000    0.0000000000    0.0000000000    0.0000000000    0.0000000000    0.0000000000    0.0000000000    0.0000000000    0.0000000000    0.0000000000    0.0000000000    0.0000000000    0.0000000000    0.0000000000    0.0000000000    0.0000000000    0.0000000000    0.0000000000
  0.0000000000    0.0000000000    0.0000000000    0.0000000000    0.0000000000    0.0000000000    0.0000000000    0.0000000000    0.0000000000    0.0000000000    0.0000000000    0.0000000000    0.0000000000    0.0000000000    0.0000000000    0.0000000000    0.0000000000    0.0000000000    0.0000000000    0.0000000000    0.0000000000    0.0000000000    0.0000000000    0.0000000000    0.0000000000    0.0000000000    0.0000000000    0.0000000000    0.0000000000    0.0000000000    0.0000000000    0.0000000000    0.0000000000    0.0000000000    0.0000000000    0.0000000000    0.0000000000    0.0000000000    0.0000000000    0.0000000000    0.0000000000    0.0000000000    0.0000000000    0.0000000000    0.0000000000    0.0000000000    0.0000000000    0.0000000000    0.0000000000    0.0000000000    0.0000000000    0.0000000000    0.0000000000    0.0000000000    0.0000000000    0.0000000000    0.0000000000    0.0000000000    0.0000000000    0.0000000000    0.0000000000    0.0000000000    0.0000000000    0.0000000000    0.0000000000    0.0000000000    0.0000000000    0.0000000000    0.0000000000    0.0000000000    0.0000000000    0.0000000000    0.0000000000    0.0000000000    0.0000000000    0.0000000000    0.0000000000    0.0000000000    0.0000000000    0.0000000000
  0.0000000000    0.0000000000    0.0000000000    0.0000000000    0.0000000000    0.0000000000    0.0000000000    0.0000000000    0.0000000000    0.0000000000    0.0000000000    0.0000000000    0.0000000000    0.0000000000    0.0000000000    0.0000000000    0.0000000000    0.0000000000    0.0000000000    0.0000000000    0.0000000000    0.0000000000    0.0000000000    0.0000000000    0.0000000000    0.0000000000    0.0000000000    0.0000000000    0.0000000000    0.0000000000    0.0000000000    0.0000000000    0.0000000000    0.0000000000    0.0000000000    0.0000000000    0.0000000000    0.0000000000    0.0000000000    0.0000000000    0.0000000000    0.0000000000    0.0000000000    0.0000000000    0.0000000000    0.0000000000    0.0000000000    0.0000000000    0.0000000000    0.0000000000    0.0000000000    0.0000000000    0.0000000000    0.0000000000    0.0000000000    0.0000000000    0.0000000000    0.0000000000    0.0000000000    0.0000000000    0.0000000000    0.0000000000    0.0000000000    0.0000000000    0.0000000000    0.0000000000    0.0000000000    0.0000000000    0.0000000000    0.0000000000    0.0000000000    0.0000000000    0.0000000000    0.0000000000    0.0000000000    0.0000000000    0.0000000000    0.0000000000    0.0000000000    0.0000000000
 -0.0009607662   -0.0000000604    0.0000000218   -0.0000000018    0.0000000153    0.0132465450    0.0000000030   -0.0000001872    0.0000000108    0.0000000021    0.0111302672    0.0000001675    0.0000000403   -0.0000000293    0.0000000213   -0.0000000301    0.0000000265   -0.0000000220   -0.0000000498   -0.0049581464   -0.0000000761   -0.0029341050   -0.0000000252   -0.0085314713    0.0000000345    0.0000000024    0.0000001639    0.0000000067   -0.0000000002    0.0000000063    0.0000000179   -0.0000000914   -0.0124756273   -0.0000001242    0.0000000075    0.0000000053   -0.0000000175    0.0000000043    0.0000000143    0.0000000056    0.0000000658   -0.0000000487   -0.0000000039    0.0000000009    0.0000000103   -0.0000000008   -0.0000000108   -0.0000000005    0.0001501630    0.0025762893   -0.0000000459    0.0000000063   -0.0000000040    0.0000000320   -0.0000000275   -0.0000000115    0.0000000478    0.0000000260   -0.0000000044   -0.0000000003   -0.0006095388   -0.0000000025    0.0000000065   -0.0000000054   -0.0000000741    0.0000000480    0.0000000086   -0.0000000103    0.0000315319   -0.0000000016   -0.0000000426    0.0000000047   -0.0000000051   -0.0000000213   -0.0011973990   -0.0000000430    0.0006235876    0.0000000511    0.0000000037    0.0000000095
 -0.0000001510    0.0020995609   -0.0000000110    0.0000000022   -0.0000000279   -0.0000002159    0.0000000179    0.0132772380   -0.0000000024   -0.0000000120   -0.0000001614   -0.0106687521   -0.0000000023    0.0000000347   -0.0000000005    0.0000000473    0.0000000144    0.0000000134   -0.0000000041    0.0000000672    0.0063271064    0.0000000624    0.0000000062    0.0000001216    0.0000000039   -0.0000000228   -0.0103850517   -0.0000000065    0.0000000122   -0.0000000096    0.0000000211    0.0076907220    0.0000002085    0.0076348659    0.0000000044    0.0000000121    0.0000000018   -0.0000000077    0.0000000041    0.0000000161    0.0000000412   -0.0000000598   -0.0000000071   -0.0000000053    0.0000000095    0.0000000041   -0.0000000016    0.0000000181    0.0000000135   -0.0000000173    0.0024147901   -0.0000000034    0.0000000065   -0.0008149083    0.0000000103    0.0000000080    0.0000000206    0.0000000501   -0.0000000021   -0.0000000060   -0.0000000036    0.0004383511   -0.0000000046    0.0000000032   -0.0000000365    0.0000000610    0.0000000101   -0.0000000081   -0.0000000069   -0.0000302908   -0.0000000019   -0.0000000476   -0.0000000010    0.0000000018    0.0000000059    0.0012475523    0.0000000337   -0.0006021998   -0.0000000081   -0.0000000077
 -0.0000001548    0.0000000972   -0.0186615364   -0.0000000163    0.0000002187    0.0000000379    0.0000000025   -0.0000000148   -0.0000000064    0.0000000212   -0.0000000226    0.0000000300    0.0083071852   -0.0019643379   -0.0000000189   -0.0000000347    0.0000001052    0.0000000002   -0.0044883569    0.0000000748    0.0000000294   -0.0000001024    0.0071424130   -0.0000000679   -0.0000000144    0.0000000957    0.0000000368   -0.0000000059   -0.0000000023    0.0000000224    0.0000000090   -0.0000000663    0.0000000930    0.0000000120    0.0000000317   -0.0000000051   -0.0000000017   -0.0000000202   -0.0000000096    0.0000000537    0.0004454760    0.0000000464    0.0000000224   -0.0000000290   -0.0004844738    0.0000000321   -0.0000000072    0.0000000299    0.0000001774    0.0000000782   -0.0000000610   -0.0000000094    0.0000000177    0.0000000864   -0.0000855233   -0.0000000235   -0.0001993813    0.0000000012   -0.0000000126   -0.0000000024    0.0000000222   -0.0000000116   -0.0000000049   -0.0000000038   -0.0003335828   -0.0000000297    0.0000000040   -0.0000000342    0.0000000127    0.0000000341    0.0000126386   -0.0000000108    0.0000000006   -0.0000000102   -0.0000000535    0.0000000109    0.0000001068    0.0000000487   -0.0000000043    0.0000000021
  0.0000000404   -0.0000000675    0.0000003765   -0.0000000073   -0.0174813505    0.0000000006    0.0000000114    0.0000000124   -0.0000000285   -0.0000000035    0.0000000278   -0.0000000466   -0.0000003100    0.0000000167   -0.0000000176   -0.0050642360   -0.0055963723   -0.0000000088    0.0000000187   -0.0000000573   -0.0000000818    0.0000000313   -0.0000001516    0.0000000035   -0.0000000113   -0.0058403355    0.0000000033   -0.0000000250   -0.0000000069   -0.0000000064    0.0054579324    0.0000000805   -0.0000000481    0.0000000932   -0.0000000152    0.0000000300   -0.0000000210   -0.0000000021    0.0000000561   -0.0000000115   -0.0000000076    0.0008891159   -0.0000000149    0.0000000180    0.0000000359    0.0000000079   -0.0000000203    0.0005893124    0.0000001261    0.0000000557   -0.0000000666    0.0000000186   -0.0000000104    0.0000002030    0.0000000043   -0.0001668507    0.0000000410   -0.0002382023   -0.0000000060   -0.0000000125   -0.0000000118    0.0000000688    0.0000000051   -0.0000000085    0.0000000055   -0.0003092537    0.0000000357   -0.0000000004    0.0000000413    0.0000000220   -0.0000000115   -0.0000006833   -0.0000000110   -0.0000000072   -0.0000000062   -0.0000000595    0.0000000566    0.0000001288   -0.0000000032    0.0000000015
  0.0000000340   -0.0000000084    0.0000000028   -0.0000000016    0.0000000248    0.0000000091   -0.0000000063   -0.0000000016   -0.0166878586    0.0000002456   -0.0000000259    0.0000000471   -0.0000000076   -0.0000000051   -0.0000000005    0.0000000115    0.0000000105    0.0000000001   -0.0000000276   -0.0000000003   -0.0000000276    0.0000000098   -0.0000000041    0.0000000014   -0.0000000090    0.0000000138    0.0000000143   -0.0090349392    0.0000000087    0.0000001194   -0.0000000024   -0.0000000402    0.0000000291   -0.0000000275   -0.0005311915   -0.0000000381   -0.0000000041    0.0000000013   -0.0007212582   -0.0000000358   -0.0000000154   -0.0000000077    0.0023828795    0.0000000187   -0.0000000012    0.0000000006   -0.0000000036    0.0000000065    0.0000000056    0.0000000039    0.0000000075    0.0000000030   -0.0000000036   -0.0000000233   -0.0000000013   -0.0000000071    0.0000000065    0.0000000095    0.0000000124   -0.0000000139   -0.0000000014   -0.0000000032   -0.0002521253    0.0000000061    0.0000000086   -0.0000000023    0.0000611769    0.0000000248    0.0000000008   -0.0000000040   -0.0000000057    0.0000000017   -0.0000000043    0.0000000075    0.0000000031    0.0000000010    0.0000000084   -0.0000000076    0.0011227118   -0.0000000399
 -0.0000000203    0.0000000404   -0.0000000287    0.0000000147   -0.0000000001    0.0000000060    0.0000000120   -0.0000000097    0.0000003149   -0.0163351970    0.0000000414   -0.0000000130    0.0000000044   -0.0000000039   -0.0000000027    0.0000000121    0.0000000211    0.0000000056   -0.0000000135   -0.0000000151    0.0000000061   -0.0000000155    0.0000000185   -0.0000000017    0.0000000083    0.0000000044   -0.0000000025    0.0000001805   -0.0000000083   -0.0086202217    0.0000000117    0.0000000108   -0.0000000453    0.0000000145    0.0000000023    0.0014832418   -0.0000000189    0.0000000154   -0.0000000487    0.0003769354    0.0000000074    0.0000000159   -0.0000000279   -0.0020624115    0.0000000021    0.0000000041   -0.0000000088    0.0000000026   -0.0000000225   -0.0000000087   -0.0000000019   -0.0000000019    0.0000000064    0.0000000041    0.0000000027    0.0000000046    0.0000000109    0.0000000045   -0.0000000104    0.0000000104    0.0000000068    0.0000000058    0.0000000241    0.0002420728    0.0000000003    0.0000000012   -0.0000000336    0.0000566224   -0.0000000038    0.0000000012    0.0000000039   -0.0000000009    0.0000000056   -0.0000000051   -0.0000000034   -0.0000000022   -0.0000000121    0.0000000091    0.0000000047    0.0011244306
  0.0012894294    0.0000000177    0.0000000049    0.0000000155   -0.0000000118    0.0007582290   -0.0000000099    0.0000000245   -0.0000000042    0.0000000225    0.0298727288    0.0000003681   -0.0000000615    0.0000000289    0.0000000328    0.0000000121    0.0000000168   -0.0000000081   -0.0000000641   -0.0081787711   -0.0000000804   -0.0061017141   -0.0000000445   -0.0028345565    0.0000000288   -0.0000000221    0.0000001156   -0.0000000007    0.0000000211    0.0000000101    0.0000000128   -0.0000003117   -0.0257423035   -0.0000001580   -0.0000000035   -0.0000000019    0.0000000087    0.0000000032   -0.0000000070   -0.0000000136   -0.0000000258    0.0000000293    0.0000000098    0.0000000085   -0.0000000259    0.0000000094    0.0000000063   -0.0000000195    0.0000809805    0.0025991515   -0.0000000104   -0.0000000003   -0.0000000030   -0.0000000077    0.0000000067    0.0000000143   -0.0000000123   -0.0000000194    0.0000000041    0.0000000074   -0.0009840354    0.0000000004   -0.0000000066    0.0000000054    0.0000000151   -0.0000000172   -0.0000000017    0.0000000140    0.0002108263    0.0000000073    0.0000000168    0.0000000177    0.0000000019   -0.0000000181   -0.0010857000   -0.0000000158    0.0008250869   -0.0000000201   -0.0000000057   -0.0000000064
 -0.0000001153    0.0017632670   -0.0000000126   -0.0000000077    0.0000000091   -0.0000000187    0.0000000117   -0.0016922600    0.0000000216   -0.0000000013    0.0000004609    0.0290112654   -0.0000000317    0.0000000031   -0.0000000164    0.0000000453    0.0000000042   -0.0000000145   -0.0000000181   -0.0000001659   -0.0111666540   -0.0000001534    0.0000000233   -0.0000000221   -0.0000000281    0.0000000224    0.0085780973    0.0000000051   -0.0000000179   -0.0000000011   -0.0000000728   -0.0208881420   -0.0000004353   -0.0129916563   -0.0000000025    0.0000000027   -0.0000000049   -0.0000000046    0.0000000116    0.0000000092    0.0000000500   -0.0000000148    0.0000000031   -0.0000000037    0.0000000138    0.0000000130    0.0000000081    0.0000000192    0.0000000232    0.0000000568   -0.0023742539    0.0000000024    0.0000000105    0.0006380414    0.0000000018    0.0000000180    0.0000000146    0.0000000268   -0.0000000086    0.0000000026   -0.0000000154   -0.0007953441   -0.0000000052    0.0000000017   -0.0000000311    0.0000000278    0.0000000133   -0.0000000024   -0.0000000045    0.0002364546   -0.0000000098   -0.0000000079   -0.0000000023   -0.0000000157   -0.0000000352   -0.0011305001    0.0000000459    0.0007536885   -0.0000000102   -0.0000000024
  0.0000001647    0.0000000673   -0.0000000042    0.0001032121   -0.0000000063   -0.0000000294    0.0000000425   -0.0000000117    0.0000000144    0.0000000105    0.0000000135   -0.0000000088   -0.0000000194   -0.0000000054   -0.0233832501    0.0000000456   -0.0000000174   -0.0000002442    0.0000000015   -0.0000000858    0.0000000269    0.0000000544   -0.0000000049   -0.0000000147   -0.0064548054    0.0000000051    0.0000000101    0.0000000188   -0.0000001198    0.0000000071    0.0000000122    0.0000000030   -0.0000000158    0.0000000223   -0.0000000092   -0.0000000009    0.0009927469    0.0000000028   -0.0000000319   -0.0000000198   -0.0000000242   -0.0000000019   -0.0000000047    0.0000000166   -0.0000001232   -0.0038194435    0.0000000126   -0.0000000022    0.0000000057    0.0000000028   -0.0000000034    0.0044221195    0.0000000592    0.0000000145    0.0000000011   -0.0000000000   -0.0000000144    0.0000000034    0.0000185823    0.0000000046   -0.0000000026    0.0000000001    0.0000000093    0.0000000010   -0.0000000033    0.0000000010   -0.0000000384    0.0000000063    0.0000000081    0.0000000025    0.0000000070   -0.0000000092   -0.0021809886   -0.0000000325   -0.0000000020   -0.0000000076   -0.0000000001    0.0000000010    0.0000000160   -0.0000000052
  0.0000001307    0.0000000839    0.0000000072    0.0000000911    0.0000000049   -0.0000000136    0.0020378806   -0.0000000209    0.0000000080    0.0000000030   -0.0000000168   -0.0000000031   -0.0000000122   -0.0000000002    0.0000004090   -0.0000000079    0.0000000104    0.0225502547    0.0000000143   -0.0000001265    0.0000000450    0.0000000413   -0.0000000063   -0.0000000026    0.0000001024   -0.0000000028    0.0000000296   -0.0000000157    0.0069460404   -0.0000000140    0.0000000074   -0.0000000240    0.0000000227    0.0000000102    0.0000000067   -0.0000000222    0.0000000170   -0.0003776055   -0.0000000049   -0.0000000445    0.0000000016    0.0000000219    0.0000000117    0.0000000023    0.0000000032    0.0000000746   -0.0030262026   -0.0000000067    0.0000000141    0.0000000065    0.0000000020   -0.0000000787   -0.0045740171    0.0000000079    0.0000000019    0.0000000016    0.0000000031   -0.0000000147    0.0000000326   -0.0001024913   -0.0000000017   -0.0000000061   -0.0000000030    0.0000000103    0.0000000019    0.0000000014   -0.0000000102    0.0000000348    0.0000000021    0.0000000109   -0.0000000088    0.0000000070    0.0000000320    0.0021431370   -0.0000000370   -0.0000000059    0.0000000026   -0.0000000011    0.0000000058   -0.0000000173
 -0.1029438896   -0.0000015242    0.0000000301   -0.0000000066   -0.0000000039    0.0074927346   -0.0000000078    0.0000001551   -0.0000000088   -0.0000000121    0.0016562432   -0.0000000094   -0.0000002303    0.0000000459   -0.0000001034    0.0000000589   -0.0000000500    0.0000000907    0.0000000839    0.0088534992   -0.0000002864   -0.0161346215   -0.0000001214    0.0018679594   -0.0000000104    0.0000000178   -0.0000000969   -0.0000000221    0.0000000214   -0.0000000401   -0.0000000513    0.0000000997    0.0008390642    0.0000000008   -0.0000000257   -0.0000000166    0.0000000018   -0.0000000165    0.0000000036    0.0000000038    0.0000001564   -0.0000001259    0.0000000004   -0.0000000204   -0.0000000812   -0.0000000246   -0.0000000253   -0.0000000035   -0.0022660540    0.0004806232   -0.0000000683   -0.0000000211    0.0000000129    0.0000002098   -0.0000000274    0.0000000401    0.0000001157    0.0000001011   -0.0000000092   -0.0000000062    0.0001669470    0.0000000486   -0.0000000122    0.0000000375   -0.0000002198    0.0000001413    0.0000000158    0.0000000319    0.0005471013    0.0000000790   -0.0000000382   -0.0000000370    0.0000000328   -0.0000000325    0.0001345631   -0.0000000235   -0.0000226406    0.0000000474   -0.0000000240   -0.0000000472
 -0.0000014453   -0.1023635353    0.0000000080   -0.0000000207   -0.0000000076    0.0000001732   -0.0000000115    0.0091237156   -0.0000000096   -0.0000000113    0.0000000233    0.0014853792   -0.0000000678    0.0000000573   -0.0000000469    0.0000001177    0.0000000265    0.0000000481   -0.0000000712    0.0000003670   -0.0145976142   -0.0000001737   -0.0000000935   -0.0000000284   -0.0000000039    0.0000000476   -0.0063705198   -0.0000000474    0.0000000068   -0.0000000201   -0.0000002060    0.0053085406   -0.0000001067   -0.0041154169    0.0000000234    0.0000000208    0.0000000306   -0.0000000152    0.0000000005   -0.0000000141   -0.0000001060    0.0000000903    0.0000000310    0.0000000175   -0.0000000831   -0.0000000100   -0.0000000331    0.0000000339   -0.0000002393   -0.0000001311   -0.0004155213   -0.0000000277    0.0000000242   -0.0015246036    0.0000000097    0.0000000672   -0.0000000385   -0.0000000516    0.0000000076    0.0000000090    0.0000000768   -0.0000695220   -0.0000000274    0.0000000246    0.0000000652   -0.0000001527    0.0000000352    0.0000000219   -0.0000000466    0.0005786343    0.0000000903    0.0000000747    0.0000000219   -0.0000000541   -0.0000000324   -0.0000068080   -0.0000000557    0.0000049180   -0.0000000642   -0.0000000135

# Root 7  E=0.3539157348 Ha  9.630543 eV
  0.0000000000    0.0000000000    0.0000000000    0.0000000000    0.0000000000    0.0000000000    0.0000000000    0.0000000000    0.0000000000    0.0000000000    0.0000000000    0.0000000000    0.0000000000    0.0000000000    0.0000000000    0.0000000000    0.0000000000    0.0000000000    0.0000000000    0.0000000000    0.0000000000    0.0000000000    0.0000000000    0.0000000000    0.0000000000    0.0000000000    0.0000000000    0.0000000000    0.0000000000    0.0000000000    0.0000000000    0.0000000000    0.0000000000    0.0000000000    0.0000000000    0.0000000000    0.0000000000    0.0000000000    0.0000000000    0.0000000000    0.0000000000    0.0000000000    0.0000000000    0.0000000000    0.0000000000    0.0000000000    0.0000000000    0.0000000000    0.0000000000    0.0000000000    0.0000000000    0.0000000000    0.0000000000    0.0000000000    0.0000000000    0.0000000000    0.0000000000    0.0000000000    0.0000000000    0.0000000000    0.0000000000    0.0000000000    0.0000000000    0.0000000000    0.0000000000    0.0000000000    0.0000000000    0.0000000000    0.0000000000    0.0000000000    0.0000000000    0.0000000000    0.0000000000    0.0000000000    0.0000000000    0.0000000000    0.0000000000    0.0000000000    0.0000000000    0.0000000000
  0.0000000000    0.0000000000    0.0000000000    0.0000000000    0.0000000000    0.0000000000    0.0000000000    0.0000000000    0.0000000000    0.0000000000    0.0000000000    0.0000000000    0.0000000000    0.0000000000    0.0000000000    0.0000000000    0.0000000000    0.0000000000    0.0000000000    0.0000000000    0.0000000000    0.0000000000    0.0000000000    0.0000000000    0.0000000000    0.0000000000    0.0000000000    0.0000000000    0.0000000000    0.0000000000    0.0000000000    0.0000000000    0.0000000000    0.0000000000    0.0000000000    0.0000000000    0.0000000000    0.0000000000    0.0000000000    0.0000000000    0.0000000000    0.0000000000    0.0000000000    0.0000000000    0.0000000000    0.0000000000    0.0000000000    0.0000000000    0.0000000000    0.0000000000    0.0000000000    0.0000000000    0.0000000000    0.0000000000    0.0000000000    0.0000000000    0.0000000000    0.0000000000    0.0000000000    0.0000000000    0.0000000000    0.0000000000    0.0000000000    0.0000000000    0.0000000000    0.0000000000    0.0000000000    0.0000000000    0.0000000000    0.0000000000    0.0000000000    0.0000000000    0.0000000000    0.0000000000    0.0000000000    0.0000000000    0.0000000000    0.0000000000    0.0000000000    0.0000000000
  0.0000000000    0.0000000000    0.0000000000    0.0000000000    0.0000000000    0.0000000000    0.0000000000    0.0000000000    0.0000000000    0.0000000000    0.0000000000    0.0000000000    0.0000000000    0.0000000000    0.0000000000    0.0000000000    0.0000000000    0.0000000000    0.0000000000    0.0000000000    0.0000000000    0.0000000000    0.0000000000    0.0000000000    0.0000000000    0.0000000000    0.0000000000    0.0000000000    0.0000000000    0.0000000000    0.0000000000    0.0000000000    0.0000000000    0.0000000000    0.0000000000    0.0000000000    0.0000000000    0.0000000000    0.0000000000    0.0000000000    0.0000000000    0.0000000000    0.0000000000    0.0000000000    0.0000000000    0.0000000000    0.0000000000    0.0000000000    0.0000000000    0.0000000000    0.0000000000    0.0000000000    0.0000000000    0.0000000000    0.0000000000    0.0000000000    0.0000000000    0.0000000000    0.0000000000    0.0000000000    0.0000000000    0.0000000000    0.0000000000    0.0000000000    0.0000000000    0.0000000000    0.0000000000    0.0000000000    0.0000000000    0.0000000000    0.0000000000    0.0000000000    0.0000000000    0.0000000000    0.0000000000    0.0000000000    0.0000000000    0.0000000000    0.0000000000    0.0000000000
  0.0000000000    0.0000000000    0.0000000000    0.0000000000    0.0000000000    0.0000000000    0.0000000000    0.0000000000    0.0000000000    0.0000000000    0.0000000000    0.0000000000    0.0000000000    0.0000000000    0.0000000000    0.0000000000    0.0000000000    0.0000000000    0.0000000000    0.0000000000    0.0000000000    0.0000000000    0.0000000000    0.0000000000    0.0000000000    0.0000000000    0.0000000000    0.0000000000    0.0000000000    0.0000000000    0.0000000000    0.0000000000    0.0000000000    0.0000000000    0.0000000000    0.0000000000    0.0000000000    0.0000000000    0.0000000000    0.0000000000    0.0000000000    0.0000000000    0.0000000000    0.0000000000    0.0000000000    0.0000000000    0.0000000000    0.0000000000    0.0000000000    0.0000000000    0.0000000000    0.0000000000    0.0000000000    0.0000000000    0.0000000000    0.0000000000    0.0000000000    0.0000000000    0.0000000000    0.0000000000    0.0000000000    0.0000000000    0.0000000000    0.0000000000    0.0000000000    0.0000000000    0.0000000000    0.0000000000    0.0000000000    0.0000000000    0.0000000000    0.0000000000    0.0000000000    0.0000000000    0.0000000000    0.0000000000    0.0000000000    0.0000000000    0.0000000000    0.0000000000
  0.0000000169   -0.0000000146   -0.0001291307    0.0000000011   -0.0000000043    0.0000000170   -0.0000000018    0.0000000220   -0.0000000006   -0.0000000002    0.0000000096   -0.0000000156    0.0007447889    0.0003989782    0.0000000054    0.0000000185    0.0000000044   -0.0000000036    0.0014160550   -0.0000000290   -0.0000000172    0.0000000154    0.0000305605   -0.0000000141    0.0000000026    0.0000000062   -0.0000000176    0.0000000027    0.0000000028   -0.0000000016   -0.0000000027    0.0000000111    0.0000000051    0.0000000141   -0.0000000075   -0.0000000003   -0.0000000094    0.0000000042    0.0000000075   -0.0000000098   -0.0000923778   -0.0000000365   -0.0000000045    0.0000000063    0.0000034808    0.0000000028    0.0000000068   -0.0000000068    0.0000000654    0.0000000332   -0.0000000094    0.0000000057   -0.0000000042    0.0000000226   -0.0000408604    0.0000000066    0.0001266889    0.0000000226   -0.0000000095   -0.0000000027   -0.0000000139   -0.0000000027   -0.0000000001   -0.0000000016    0.0000114950    0.0000000434    0.0000000030    0.0000000055    0.0000000145    0.0000000031   -0.0000020336   -0.0000000060   -0.0000000034    0.0000000031    0.0000000050   -0.0000000173    0.0000000168    0.0000000258    0.0000000038    0.0000000003
 -0.0000000183    0.0000000157   -0.0000000141    0.0000000022    0.0001549591    0.0000000183   -0.0000000021    0.0000000172    0.0000000022    0.0000000032    0.0000000131   -0.0000000185    0.0000000449   -0.0000000061   -0.0000000025    0.0002979884    0.0009975997    0.0000000055    0.0000000305    0.0000000057    0.0000000269   -0.0000000331    0.0000000134   -0.0000000121    0.0000000044    0.0003456436   -0.0000000093    0.0000000014    0.0000000032    0.0000000006    0.0006986101    0.0000000107   -0.0000000182    0.0000000372    0.0000000024   -0.0000000058    0.0000000003   -0.0000000113   -0.0000000106    0.0000000069    0.0000000397   -0.0000665183    0.0000000057   -0.0000000066   -0.0000000118   -0.0000000061   -0.0000000042   -0.0000006196    0.0000000301    0.0000000060   -0.0000000142   -0.0000000056    0.0000000054    0.0000000686   -0.0000000156    0.0000385898    0.0000000270   -0.0001409564    0.0000000009   -0.0000000077    0.0000000053    0.0000000133    0.0000000007    0.0000000023   -0.0000000569    0.0000071551   -0.0000000061   -0.0000000024    0.0000000067    0.0000000174   -0.0000000034   -0.0000059547    0.0000000014   -0.0000000051   -0.0000000271   -0.0000000009    0.0000000278    0.0000000166   -0.0000000016   -0.0000000031
 -0.0030470584    0.0000000355   -0.0000000255   -0.0000000014   -0.0000000176    0.0002139367    0.0000000007    0.0000000185   -0.0000000010   -0.0000000015   -0.0000826934   -0.0000000059   -0.0000000025   -0.0000000104   -0.0000000045   -0.0000000023   -0.0000000148    0.0000000056   -0.0000000047    0.0005013270   -0.0000000141   -0.0006076734   -0.0000000104    0.0000413509   -0.0000000010    0.0000000072   -0.0000000030   -0.0000000032    0.0000000013   -0.0000000051   -0.0000000051   -0.0000000102   -0.0000196755    0.0000000117    0.0000000001   -0.0000000016    0.0000000039   -0.0000000091    0.0000000030    0.0000000049    0.0000000668   -0.0000000302    0.0000000002   -0.0000000071   -0.0000000116   -0.0000000080   -0.0000000058    0.0000000085    0.0004953048   -0.0000454101   -0.0000000245   -0.0000000041    0.0000000017    0.0000000560   -0.0000000154    0.0000000078    0.0000000429    0.0000000289    0.0000000020   -0.0000000025    0.0000228686   -0.0000000010   -0.0000000007    0.0000000040   -0.0000000853    0.0000000448    0.0000000028    0.0000000042   -0.0010466055    0.0000000307   -0.0000000318   -0.0000000094    0.0000000043   -0.0000000045    0.0000048118   -0.0000000111    0.0000055530    0.0000000288   -0.0000000042   -0.0000000076
 -0.0000000436    0.0029336254   -0.0000000344   -0.0000000006   -0.0000000368    0.0000000146   -0.0000000019   -0.0004129244    0.0000000007    0.0000000017   -0.0000000020   -0.0000177236    0.0000000263    0.0000000010    0.0000000005   -0.0000000079   -0.0000000090   -0.0000000018    0.0000000039    0.0000000050    0.0004575625   -0.0000000282    0.0000000359   -0.0000000115    0.0000000002   -0.0000000281    0.0002304149    0.0000000055    0.0000000010    0.0000000030    0.0000000457   -0.0000309157    0.0000000069   -0.0001156927   -0.0000000030   -0.0000000003   -0.0000000092    0.0000000049   -0.0000000013    0.0000000012    0.0000000308   -0.0000000585   -0.0000000059    0.0000000005    0.0000000153    0.0000000050    0.0000000053   -0.0000000023    0.0000000682    0.0000000332   -0.0000526354    0.0000000054   -0.0000000039   -0.0004006860   -0.0000000088   -0.0000000009    0.0000000152    0.0000000397   -0.0000000024    0.0000000027   -0.0000000203    0.0000305377    0.0000000029   -0.0000000023   -0.0000000359    0.0000000745   -0.0000000026   -0.0000000046   -0.0000000023    0.0010542288   -0.0000000122   -0.0000000351   -0.0000000025    0.0000000052   -0.0000000036   -0.0000060013    0.0000000270   -0.0000169563    0.0000000091    0.0000000039
 -0.0000000073   -0.0000000031    0.0000000035   -0.0003047241    0.0000000054   -0.0000000023   -0.0000000073    0.0000000045   -0.0000000235   -0.0000000213   -0.0000000041    0.0000000014    0.0000000289   -0.0000000102   -0.0001526999   -0.0000000031   -0.0000000057   -0.0000000155   -0.0000000059   -0.0000000088    0.0000000044   -0.0000000088   -0.0000000018   -0.0000000034   -0.0000079446    0.0000000121   -0.0000000040   -0.0000000208    0.0000000536   -0.0000000093   -0.0000000247    0.0000000043   -0.0000000026   -0.0000000002    0.0000000178    0.0000000007   -0.0038617678    0.0000000342    0.0000000367   -0.0000000002    0.0000000199    0.0000000287    0.0000000036   -0.0000000182    0.0000000214    0.0000029826    0.0000000423   -0.0000000158   -0.0000000115   -0.0000000041   -0.0000000019    0.0000294957    0.0000000013   -0.0000000056    0.0000000016    0.0000000039    0.0000000145   -0.0000000176    0.0018236617    0.0000002582   -0.0000000004   -0.0000000081   -0.0000000046   -0.0000000001    0.0000000173   -0.0000000101    0.0000000345    0.0000000032   -0.0000000032   -0.0000000033   -0.0000000145    0.0000000221   -0.0000119058    0.0000000170    0.0000000003    0.0000000041    0.0000000024    0.0000000044   -0.0000000136    0.0000000005
 -0.0000000010   -0.0000000051   -0.0000000109    0.0000000583   -0.0000000068   -0.0000000024    0.0001034640   -0.0000000003   -0.0000000281   -0.0000000318    0.0000000015   -0.0000000008    0.0000000090    0.0000000062   -0.0000000062    0.0000000202    0.0000000096   -0.0003070813   -0.0000000009    0.0000000072   -0.0000000078    0.0000000022    0.0000000167    0.0000000034    0.0000000796   -0.0000000105    0.0000000022   -0.0000000197    0.0000675323   -0.0000000096   -0.0000000097   -0.0000000048   -0.0000000007   -0.0000000020   -0.0000000077    0.0000000273   -0.0000000851    0.0038380826   -0.0000000012    0.0000000326   -0.0000000188   -0.0000000284   -0.0000000078    0.0000000050   -0.0000000218   -0.0000000397    0.0000016132    0.0000000136   -0.0000000010   -0.0000000039    0.0000000103    0.0000000016    0.0000228276   -0.0000000056   -0.0000000063   -0.0000000011   -0.0000000099    0.0000000261    0.0000003149   -0.0018262101    0.0000000086    0.0000000088    0.0000000003   -0.0000000003   -0.0000000028   -0.0000000072    0.0000000006   -0.0000000369   -0.0000000017   -0.0000000013    0.0000000282   -0.0000000054    0.0000000153    0.0000096329   -0.0000000060   -0.0000000063   -0.0000000008   -0.0000000024   -0.0000000028    0.0000000194
 -0.0000000284    0.0000000249   -0.0004387419   -0.0000000039    0.0000000288    0.0000000050    0.0000000036   -0.0000000095    0.0000000038    0.0000000036    0.0000000615   -0.0000000297    0.0018402758    0.0012649325   -0.0000000099   -0.0000000239    0.0000000554    0.0000000057    0.0032054989   -0.0000000297    0.0000000598   -0.0000000352    0.0000091147    0.0000000030   -0.0000000051    0.0000000083   -0.0000000047   -0.0000000014   -0.0000000053    0.0000000057    0.0000000699    0.0000000291   -0.0000000860    0.0000000159    0.0000000137   -0.0000000000    0.0000000082   -0.0000000081   -0.0000000086    0.0000000073   -0.0036930872   -0.0000000063    0.0000000069   -0.0000000124   -0.0000772222   -0.0000000013   -0.0000000123    0.0000000095   -0.0000001132   -0.0000000459    0.0000000212   -0.0000000099    0.0000000078   -0.0000000410   -0.0000865908   -0.0000000030    0.0016403794   -0.0000000626    0.0000000071    0.0000000096    0.0000000184    0.0000000063    0.0000000015    0.0000000012   -0.0000038611   -0.0000000693    0.0000000013   -0.0000000072   -0.0000000253   -0.0000000095    0.0000212245    0.0000000045    0.0000000055   -0.0000000040   -0.0000000071    0.0000000295   -0.0000000301   -0.0000000387   -0.0000000052   -0.0000000009
 -0.0000000389    0.0000000220   -0.0000000178    0.0000000038   -0.0003436660    0.0000000040   -0.0000000041   -0.0000000074    0.0000000045    0.0000000045   -0.0000000349    0.0000000368   -0.0000000041   -0.0000000078   -0.0000000072   -0.0006560783   -0.0023527899    0.0000000133   -0.0000000210    0.0000000139    0.0000000106   -0.0000000413    0.0000000239    0.0000000037    0.0000000062   -0.0006550195    0.0000000258    0.0000000053    0.0000000061    0.0000000011   -0.0022149097   -0.0000000196    0.0000000232    0.0000000287    0.0000000071   -0.0000000142    0.0000000038   -0.0000000111   -0.0000000099    0.0000000071    0.0000001172    0.0036023125    0.0000000107   -0.0000000109   -0.0000000220   -0.0000000119   -0.0000000057    0.0000601913    0.0000000525   -0.0000000004   -0.0000000387   -0.0000000114    0.0000000097    0.0000001259   -0.0000000238   -0.0003969023    0.0000000143    0.0015284261   -0.0000000111   -0.0000000068    0.0000000078    0.0000000184    0.0000000009    0.0000000035   -0.0000000901   -0.0000464837   -0.0000000081    0.0000000028    0.0000000101    0.0000000263    0.0000000007   -0.0000169183    0.0000000023   -0.0000000083   -0.0000000365   -0.0000000089    0.0000000389    0.0000000360   -0.0000000033   -0.0000000057
 -0.0000000028   -0.0000000140    0.0000000028    0.0000000002   -0.0000000087   -0.0000000004   -0.0000000039    0.0000000016   -0.0002315614    0.0000000309   -0.0000000012    0.0000000011   -0.0000000146    0.0000000010   -0.0000000276   -0.0000000004    0.0000000042    0.0000000170    0.0000000068   -0.0000000018    0.0000000025    0.0000000025    0.0000000061   -0.0000000011   -0.0000000080   -0.0000000147    0.0000000027   -0.0000382211    0.0000000091    0.0000000318    0.0000000047   -0.0000000011    0.0000000048    0.0000000026   -0.0001652538    0.0000000165   -0.0000000046    0.0000000036    0.0026440200    0.0000000567   -0.0000000047    0.0000000030    0.0000132770    0.0000000016   -0.0000000006   -0.0000000163   -0.0000000010   -0.0000000023   -0.0000000102   -0.0000000016   -0.0000000101    0.0000000040   -0.0000000064    0.0000000133    0.0000000126   -0.0000000058   -0.0000000010   -0.0000000080   -0.0000000074    0.0000000089   -0.0000000044   -0.0000000092    0.0000241698   -0.0000000108    0.0000000086   -0.0000000114   -0.0014328339    0.0000001158   -0.0000000020    0.0000000024    0.0000000023   -0.0000000096    0.0000000030    0.0000000023    0.0000000046    0.0000000030   -0.0000000055    0.0000000102    0.0000039299    0.0000000160
  0.0000000279    0.0000000063    0.0000000097   -0.0000000085   -0.0000000088   -0.0000000030   -0.0000000031   -0.0000000008    0.0000000213    0.0000232888    0.0000000017   -0.0000000011    0.0000000008    0.0000000077   -0.0000000350   -0.0000000048   -0.0000000126    0.0000000393   -0.0000000053    0.0000000021    0.0000000024    0.0000000014   -0.0000000254    0.0000000042   -0.0000000084    0.0000000052    0.0000000014   -0.0000000096    0.0000000170   -0.0001137508    0.0000000111    0.0000000009   -0.0000000005    0.0000000010    0.0000000169   -0.0002901389    0.0000000101   -0.0000000039    0.0000001422   -0.0026293547    0.0000000026   -0.0000000000    0.0000000018    0.0000442540   -0.0000000069   -0.0000000039   -0.0000000059   -0.0000000039    0.0000000153    0.0000000053    0.0000000054    0.0000000066   -0.0000000096   -0.0000000053    0.0000000038   -0.0000000032   -0.0000000006    0.0000000022    0.0000000063   -0.0000000099    0.0000000000    0.0000000049   -0.0000000085    0.0000497651    0.0000000005   -0.0000000021   -0.0000001607   -0.0014419773    0.0000000037    0.0000000003   -0.0000000049    0.0000000111   -0.0000000075    0.0000000086   -0.0000000026   -0.0000000018    0.0000000060   -0.0000000078   -0.0000000212    0.0000032901
 -0.0000001124    0.0000001102   -0.0048186459   -0.0000000039   -0.0000000593    0.0000000180    0.0000000059   -0.0000000026   -0.0000000017    0.0000000000   -0.0000000073   -0.0000000063   -0.0010865878   -0.0011984525    0.0000000022   -0.0000000199    0.0000000417    0.0000000051    0.0003723117    0.0000000207    0.0000000309   -0.0000000466    0.0033783455   -0.0000000114    0.0000000018   -0.0000000483    0.0000000096    0.0000000047   -0.0000000002    0.0000000032    0.0000000258   -0.0000000172    0.0000000243    0.0000000171   -0.0000000037    0.0000000031    0.0000000069   -0.0000000106   -0.0000000062    0.0000000135   -0.0000592676   -0.0000000072    0.0000000051   -0.0000000024    0.0008933444   -0.0000000240   -0.0000000071   -0.0000000094    0.0000000484    0.0000000125   -0.0000000091   -0.0000000031    0.0000000014    0.0000000493   -0.0028385725   -0.0000000448   -0.0001565428   -0.0000000065    0.0000000026   -0.0000000047    0.0000000113    0.0000000021    0.0000000021    0.0000000004    0.0004004620    0.0000000116   -0.0000000117   -0.0000000158    0.0000000103    0.0000000089   -0.0004831235    0.0000000010   -0.0000000001   -0.0000000020   -0.0000000197   -0.0000000011    0.0000000306    0.0000000174   -0.0000000014    0.0000000039
  0.0000001183   -0.0000001644    0.0000000822   -0.0000000040    0.0053374186   -0.0000000087   -0.0000000007    0.0000000168    0.0000000022    0.0000000024   -0.0000000004    0.0000000207    0.0000000076   -0.0000000034    0.0000000102    0.0003211767   -0.0013515306    0.0000000023   -0.0000000260   -0.0000000233   -0.0000000109    0.0000000220   -0.0000000640    0.0000000035    0.0000000046    0.0035767609   -0.0000000257    0.0000000014   -0.0000000015    0.0000000122   -0.0000631267   -0.0000000218    0.0000000034   -0.0000000380   -0.0000000079    0.0000000079    0.0000000130   -0.0000000040   -0.0000000167    0.0000000099   -0.0000000143    0.0000451733    0.0000000041    0.0000000002   -0.0000000332    0.0000000027    0.0000000006    0.0013952090   -0.0000000473   -0.0000000244    0.0000000295   -0.0000000001    0.0000000007   -0.0000000714    0.0000000423    0.0027686466   -0.0000000092    0.0005425403    0.0000000086   -0.0000000027    0.0000000137   -0.0000000055    0.0000000026   -0.0000000015    0.0000000049   -0.0004166576   -0.0000000121   -0.0000000112   -0.0000000122   -0.0000000137    0.0000000260   -0.0005395714   -0.0000000021    0.0000000011   -0.0000000001    0.0000000108   -0.0000000278   -0.0000000408   -0.0000000004    0.0000000049

# Root 8  E=0.3768719034 Ha  10.255212 eV
  0.0000000000    0.0000000000    0.0000000000    0.0000000000    0.0000000000    0.0000000000    0.0000000000    0.0000000000    0.0000000000    0.0000000000    0.0000000000    0.0000000000    0.0000000000    0.0000000000    0.0000000000    0.0000000000    0.0000000000    0.0000000000    0.0000000000    0.0000000000    0.0000000000    0.0000000000    0.0000000000    0.0000000000    0.0000000000    0.0000000000    0.0000000000    0.0000000000    0.0000000000    0.0000000000    0.0000000000    0.0000000000    0.0000000000    0.0000000000    0.0000000000    0.0000000000    0.0000000000    0.0000000000    0.0000000000    0.0000000000    0.0000000000    0.0000000000    0.0000000000    0.0000000000    0.0000000000    0.0000000000    0.0000000000    0.0000000000    0.0000000000    0.0000000000    0.0000000000    0.0000000000    0.0000000000    0.0000000000    0.0000000000    0.0000000000    0.0000000000    0.0000000000    0.0000000000    0.0000000000    0.0000000000    0.0000000000    0.0000000000    0.0000000000    0.0000000000    0.0000000000    0.0000000000    0.0000000000    0.0000000000    0.0000000000    0.0000000000    0.0000000000    0.0000000000    0.0000000000    0.0000000000    0.0000000000    0.0000000000    0.0000000000    0.0000000000    0.0000000000
  0.0000000000    0.0000000000    0.0000000000    0.0000000000    0.0000000000    0.0000000000    0.0000000000    0.0000000000    0.0000000000    0.0000000000    0.0000000000    0.0000000000    0.0000000000    0.0000000000    0.0000000000    0.0000000000    0.0000000000    0.0000000000    0.0000000000    0.0000000000    0.0000000000    0.0000000000    0.0000000000    0.0000000000    0.0000000000    0.0000000000    0.0000000000    0.0000000000    0.0000000000    0.0000000000    0.0000000000    0.0000000000    0.0000000000    0.0000000000    0.0000000000    0.0000000000    0.0000000000    0.0000000000    0.0000000000    0.0000000000    0.0000000000    0.0000000000    0.0000000000    0.0000000000    0.0000000000    0.0000000000    0.0000000000    0.0000000000    0.0000000000    0.0000000000    0.0000000000    0.0000000000    0.0000000000    0.0000000000    0.0000000000    0.0000000000    0.0000000000    0.0000000000    0.0000000000    0.0000000000    0.0000000000    0.0000000000    0.0000000000    0.0000000000    0.0000000000    0.0000000000    0.0000000000    0.0000000000    0.0000000000    0.0000000000    0.0000000000    0.0000000000    0.0000000000    0.0000000000    0.0000000000    0.0000000000    0.0000000000    0.0000000000    0.0000000000    0.0000000000
  0.0000000000    0.0000000000    0.0000000000    0.0000000000    0.0000000000    0.0000000000    0.0000000000    0.0000000000    0.0000000000    0.0000000000    0.0000000000    0.0000000000    0.0000000000    0.0000000000    0.0000000000    0.0000000000    0.0000000000    0.0000000000    0.0000000000    0.0000000000    0.0000000000    0.0000000000    0.0000000000    0.0000000000    0.0000000000    0.0000000000    0.0000000000    0.0000000000    0.0000000000    0.0000000000    0.0000000000    0.0000000000    0.0000000000    0.0000000000    0.0000000000    0.0000000000    0.0000000000    0.0000000000    0.0000000000    0.0000000000    0.0000000000    0.0000000000    0.0000000000    0.0000000000    0.0000000000    0.0000000000    0.0000000000    0.0000000000    0.0000000000    0.0000000000    0.0000000000    0.0000000000    0.0000000000    0.0000000000    0.0000000000    0.0000000000    0.0000000000    0.0000000000    0.0000000000    0.0000000000    0.0000000000    0.0000000000    0.0000000000    0.0000000000    0.0000000000    0.0000000000    0.0000000000    0.0000000000    0.0000000000    0.0000000000    0.0000000000    0.0000000000    0.0000000000    0.0000000000    0.0000000000    0.0000000000    0.0000000000    0.0000000000    0.0000000000    0.0000000000
  0.0000000000    0.0000000000    0.0000000000    0.0000000000    0.0000000000    0.0000000000    0.0000000000    0.0000000000    0.0000000000    0.0000000000    0.0000000000    0.0000000000    0.0000000000    0.0000000000    0.0000000000    0.0000000000    0.0000000000    0.0000000000    0.0000000000    0.0000000000    0.0000000000    0.0000000000    0.0000000000    0.0000000000    0.0000000000    0.0000000000    0.0000000000    0.0000000000    0.0000000000    0.0000000000    0.0000000000    0.0000000000    0.0000000000    0.0000000000    0.0000000000    0.0000000000    0.0000000000    0.0000000000    0.0000000000    0.0000000000    0.0000000000    0.0000000000    0.0000000000    0.0000000000    0.0000000000    0.0000000000    0.0000000000    0.0000000000    0.0000000000    0.0000000000    0.0000000000    0.0000000000    0.0000000000    0.0000000000    0.0000000000    0.0000000000    0.0000000000    0.0000000000    0.0000000000    0.0000000000    0.0000000000    0.0000000000    0.0000000000    0.0000000000    0.0000000000    0.0000000000    0.0000000000    0.0000000000    0.0000000000    0.0000000000    0.0000000000    0.0000000000    0.0000000000    0.0000000000    0.0000000000    0.0000000000    0.0000000000    0.0000000000    0.0000000000    0.0000000000
 -0.0000000012   -0.0000000044    0.0000000008   -0.0000000118    0.0000000002    0.0000000276    0.0001046768   -0.0000000692   -0.0000000005   -0.0000000006    0.0000000202    0.0000000577   -0.0000000012   -0.0000000036    0.0000000054   -0.0000000054   -0.0000000009    0.0000465205   -0.0000000026   -0.0000000084   -0.0000000321   -0.0000000049   -0.0000000009   -0.0000000203   -0.0000000201    0.0000000016    0.0000000489    0.0000000001   -0.0000097144   -0.0000000037    0.0000000036   -0.0000000398   -0.0000000223   -0.0000000452    0.0000000030   -0.0000000088    0.0000000269    0.0017350654   -0.0000000019   -0.0000000182    0.0000000076    0.0000000060    0.0000000052   -0.0000000019    0.0000000122    0.0000000130    0.0000074448   -0.0000000041   -0.0000000026    0.0000000043   -0.0000000141   -0.0000000025   -0.0000024359    0.0000000013   -0.0000000006    0.0000000038    0.0000000059   -0.0000000089    0.0000001625   -0.0010633489   -0.0000000017   -0.0000000060   -0.0000000005    0.0000000023   -0.0000000026    0.0000000049   -0.0000000038    0.0000000160   -0.0000000010   -0.0000000002   -0.0000000154    0.0000000026   -0.0000000011   -0.0000057579    0.0000000011   -0.0000000044   -0.0000000032    0.0000000019    0.0000000021   -0.0000000057
 -0.0000000252    0.0000000111   -0.0000000026   -0.0000338959   -0.0000000022   -0.0000000703    0.0000000131    0.0000000267   -0.0000000031   -0.0000000028   -0.0000000577   -0.0000000187   -0.0000000079    0.0000000005   -0.0000537405    0.0000000020   -0.0000000018    0.0000000032   -0.0000000022    0.0000000078    0.0000000149    0.0000000171    0.0000000038    0.0000000457    0.0000560257   -0.0000000023   -0.0000000243   -0.0000000039   -0.0000000227   -0.0000000034    0.0000000033    0.0000000127    0.0000000683    0.0000000121   -0.0000000056    0.0000000010   -0.0017317663   -0.0000000391   -0.0000000164   -0.0000000046   -0.0000000049   -0.0000000076   -0.0000000012    0.0000000063   -0.0000000061   -0.0000213743   -0.0000000125    0.0000000114   -0.0000000029   -0.0000000130    0.0000000046    0.0000290078   -0.0000000002   -0.0000000061   -0.0000000008   -0.0000000022   -0.0000000093    0.0000000067    0.0010636686    0.0000002118    0.0000000000    0.0000000003    0.0000000021   -0.0000000001   -0.0000000057    0.0000000033   -0.0000000170    0.0000000032   -0.0000000010   -0.0000000002    0.0000000033   -0.0000000153   -0.0000027029   -0.0000000030    0.0000000075    0.0000000058   -0.0000000063   -0.0000000047    0.0000000056   -0.0000000020
  0.0000000053   -0.0000000002   -0.0000000356    0.0000000026    0.0000000951    0.0000000015    0.0000000088    0.0000000035   -0.0000000045   -0.0000341444    0.0000000014   -0.0000000014    0.0000000179    0.0000000030    0.0000000001    0.0000000247    0.0000000289    0.0000000047   -0.0000000054   -0.0000000012    0.0000000015    0.0000000004    0.0000000201   -0.0000000009    0.0000000018    0.0000000255   -0.0000000032   -0.0000000031   -0.0000000045   -0.0000075929   -0.0000000374   -0.0000000013   -0.0000000014   -0.0000000012   -0.0000000030    0.0001757768    0.0000000037   -0.0000000021   -0.0000000291    0.0021312327   -0.0000000067    0.0000000007   -0.0000000002   -0.0000336038   -0.0000000078   -0.0000000013   -0.0000000016    0.0000000024   -0.0000000025   -0.0000000005    0.0000000023   -0.0000000014    0.0000000012   -0.0000000063   -0.0000000013    0.0000000019   -0.0000000040   -0.0000000018    0.0000000011   -0.0000000031   -0.0000000004    0.0000000011   -0.0000000009   -0.0000165964   -0.0000000004    0.0000000040    0.0000000683    0.0007177134    0.0000000008   -0.0000000014    0.0000000038    0.0000000002    0.0000000012   -0.0000000034   -0.0000000006    0.0000000021   -0.0000000002   -0.0000000061    0.0000000042    0.0000029322
  0.0000000015   -0.0000000053    0.0000001047    0.0000000029   -0.0000000365    0.0000000038    0.0000000025    0.0000000025    0.0000042886    0.0000000018    0.0000000034   -0.0000000014   -0.0000000695   -0.0000000008   -0.0000000018    0.0000000003   -0.0000000096   -0.0000000003    0.0000000221    0.0000000003   -0.0000000013    0.0000000016   -0.0000000341   -0.0000000008    0.0000000015   -0.0000000190   -0.0000000015   -0.0001023723   -0.0000000002   -0.0000000026    0.0000000085    0.0000000008   -0.0000000050    0.0000000019    0.0001060957   -0.0000000039    0.0000000028    0.0000000006   -0.0021347821   -0.0000001163    0.0000000022    0.0000000080   -0.0000541546    0.0000000013   -0.0000000015    0.0000000029   -0.0000000011    0.0000000005   -0.0000000067   -0.0000000067    0.0000000003   -0.0000000010    0.0000000012    0.0000000016   -0.0000000035    0.0000000013    0.0000000012   -0.0000000037   -0.0000000007   -0.0000000001    0.0000000037    0.0000000036   -0.0000265447   -0.0000000000   -0.0000000006    0.0000000042    0.0007212731   -0.0000001099   -0.0000000012   -0.0000000015    0.0000000022    0.0000000039   -0.0000000011   -0.0000000002   -0.0000000010   -0.0000000017   -0.0000000064   -0.0000000001   -0.0000002219    0.0000000003
 -0.0000000665    0.0000000360   -0.0000000264    0.0000000071   -0.0003553964    0.0000000009   -0.0000000011   -0.0000000102   -0.0000000230    0.0000001020    0.0000000016   -0.0000000098    0.0000000981    0.0000000143   -0.0000000086   -0.0005394271   -0.0025241482    0.0000000160    0.0000001139    0.0000000062    0.0000000518   -0.0000000831    0.0000000391    0.0000000022    0.0000000082   -0.0008199010    0.0000000187   -0.0000000109    0.0000000085    0.0000000483   -0.0025788656    0.0000000118   -0.0000000117    0.0000000700    0.0000000078   -0.0000000269    0.0000000078   -0.0000000120   -0.0000000269    0.0000000122    0.0000000613    0.0016065582    0.0000000287   -0.0000000075   -0.0000000468   -0.0000000237   -0.0000000022    0.0000482104    0.0000000761    0.0000000050   -0.0000000483   -0.0000000206    0.0000000125    0.0000001777   -0.0000000332    0.0001793690    0.0000000458   -0.0004851996   -0.0000000120   -0.0000000040    0.0000000053    0.0000000219    0.0000000011   -0.0000000015   -0.0000001499    0.0000047926   -0.0000000141    0.0000000012    0.0000000214    0.0000000393    0.0000000053   -0.0000259407    0.0000000024   -0.0000000117   -0.0000000518   -0.0000000161    0.0000000529    0.0000000434   -0.0000000054   -0.0000000154
  0.0000000505   -0.0000000752    0.0005485898    0.0000000100    0.0000000155   -0.0000000101   -0.0000000021    0.0000000166    0.0000000994   -0.0000000379   -0.0000000165   -0.0000000056   -0.0024843562   -0.0011712875    0.0000000112    0.0000000238    0.0000000460   -0.0000000053   -0.0034324499    0.0000000106   -0.0000000794    0.0000000567    0.0000107481    0.0000000010    0.0000000151    0.0000000429   -0.0000000152    0.0000000434    0.0000000044   -0.0000000338    0.0000000280    0.0000000006    0.0000000504   -0.0000000001   -0.0000000083   -0.0000000012   -0.0000000103   -0.0000000035    0.0000000060   -0.0000000186    0.0018208479   -0.0000001262   -0.0000000237    0.0000000237    0.0000586731   -0.0000000016    0.0000000250   -0.0000000394    0.0000001619    0.0000000535   -0.0000000129    0.0000000125   -0.0000000181    0.0000000660   -0.0000946770    0.0000000212    0.0005712720    0.0000000711   -0.0000000031   -0.0000000066   -0.0000000242    0.0000000074    0.0000000017   -0.0000000010    0.0000166471    0.0000001313   -0.0000000049    0.0000000133    0.0000000363    0.0000000156    0.0000058549    0.0000000056   -0.0000000090    0.0000000040   -0.0000000018   -0.0000000456    0.0000000335    0.0000000495    0.0000000052    0.0000000079
  0.0000000175    0.0000000163    0.0000000081   -0.0000000392    0.0000000060   -0.0000000104   -0.0001797523   -0.0000000056    0.0000000051    0.0000000068    0.0000000347    0.0000001626   -0.0000000070   -0.0000000076    0.0000000030   -0.0000000221   -0.0000000077    0.0001055937    0.0000000005   -0.0000000212   -0.0000000509   -0.0000000123   -0.0000000141   -0.0000000007   -0.0000000592    0.0000000116    0.0000000503    0.0000000060   -0.0000516013   -0.0000000036    0.0000000082   -0.0000001100   -0.0000000449   -0.0000000654    0.0000000059   -0.0000000217   -0.0000000155   -0.0020532778   -0.0000000022   -0.0000000315    0.0000000181    0.0000000195    0.0000000087   -0.0000000076    0.0000000213    0.0000000323   -0.0000020502   -0.0000000095   -0.0000000029    0.0000000125   -0.0000000162   -0.0000000009   -0.0000268318    0.0000000050    0.0000000042    0.0000000020    0.0000000086   -0.0000000211    0.0000000821   -0.0004036213   -0.0000000096   -0.0000000138   -0.0000000008    0.0000000021   -0.0000000002    0.0000000084   -0.0000000013    0.0000000322   -0.0000000002    0.0000000020   -0.0000000272    0.0000000016   -0.0000000118    0.0000050516    0.0000000010    0.0000000015    0.0000000026    0.0000000040    0.0000000036   -0.0000000167
 -0.0000000373    0.0000000071   -0.0000000015   -0.0001797333    0.0000000034   -0.0000000011   -0.0000000268    0.0000000103    0.0000000010    0.0000000008    0.0000001631    0.0000000385    0.0000000207   -0.0000000024    0.0000496905    0.0000000024    0.0000000090    0.0000000049   -0.0000000018   -0.0000000643   -0.0000000141   -0.0000000358    0.0000000012   -0.0000000226    0.0000714283    0.0000000104    0.0000000076   -0.0000000043    0.0000000444    0.0000000030   -0.0000000061   -0.0000000377   -0.0000001379   -0.0000000239    0.0000000172   -0.0000000017   -0.0018512639   -0.0000000697    0.0000000326   -0.0000000003    0.0000000102    0.0000000077    0.0000000001   -0.0000000118    0.0000000107   -0.0000292227    0.0000000309   -0.0000000133   -0.0000000042    0.0000000068   -0.0000000099   -0.0000372178    0.0000000010   -0.0000000026    0.0000000014    0.0000000026    0.0000000114   -0.0000000155   -0.0004550354   -0.0000000990   -0.0000000049   -0.0000000081   -0.0000000023   -0.0000000026    0.0000000146   -0.0000000086    0.0000000295   -0.0000000012   -0.0000000005   -0.0000000005   -0.0000000071    0.0000000185    0.0000122687    0.0000000135   -0.0000000046   -0.0000000014    0.0000000053    0.0000000055   -0.0000000112    0.0000000016
 -0.0000001701   -0.0079055014    0.0000000025   -0.0000000196   -0.0000000004    0.0000000155   -0.0000000229    0.0006222727    0.0000000052    0.0000000058   -0.0000000155    0.0001156028   -0.0000000042   -0.0000000121   -0.0000000170   -0.0000000232   -0.0000000020   -0.0000001472    0.0000000221   -0.0000000024    0.0002670521    0.0000000011    0.0000000104   -0.0000000165   -0.0000000229   -0.0000000043    0.0004914969    0.0000000125   -0.0000000245    0.0000000076    0.0000000217   -0.0006220910    0.0000000529    0.0008599499   -0.0000000063    0.0000000049   -0.0000000008   -0.0000000089   -0.0000000047    0.0000000095   -0.0000000203    0.0000000642   -0.0000000093   -0.0000000138    0.0000000230   -0.0000000102    0.0000000147   -0.0000000135    0.0000000033    0.0000000184    0.0001708792    0.0000000185    0.0000000174    0.0011216079    0.0000000226   -0.0000000233   -0.0000000143   -0.0000000516   -0.0000000006   -0.0000000095   -0.0000000039    0.0001301069    0.0000000056   -0.0000000065    0.0000000505   -0.0000000748   -0.0000000057   -0.0000000094   -0.0000000017    0.0001211060   -0.0000000079    0.0000000131   -0.0000000091    0.0000000056    0.0000000259    0.0000118372   -0.0000000160    0.0000011508    0.0000000148   -0.0000000039
  0.0069811203    0.0000001671    0.0000000151    0.0000000154   -0.0000000016   -0.0004079742   -0.0000000237   -0.0000000299    0.0000000020    0.0000000001    0.0000215052   -0.0000000253   -0.0000000361    0.0000000205    0.0000001283    0.0000000015   -0.0000000111    0.0000000250   -0.0000000052   -0.0001275817   -0.0000000222   -0.0005344097   -0.0000000313    0.0001709695    0.0000000354   -0.0000000070   -0.0000000008    0.0000000012    0.0000000190   -0.0000000057   -0.0000000017    0.0000000497    0.0000837800    0.0000000027   -0.0000000030   -0.0000000043   -0.0000000036   -0.0000000057    0.0000000027    0.0000000052   -0.0000000464    0.0000000131   -0.0000000061   -0.0000000003   -0.0000000268    0.0000000248   -0.0000000082   -0.0000000101   -0.0013709124    0.0001595123    0.0000000019   -0.0000000241   -0.0000000046   -0.0000000295    0.0000000072    0.0000000049   -0.0000000184   -0.0000000040   -0.0000000043   -0.0000000004    0.0000180741    0.0000000253   -0.0000000014    0.0000000094    0.0000000464   -0.0000000194    0.0000000048    0.0000000079   -0.0001704858   -0.0000000019    0.0000000325    0.0000000111    0.0000000198   -0.0000000067    0.0000129248    0.0000000047    0.0000172817   -0.0000000201   -0.0000000015   -0.0000000066
 -0.0000001316   -0.0000004924   -0.0000000014   -0.0000000726   -0.0000000037    0.0000000199    0.0037102416    0.0000000548   -0.0000000037   -0.0000000014   -0.0000000039    0.0000000307   -0.0000000011    0.0000000010    0.0000000834    0.0000000153    0.0000000172    0.0039526739    0.0000000144   -0.0000000024   -0.0000000457   -0.0000000504    0.0000000272   -0.0000000206   -0.0000000128   -0.0000000114   -0.0000000382   -0.0000000027    0.0001192085    0.0000000021    0.0000000005   -0.0000000078    0.0000000363   -0.0000000523   -0.0000000033    0.0000000113    0.0000000001    0.0000454689    0.0000000009   -0.0000000154   -0.0000000075    0.0000000064   -0.0000000136   -0.0000000020    0.0000000119   -0.0000000221    0.0001497885    0.0000000111    0.0000000117    0.0000000277    0.0000000041   -0.0000000184   -0.0006247862   -0.0000000404    0.0000000162   -0.0000000121   -0.0000000075   -0.0000000142    0.0000000031   -0.0000494915   -0.0000000183   -0.0000000326   -0.0000000077    0.0000000029    0.0000000179   -0.0000000249    0.0000000015    0.0000000105    0.0000000073   -0.0000000065   -0.0000000044   -0.0000000234    0.0000000059    0.0000655662    0.0000000204    0.0000000125    0.0000000104   -0.0000000093    0.0000000103   -0.0000000070
 -0.0000004448   -0.0000001750    0.0000000023   -0.0035592057   -0.0000000110    0.0000000601    0.0000000883    0.0000000184   -0.0000000067   -0.0000000033   -0.0000000259    0.0000000303   -0.0000000215    0.0000000024    0.0042535025    0.0000000019    0.0000000099    0.0000000586    0.0000000078    0.0000001304   -0.0000000279   -0.0000000966    0.0000000217   -0.0000000298   -0.0001777358   -0.0000000169   -0.0000000186   -0.0000000054   -0.0000000098   -0.0000000018    0.0000000052   -0.0000000230    0.0000000368   -0.0000000366   -0.0000000119    0.0000000172    0.0000341222    0.0000000043    0.0000000148   -0.0000000037    0.0000000015    0.0000000035   -0.0000000273   -0.0000000065    0.0000000184   -0.0000314314    0.0000000132    0.0000000002    0.0000000258    0.0000000240   -0.0000000001   -0.0006729026   -0.0000000172   -0.0000000240    0.0000000131   -0.0000000220    0.0000000005   -0.0000000084   -0.0000070813    0.0000000001   -0.0000000126   -0.0000000259   -0.0000000072    0.0000000016    0.0000000166   -0.0000000231    0.0000000094    0.0000000003    0.0000000095   -0.0000000033   -0.0000000118   -0.0000000102    0.0000980170    0.0000000051    0.0000000144    0.0000000030    0.0000000161    0.0000000063   -0.0000000045   -0.0000000108

# Root 9  E=0.3291010288 Ha  8.955300 eV
  0.0000000000    0.0000000000    0.0000000000    0.0000000000    0.0000000000    0.0000000000    0.0000000000    0.0000000000    0.0000000000    0.0000000000    0.0000000000    0.0000000000    0.0000000000    0.0000000000    0.0000000000    0.0000000000    0.0000000000    0.0000000000    0.0000000000    0.0000000000    0.0000000000    0.0000000000    0.0000000000    0.0000000000    0.0000000000    0.0000000000    0.0000000000    0.0000000000    0.0000000000    0.0000000000    0.0000000000    0.0000000000    0.0000000000    0.0000000000    0.0000000000    0.0000000000    0.0000000000    0.0000000000    0.0000000000    0.0000000000    0.0000000000    0.0000000000    0.0000000000    0.0000000000    0.0000000000    0.0000000000    0.0000000000    0.0000000000    0.0000000000    0.0000000000    0.0000000000    0.0000000000    0.0000000000    0.0000000000    0.0000000000    0.0000000000    0.0000000000    0.0000000000    0.0000000000    0.0000000000    0.0000000000    0.0000000000    0.0000000000    0.0000000000    0.0000000000    0.0000000000    0.0000000000    0.0000000000    0.0000000000    0.0000000000    0.0000000000    0.0000000000    0.0000000000    0.0000000000    0.0000000000    0.0000000000    0.0000000000    0.0000000000    0.0000000000    0.0000000000
  0.0000000000    0.0000000000    0.0000000000    0.0000000000    0.0000000000    0.0000000000    0.0000000000    0.0000000000    0.0000000000    0.0000000000    0.0000000000    0.0000000000    0.0000000000    0.0000000000    0.0000000000    0.0000000000    0.0000000000    0.0000000000    0.0000000000    0.0000000000    0.0000000000    0.0000000000    0.0000000000    0.0000000000    0.0000000000    0.0000000000    0.0000000000    0.0000000000    0.0000000000    0.0000000000    0.0000000000    0.0000000000    0.0000000000    0.0000000000    0.0000000000    0.0000000000    0.0000000000    0.0000000000    0.0000000000    0.0000000000    0.0000000000    0.0000000000    0.0000000000    0.0000000000    0.0000000000    0.0000000000    0.0000000000    0.0000000000    0.0000000000    0.0000000000    0.0000000000    0.0000000000    0.0000000000    0.0000000000    0.0000000000    0.0000000000    0.0000000000    0.0000000000    0.0000000000    0.0000000000    0.0000000000    0.0000000000    0.0000000000    0.0000000000    0.0000000000    0.0000000000    0.0000000000    0.0000000000    0.0000000000    0.0000000000    0.0000000000    0.0000000000    0.0000000000    0.0000000000    0.0000000000    0.0000000000    0.0000000000    0.0000000000    0.0000000000    0.0000000000
  0.0000000000    0.0000000000    0.0000000000    0.0000000000    0.0000000000    0.0000000000    0.0000000000    0.0000000000    0.0000000000    0.0000000000    0.0000000000    0.0000000000    0.0000000000    0.0000000000    0.0000000000    0.0000000000    0.0000000000    0.0000000000    0.0000000000    0.0000000000    0.0000000000    0.0000000000    0.0000000000    0.0000000000    0.0000000000    0.0000000000    0.0000000000    0.0000000000    0.0000000000    0.0000000000    0.0000000000    0.0000000000    0.0000000000    0.0000000000    0.0000000000    0.0000000000    0.0000000000    0.0000000000    0.0000000000    0.0000000000    0.0000000000    0.0000000000    0.0000000000    0.0000000000    0.0000000000    0.0000000000    0.0000000000    0.0000000000    0.0000000000    0.0000000000    0.0000000000    0.0000000000    0.0000000000    0.0000000000    0.0000000000    0.0000000000    0.0000000000    0.0000000000    0.0000000000    0.0000000000    0.0000000000    0.0000000000    0.0000000000    0.0000000000    0.0000000000    0.0000000000    0.0000000000    0.0000000000    0.0000000000    0.0000000000    0.0000000000    0.0000000000    0.0000000000    0.0000000000    0.0000000000    0.0000000000    0.0000000000    0.0000000000    0.0000000000    0.0000000000
  0.0000000000    0.0000000000    0.0000000000    0.0000000000    0.0000000000    0.0000000000    0.0000000000    0.0000000000    0.0000000000    0.0000000000    0.0000000000    0.0000000000    0.0000000000    0.0000000000    0.0000000000    0.0000000000    0.0000000000    0.0000000000    0.0000000000    0.0000000000    0.0000000000    0.0000000000    0.0000000000    0.0000000000    0.0000000000    0.0000000000    0.0000000000    0.0000000000    0.0000000000    0.0000000000    0.0000000000    0.0000000000    0.0000000000    0.0000000000    0.0000000000    0.0000000000    0.0000000000    0.0000000000    0.0000000000    0.0000000000    0.0000000000    0.0000000000    0.0000000000    0.0000000000    0.0000000000    0.0000000000    0.0000000000    0.0000000000    0.0000000000    0.0000000000    0.0000000000    0.0000000000    0.0000000000    0.0000000000    0.0000000000    0.0000000000    0.0000000000    0.0000000000    0.0000000000    0.0000000000    0.0000000000    0.0000000000    0.0000000000    0.0000000000    0.0000000000    0.0000000000    0.0000000000    0.0000000000    0.0000000000    0.0000000000    0.0000000000    0.0000000000    0.0000000000    0.0000000000    0.0000000000    0.0000000000    0.0000000000    0.0000000000    0.0000000000    0.0000000000
  0.0000000416    0.0012718486   -0.0000000009   -0.0000000043    0.0000000140    0.0000003305    0.0000000041    0.0086884858   -0.0000000002    0.0000000068    0.0000002892   -0.0068779898   -0.0000000164    0.0000000093   -0.0000000084    0.0000000364    0.0000000141    0.0000000058   -0.0000000071   -0.0000001258    0.0042420360   -0.0000000474    0.0000000053   -0.0000002328   -0.0000000001   -0.0000000060   -0.0064851771   -0.0000000031    0.0000000104    0.0000000057   -0.0000000009    0.0042952140   -0.0000003137    0.0054301686    0.0000000026    0.0000000060   -0.0000000064    0.0000000173    0.0000000027    0.0000000056    0.0000000189   -0.0000000490   -0.0000000033   -0.0000000015    0.0000000078    0.0000000029    0.0000000010    0.0000000120    0.0000000158    0.0000000804    0.0015318183    0.0000000001    0.0000000038   -0.0004969898   -0.0000000037    0.0000000073    0.0000000180    0.0000000378    0.0000000033   -0.0000000160   -0.0000000244    0.0002139799   -0.0000000027    0.0000000013   -0.0000000285    0.0000000481    0.0000000055   -0.0000000045    0.0000000007   -0.0000738825   -0.0000000012   -0.0000000336    0.0000000003    0.0000000000   -0.0000000409    0.0008393638    0.0000000482   -0.0003930130   -0.0000000060   -0.0000000054
  0.0029321569    0.0000000296   -0.0000000022   -0.0000000095    0.0000000072    0.0087537318   -0.0000000013    0.0000003061   -0.0000000055   -0.0000000004    0.0069443035   -0.0000002448    0.0000000364   -0.0000000172    0.0000000041   -0.0000000215   -0.0000000050   -0.0000000091   -0.0000000156   -0.0012001019    0.0000001594   -0.0020615341   -0.0000000221   -0.0061700864    0.0000000220    0.0000000057   -0.0000002256   -0.0000000081    0.0000000017    0.0000000011    0.0000000159    0.0000001774   -0.0083384497    0.0000001944    0.0000000057    0.0000000025   -0.0000000378    0.0000000169    0.0000000147    0.0000000066    0.0000000605   -0.0000000246   -0.0000000007    0.0000000016    0.0000000016   -0.0000000055   -0.0000000113    0.0000000018    0.0001108577    0.0015822896    0.0000000474    0.0000000021   -0.0000000001    0.0000000106   -0.0000000249    0.0000000004    0.0000000406    0.0000000348    0.0000000078   -0.0000000034   -0.0003963875    0.0000000148    0.0000000025   -0.0000000019   -0.0000000686    0.0000000417    0.0000000057   -0.0000000074    0.0000889606   -0.0000000012   -0.0000000333    0.0000000042   -0.0000000005   -0.0000000186   -0.0008629060    0.0000000125    0.0004121056    0.0000000188    0.0000000035    0.0000000060
  0.0000000406   -0.0000000223   -0.0000005101   -0.0000000039   -0.0115139790   -0.0000000179    0.0000000101   -0.0000000040    0.0000000099   -0.0000000007    0.0000000032   -0.0000000340    0.0000001767   -0.0000000049   -0.0000000036   -0.0019029504   -0.0033328294   -0.0000000008   -0.0000001611   -0.0000000357   -0.0000000488    0.0000000329    0.0000002083    0.0000000074   -0.0000000079   -0.0040018721    0.0000000105   -0.0000000029   -0.0000000083   -0.0000000108    0.0041117382    0.0000000560   -0.0000000190    0.0000000627   -0.0000000080    0.0000000255   -0.0000000095   -0.0000000016    0.0000000259    0.0000000179   -0.0000000125    0.0003261716   -0.0000000144    0.0000000125    0.0000000080    0.0000000058   -0.0000000120    0.0003142730    0.0000000670    0.0000000399   -0.0000000401    0.0000000133   -0.0000000099    0.0000001270    0.0000000064   -0.0003323813   -0.0000000049   -0.0000330232    0.0000000010   -0.0000000070   -0.0000000120    0.0000000412    0.0000000018   -0.0000000029    0.0000000016   -0.0001520195    0.0000000176   -0.0000000004    0.0000000253    0.0000000116   -0.0000000015   -0.0000272381   -0.0000000074   -0.0000000022    0.0000000078   -0.0000000422    0.0000000271    0.0000000843   -0.0000000050    0.0000000008
 -0.0000000326    0.0000000113   -0.0127710712   -0.0000000099   -0.0000003593    0.0000000039   -0.0000000042    0.0000000201   -0.0000000025   -0.0000000085   -0.0000000378    0.0000000073    0.0077244396    0.0010170276    0.0000000017   -0.0000001528   -0.0000001028   -0.0000000046   -0.0028635871    0.0000000084    0.0000000002   -0.0000000321    0.0052087824   -0.0000000569   -0.0000000064   -0.0000001063    0.0000000034    0.0000000072    0.0000000040    0.0000000006    0.0000001442   -0.0000000327    0.0000001104    0.0000000107    0.0000000037    0.0000000079   -0.0000000117   -0.0000000249   -0.0000000293    0.0000000437    0.0000079980   -0.0000000266    0.0000000104   -0.0000000191   -0.0003826865    0.0000000202    0.0000000071    0.0000000322    0.0000001706    0.0000000925   -0.0000000590   -0.0000000007    0.0000000041    0.0000000817    0.0001203566   -0.0000000243   -0.0001791261    0.0000000126   -0.0000000154   -0.0000000162   -0.0000000125   -0.0000000279   -0.0000000071   -0.0000000050   -0.0002111601    0.0000000142    0.0000000083   -0.0000000267    0.0000000195    0.0000000220    0.0000950281   -0.0000000233   -0.0000000062   -0.0000000019   -0.0000000244   -0.0000000003    0.0000000889    0.0000000575   -0.0000000002   -0.0000000009
  0.0000000174   -0.0000000164    0.0000000163    0.0000000040   -0.0000000020    0.0000000019   -0.0000000028    0.0000000057   -0.0000004238   -0.0112918473   -0.0000000293    0.0000000138   -0.0000000050   -0.0000000014    0.0000000082   -0.0000000048   -0.0000000048   -0.0000000003    0.0000000136    0.0000000081   -0.0000000080    0.0000000103    0.0000000021    0.0000000052    0.0000000049   -0.0000000064    0.0000000018   -0.0000002132    0.0000000000   -0.0061320420   -0.0000000279   -0.0000000121    0.0000000277   -0.0000000030   -0.0000000290    0.0009608009    0.0000000031    0.0000000094   -0.0000000060   -0.0001358916    0.0000000092    0.0000000063    0.0000000585   -0.0010141633    0.0000000048    0.0000000016   -0.0000000094   -0.0000000040   -0.0000000162   -0.0000000101   -0.0000000022    0.0000000024    0.0000000054    0.0000000062   -0.0000000040    0.0000000009    0.0000000172   -0.0000000135   -0.0000000136    0.0000000121    0.0000000076    0.0000000017    0.0000000082    0.0002354438    0.0000000001    0.0000000062    0.0000000168    0.0003339595   -0.0000000017    0.0000000000    0.0000000031   -0.0000000019    0.0000000037   -0.0000000023    0.0000000017   -0.0000000053   -0.0000000099    0.0000000066    0.0000000440    0.0006837966
  0.0000000011    0.0000000151    0.0000000136   -0.0000000110   -0.0000000021    0.0000000001    0.0000000002    0.0000000004   -0.0124044704   -0.0000003771    0.0000000032   -0.0000000245   -0.0000000202   -0.0000000151   -0.0000000052   -0.0000000002    0.0000000085    0.0000000148   -0.0000000234   -0.0000000075    0.0000000125   -0.0000000024   -0.0000000005    0.0000000019   -0.0000000163    0.0000000000   -0.0000000094   -0.0065908425   -0.0000000000   -0.0000002226    0.0000000011    0.0000000210   -0.0000000040    0.0000000114   -0.0009125022    0.0000000160    0.0000000024   -0.0000000155    0.0001024357   -0.0000000454    0.0000000328    0.0000000017    0.0010934895   -0.0000000492    0.0000000055    0.0000000018   -0.0000000030    0.0000000027    0.0000000004    0.0000000055    0.0000000079    0.0000000043   -0.0000000017   -0.0000000172    0.0000000032   -0.0000000004    0.0000000082   -0.0000000006    0.0000000140   -0.0000000059   -0.0000000035    0.0000000007   -0.0002754803    0.0000000197   -0.0000000043   -0.0000000043    0.0003182178   -0.0000000153   -0.0000000018   -0.0000000018   -0.0000000061    0.0000000014   -0.0000000020    0.0000000046   -0.0000000021    0.0000000051    0.0000000069   -0.0000000065    0.0006814048    0.0000000085
 -0.0000000102   -0.0012051906    0.0000000046   -0.0000000017    0.0000000089    0.0000000252   -0.0000000035   -0.0004595067    0.0000000176    0.0000000008    0.0000007739   -0.0169778302    0.0000000200   -0.0000000003   -0.0000000072   -0.0000000184   -0.0000000027   -0.0000000200    0.0000000028   -0.0000002179    0.0066231686   -0.0000001405   -0.0000000040   -0.0000000949    0.0000000022   -0.0000000151   -0.0053912964    0.0000000158    0.0000000028    0.0000000061    0.0000000463    0.0138530106   -0.0000006684    0.0078446719   -0.0000000009    0.0000000003    0.0000000085   -0.0000000196   -0.0000000062    0.0000000004    0.0000000052    0.0000000329   -0.0000000028   -0.0000000006   -0.0000000018   -0.0000000055    0.0000000018   -0.0000000129    0.0000000063    0.0000000651    0.0015631300    0.0000000046    0.0000000029   -0.0004972541    0.0000000086    0.0000000021   -0.0000000200   -0.0000000130    0.0000000125   -0.0000000126   -0.0000000251    0.0006381274    0.0000000060   -0.0000000027    0.0000000125   -0.0000000315   -0.0000000097   -0.0000000005   -0.0000000030   -0.0003516346    0.0000000025    0.0000000077   -0.0000000032    0.0000000086   -0.0000000181    0.0008637529    0.0000000018   -0.0005159245    0.0000000054    0.0000000022
  0.0037901022   -0.0000000424    0.0000000086    0.0000000020   -0.0000000013    0.0016960591   -0.0000000041   -0.0000000200    0.0000000007    0.0000000144   -0.0175952364    0.0000006384    0.0000000470   -0.0000000280   -0.0000000133    0.0000000009   -0.0000000113    0.0000000424    0.0000000545    0.0066965097   -0.0000002648    0.0036970953    0.0000000071    0.0010957519    0.0000000015    0.0000000077    0.0000001884    0.0000000024   -0.0000000017    0.0000000105    0.0000000070   -0.0000004730    0.0164506365   -0.0000002790    0.0000000026    0.0000000022   -0.0000000257   -0.0000000019    0.0000000075    0.0000000092    0.0000000357   -0.0000000171   -0.0000000027   -0.0000000005    0.0000000188   -0.0000000064   -0.0000000103    0.0000000091   -0.0000968865   -0.0016977223   -0.0000000610    0.0000000005   -0.0000000070    0.0000000441    0.0000000051   -0.0000000025    0.0000000100    0.0000000164   -0.0000000084    0.0000000021    0.0007443639   -0.0000000279    0.0000000038   -0.0000000056   -0.0000000301    0.0000000100    0.0000000030   -0.0000000115   -0.0002974629   -0.0000000050   -0.0000000149   -0.0000000066   -0.0000000003    0.0000000148    0.0008010296   -0.0000000331   -0.0005851461    0.0000000397    0.0000000026    0.0000000029
 -0.0000000035   -0.0000001576    0.0000000048   -0.0000000274    0.0000000029    0.0000000062   -0.0014206455    0.0000000132    0.0000000016    0.0000000058   -0.0000000018   -0.0000000064   -0.0000000028   -0.0000000011   -0.0000005781   -0.0000000094    0.0000000036    0.0131777179    0.0000000042   -0.0000000534   -0.0000000117   -0.0000000016   -0.0000000103   -0.0000000029   -0.0000001972    0.0000000045    0.0000000138   -0.0000000034    0.0047063143   -0.0000000108    0.0000000011    0.0000000014    0.0000000009    0.0000000020    0.0000000009   -0.0000000162   -0.0000000030    0.0000443324   -0.0000000142   -0.0000000282    0.0000000066    0.0000000164    0.0000000114    0.0000000036    0.0000000048   -0.0000000772   -0.0016624328   -0.0000000094   -0.0000000102    0.0000000036   -0.0000000043    0.0000001195   -0.0029452902    0.0000000190    0.0000000023    0.0000000080    0.0000000011   -0.0000000133   -0.0000000609    0.0003770864   -0.0000000010    0.0000000062   -0.0000000006    0.0000000051   -0.0000000036    0.0000000017   -0.0000000005    0.0000000312   -0.0000000033    0.0000000104   -0.0000000068    0.0000000090   -0.0000000683    0.0013962728   -0.0000000260   -0.0000000015   -0.0000000013   -0.0000000023    0.0000000029   -0.0000000152
  0.0000000818   -0.0000000958   -0.0000000017   -0.0036886675   -0.0000000016   -0.0000000035    0.0000000669    0.0000000178   -0.0000000036    0.0000000058    0.0000000124    0.0000000016   -0.0000000074    0.0000000047   -0.0143469494    0.0000000330   -0.0000000059    0.0000005197    0.0000000042   -0.0000000106   -0.0000000217   -0.0000000014    0.0000000021   -0.0000000187   -0.0045382026    0.0000000025   -0.0000000004   -0.0000000074    0.0000001308    0.0000000044    0.0000000066    0.0000000030   -0.0000000114    0.0000000044   -0.0000000087    0.0000000020    0.0000238492    0.0000000459   -0.0000000272    0.0000000014   -0.0000000106   -0.0000000038   -0.0000000041    0.0000000089   -0.0000000712   -0.0021015173   -0.0000000827    0.0000000014   -0.0000000245    0.0000000051   -0.0000000058    0.0028897249   -0.0000000995    0.0000000178   -0.0000000001   -0.0000000045   -0.0000000111   -0.0000000027   -0.0004257553   -0.0000000642   -0.0000000053    0.0000000006    0.0000000054   -0.0000000012    0.0000000049   -0.0000000009   -0.0000000328    0.0000000068    0.0000000035    0.0000000032    0.0000000039   -0.0000000069   -0.0014500401    0.0000000417    0.0000000073   -0.0000000063   -0.0000000031    0.0000000013    0.0000000147   -0.0000000053
 -0.0000022865    0.0554708159    0.0000000266    0.0000000211    0.0000000183    0.0000001412    0.0000000577   -0.0050209633    0.0000000064    0.0000000054   -0.0000000408   -0.0015212470    0.0000000570   -0.0000000273   -0.0000000741   -0.0000000675   -0.0000000371    0.0000001028    0.0000000320    0.0000002663    0.0089334465   -0.0000003961    0.0000000261    0.0000000362   -0.0000000212   -0.0000000168    0.0033207339    0.0000000257    0.0000000264    0.0000000019    0.0000001050   -0.0030838221    0.0000000909    0.0031021911   -0.0000000114   -0.0000000089   -0.0000000057   -0.0000000016   -0.0000000018   -0.0000000045    0.0000000509   -0.0000000461   -0.0000000177   -0.0000000092    0.0000000381   -0.0000000056    0.0000000100   -0.0000000239    0.0000000673    0.0000000764    0.0004268146    0.0000000270   -0.0000000368    0.0008642703    0.0000000023   -0.0000000312    0.0000000223    0.0000000309   -0.0000000023   -0.0000000006   -0.0000000411   -0.0002102728    0.0000000154   -0.0000000109   -0.0000000431    0.0000000835   -0.0000000203   -0.0000000080    0.0000000513   -0.0004634518   -0.0000000505   -0.0000000348   -0.0000000167    0.0000000373    0.0000000141   -0.0001132382    0.0000000228   -0.0001052715    0.0000000339    0.0000000092
  0.0521190251   -0.0000022288   -0.0000000037   -0.0000000561   -0.0000000069   -0.0068776831   -0.0000000183    0.0000002573    0.0000000142    0.0000000139    0.0006626678   -0.0000000266    0.0000001423   -0.0000000191    0.0000001122   -0.0000000226    0.0000000900   -0.0000001144   -0.0000001284   -0.0148565971   -0.0000001968    0.0112988191    0.0000001530    0.0019873911   -0.0000000298   -0.0000000184   -0.0000002201    0.0000000174   -0.0000000119    0.0000000374    0.0000000263    0.0000001728    0.0011541327   -0.0000001423    0.0000000129    0.0000000120    0.0000000048    0.0000000152   -0.0000000090   -0.0000000180   -0.0000001548    0.0000001142    0.0000000045    0.0000000133    0.0000000984    0.0000000210    0.0000000377   -0.0000000057    0.0008905968   -0.0002608995    0.0000000529    0.0000000301   -0.0000000196   -0.0000002239    0.0000000397   -0.0000000525   -0.0000001117   -0.0000001071    0.0000000170    0.0000000029   -0.0001674662   -0.0000000655    0.0000000062   -0.0000000323    0.0000002003   -0.0000001337   -0.0000000173   -0.0000000168   -0.0005489045   -0.0000000396    0.0000000249    0.0000000259   -0.0000000359    0.0000000439    0.0000334784    0.0000000235   -0.0001458382   -0.0000000363    0.0000000163    0.0000000358

# Root 10  E=0.3359452626 Ha  9.141541 eV
  0.0000000000    0.0000000000    0.0000000000    0.0000000000    0.0000000000    0.0000000000    0.0000000000    0.0000000000    0.0000000000    0.0000000000    0.0000000000    0.0000000000    0.0000000000    0.0000000000    0.0000000000    0.0000000000    0.0000000000    0.0000000000    0.0000000000    0.0000000000    0.0000000000    0.0000000000    0.0000000000    0.0000000000    0.0000000000    0.0000000000    0.0000000000    0.0000000000    0.0000000000    0.0000000000    0.0000000000    0.0000000000    0.0000000000    0.0000000000    0.0000000000    0.0000000000    0.0000000000    0.0000000000    0.0000000000    0.0000000000    0.0000000000    0.0000000000    0.0000000000    0.0000000000    0.0000000000    0.0000000000    0.0000000000    0.0000000000    0.0000000000    0.0000000000    0.0000000000    0.0000000000    0.0000000000    0.0000000000    0.0000000000    0.0000000000    0.0000000000    0.0000000000    0.0000000000    0.0000000000    0.0000000000    0.0000000000    0.0000000000    0.0000000000    0.0000000000    0.0000000000    0.0000000000    0.0000000000    0.0000000000    0.0000000000    0.0000000000    0.0000000000    0.0000000000    0.0000000000    0.0000000000    0.0000000000    0.0000000000    0.0000000000    0.0000000000    0.0000000000
  0.0000000000    0.0000000000    0.0000000000    0.0000000000    0.0000000000    0.0000000000    0.0000000000    0.0000000000    0.0000000000    0.0000000000    0.0000000000    0.0000000000    0.0000000000    0.0000000000    0.0000000000    0.0000000000    0.0000000000    0.0000000000    0.0000000000    0.0000000000    0.0000000000    0.0000000000    0.0000000000    0.0000000000    0.0000000000    0.0000000000    0.0000000000    0.0000000000    0.0000000000    0.0000000000    0.0000000000    0.0000000000    0.0000000000    0.0000000000    0.0000000000    0.0000000000    0.0000000000    0.0000000000    0.0000000000    0.0000000000    0.0000000000    0.0000000000    0.0000000000    0.0000000000    0.0000000000    0.0000000000    0.0000000000    0.0000000000    0.0000000000    0.0000000000    0.0000000000    0.0000000000    0.0000000000    0.0000000000    0.0000000000    0.0000000000    0.0000000000    0.0000000000    0.0000000000    0.0000000000    0.0000000000    0.0000000000    0.0000000000    0.0000000000    0.0000000000    0.0000000000    0.0000000000    0.0000000000    0.0000000000    0.0000000000    0.0000000000    0.0000000000    0.0000000000    0.0000000000    0.0000000000    0.0000000000    0.0000000000    0.0000000000    0.0000000000    0.0000000000
  0.0000000000    0.0000000000    0.0000000000    0.0000000000    0.0000000000    0.0000000000    0.0000000000    0.0000000000    0.0000000000    0.0000000000    0.0000000000    0.0000000000    0.0000000000    0.0000000000    0.0000000000    0.0000000000    0.0000000000    0.0000000000    0.0000000000    0.0000000000    0.0000000000    0.0000000000    0.0000000000    0.0000000000    0.0000000000    0.0000000000    0.0000000000    0.0000000000    0.0000000000    0.0000000000    0.0000000000    0.0000000000    0.0000000000    0.0000000000    0.0000000000    0.0000000000    0.0000000000    0.0000000000    0.0000000000    0.0000000000    0.0000000000    0.0000000000    0.0000000000    0.0000000000    0.0000000000    0.0000000000    0.0000000000    0.0000000000    0.0000000000    0.0000000000    0.0000000000    0.0000000000    0.0000000000    0.0000000000    0.0000000000    0.0000000000    0.0000000000    0.0000000000    0.0000000000    0.0000000000    0.0000000000    0.0000000000    0.0000000000    0.0000000000    0.0000000000    0.0000000000    0.0000000000    0.0000000000    0.0000000000    0.0000000000    0.0000000000    0.0000000000    0.0000000000    0.0000000000    0.0000000000    0.0000000000    0.0000000000    0.0000000000    0.0000000000    0.0000000000
  0.0000000000    0.0000000000    0.0000000000    0.0000000000    0.0000000000    0.0000000000    0.0000000000    0.0000000000    0.0000000000    0.0000000000    0.0000000000    0.0000000000    0.0000000000    0.0000000000    0.0000000000    0.0000000000    0.0000000000    0.0000000000    0.0000000000    0.0000000000    0.0000000000    0.0000000000    0.0000000000    0.0000000000    0.0000000000    0.0000000000    0.0000000000    0.0000000000    0.0000000000    0.0000000000    0.0000000000    0.0000000000    0.0000000000    0.0000000000    0.0000000000    0.0000000000    0.0000000000    0.0000000000    0.0000000000    0.0000000000    0.0000000000    0.0000000000    0.0000000000    0.0000000000    0.0000000000    0.0000000000    0.0000000000    0.0000000000    0.0000000000    0.0000000000    0.0000000000    0.0000000000    0.0000000000    0.0000000000    0.0000000000    0.0000000000    0.0000000000    0.0000000000    0.0000000000    0.0000000000    0.0000000000    0.0000000000    0.0000000000    0.0000000000    0.0000000000    0.0000000000    0.0000000000    0.0000000000    0.0000000000    0.0000000000    0.0000000000    0.0000000000    0.0000000000    0.0000000000    0.0000000000    0.0000000000    0.0000000000    0.0000000000    0.0000000000    0.0000000000
 -0.0000000118   -0.0000000004    0.0000000012   -0.0000173881    0.0000000007   -0.0000000069   -0.0000000144   -0.0000000166    0.0000000026    0.0000000014   -0.0000000072    0.0000000122    0.0000000035   -0.0000000027    0.0001396791   -0.0000000029    0.0000000004   -0.0000000015   -0.0000000031    0.0000000064   -0.0000000115    0.0000000020   -0.0000000025    0.0000000051   -0.0000025030    0.0000000008    0.0000000128    0.0000000027    0.0000000215    0.0000000024   -0.0000000034   -0.0000000076    0.0000000095   -0.0000000100    0.0000000049   -0.0000000003    0.0016190317   -0.0000000368    0.0000000124    0.0000000060    0.0000000052    0.0000000083    0.0000000003   -0.0000000065    0.0000000053    0.0000084656    0.0000000135   -0.0000000117    0.0000000037   -0.0000000028   -0.0000000041   -0.0000331900    0.0000000016    0.0000000023    0.0000000019    0.0000000014    0.0000000083   -0.0000000069   -0.0010975418   -0.0000001680    0.0000000026   -0.0000000007   -0.0000000022   -0.0000000003    0.0000000073   -0.0000000050    0.0000000171   -0.0000000029   -0.0000000002    0.0000000020   -0.0000000026    0.0000000155   -0.0000005588    0.0000000012   -0.0000000002   -0.0000000047    0.0000000015    0.0000000048   -0.0000000046    0.0000000022
 -0.0000000066    0.0000000107   -0.0000000015    0.0000000075   -0.0000000015   -0.0000000168   -0.0000654988   -0.0000000093   -0.0000000011   -0.0000000004   -0.0000000144    0.0000000077    0.0000000009    0.0000000033    0.0000000056    0.0000000051    0.0000000025    0.0000611966    0.0000000016    0.0000000009   -0.0000000039    0.0000000048    0.0000000023    0.0000000102    0.0000000187   -0.0000000030    0.0000000055   -0.0000000015   -0.0000062034    0.0000000026   -0.0000000005   -0.0000000045    0.0000000177   -0.0000000066   -0.0000000030    0.0000000083    0.0000000369   -0.0016066018    0.0000000047    0.0000000142   -0.0000000090   -0.0000000052   -0.0000000061    0.0000000015   -0.0000000123   -0.0000000125   -0.0000048121    0.0000000043    0.0000000053   -0.0000000020   -0.0000000013   -0.0000000016   -0.0000090888   -0.0000000008    0.0000000017   -0.0000000044   -0.0000000068    0.0000000077   -0.0000002125    0.0010927026    0.0000000000    0.0000000021   -0.0000000004   -0.0000000021    0.0000000049   -0.0000000078    0.0000000035   -0.0000000166   -0.0000000006    0.0000000010    0.0000000160   -0.0000000031    0.0000000023    0.0000080947   -0.0000000012   -0.0000000017    0.0000000034    0.0000000024   -0.0000000023    0.0000000048
 -0.0000000020    0.0000000009    0.0000000138   -0.0000000045    0.0000000237    0.0000000001   -0.0000000002   -0.0000000007   -0.0000409045    0.0000000036   -0.0000000007    0.0000000003   -0.0000000074    0.0000000005    0.0000000051    0.0000000012    0.0000000046   -0.0000000011    0.0000000075   -0.0000000005    0.0000000010    0.0000000000   -0.0000000030   -0.0000000007   -0.0000000012    0.0000000073    0.0000000005    0.0000404910    0.0000000000    0.0000000069   -0.0000000077    0.0000000014    0.0000000016    0.0000000006   -0.0001614873    0.0000000013    0.0000000000    0.0000000006    0.0020518475    0.0000000141    0.0000000043   -0.0000000032    0.0000309121    0.0000000030   -0.0000000015   -0.0000000016   -0.0000000007    0.0000000027    0.0000000021    0.0000000025   -0.0000000019   -0.0000000002    0.0000000007    0.0000000029    0.0000000020   -0.0000000007    0.0000000027   -0.0000000016   -0.0000000012   -0.0000000005   -0.0000000021   -0.0000000007    0.0000330050   -0.0000000014    0.0000000022   -0.0000000033   -0.0008118825    0.0000000711    0.0000000003    0.0000000008    0.0000000005   -0.0000000047    0.0000000041   -0.0000000014   -0.0000000008    0.0000000009    0.0000000040    0.0000000017    0.0000008802    0.0000000068
 -0.0000000002    0.0000000001    0.0000000233   -0.0000000019    0.0000000102   -0.0000000007   -0.0000000040   -0.0000000008    0.0000000005    0.0001604904    0.0000000006   -0.0000000005   -0.0000000110    0.0000000035   -0.0000000000    0.0000000041    0.0000000004   -0.0000000021    0.0000000109    0.0000000014   -0.0000000019    0.0000000019   -0.0000000163    0.0000000028   -0.0000000006    0.0000000060    0.0000000014   -0.0000000018    0.0000000041    0.0000012668   -0.0000000003    0.0000000012   -0.0000000017    0.0000000026    0.0000000006   -0.0002174512    0.0000000011    0.0000000023    0.0000001056   -0.0020730961    0.0000000032    0.0000000017    0.0000000039    0.0000099091    0.0000000007    0.0000000014   -0.0000000004   -0.0000000035    0.0000000057   -0.0000000017   -0.0000000004    0.0000000011   -0.0000000015    0.0000000046   -0.0000000021    0.0000000020    0.0000000056    0.0000000017    0.0000000004   -0.0000000022    0.0000000028    0.0000000046   -0.0000000006    0.0000144986   -0.0000000020    0.0000000004   -0.0000001039   -0.0008172056    0.0000000018    0.0000000012   -0.0000000034    0.0000000055   -0.0000000030    0.0000000015   -0.0000000025   -0.0000000034    0.0000000005    0.0000000014   -0.0000000067    0.0000020368
 -0.0000000506    0.0000000713   -0.0004372977   -0.0000000088    0.0000000012    0.0000000104    0.0000000046   -0.0000000159    0.0000000192    0.0000000278    0.0000000180    0.0000000048    0.0022033717    0.0011788839   -0.0000000120   -0.0000000062    0.0000000810    0.0000000075    0.0036408428   -0.0000000129    0.0000000811   -0.0000000576   -0.0000330874   -0.0000000013   -0.0000000118   -0.0000000054    0.0000000160    0.0000000082   -0.0000000057    0.0000000240    0.0000000996   -0.0000000006   -0.0000000540    0.0000000013    0.0000000198    0.0000000015    0.0000000188   -0.0000000070   -0.0000000171    0.0000000277   -0.0017940202    0.0000000546    0.0000000099   -0.0000000251   -0.0000271791    0.0000000007   -0.0000000270    0.0000000406   -0.0000001704   -0.0000000571    0.0000000144   -0.0000000123    0.0000000187   -0.0000000692    0.0000393702   -0.0000000303   -0.0004392774   -0.0000000573    0.0000000063    0.0000000079    0.0000000242   -0.0000000071    0.0000000020    0.0000000008   -0.0000009751   -0.0000001378    0.0000000006   -0.0000000146   -0.0000000378   -0.0000000168   -0.0000069296   -0.0000000048    0.0000000098   -0.0000000032    0.0000000032    0.0000000475   -0.0000000353   -0.0000000520   -0.0000000112   -0.0000000078
  0.0000000664   -0.0000000399   -0.0000000018   -0.0000000058    0.0006054791   -0.0000000002    0.0000000071    0.0000000129    0.0000000159    0.0000000024   -0.0000000012    0.0000000090    0.0000000070    0.0000000321    0.0000000104    0.0005741444    0.0026913632   -0.0000000178    0.0000000348   -0.0000000060   -0.0000000577    0.0000000883   -0.0000000367   -0.0000000020   -0.0000000081    0.0008380301   -0.0000000213    0.0000000006   -0.0000000121    0.0000000006    0.0026065692   -0.0000000102    0.0000000120   -0.0000000716   -0.0000000056    0.0000000185   -0.0000000091    0.0000000176    0.0000000258    0.0000000011   -0.0000001394   -0.0015515725   -0.0000000291    0.0000000202    0.0000000516    0.0000000256    0.0000000030   -0.0000181851   -0.0000000810   -0.0000000049    0.0000000482    0.0000000219   -0.0000000138   -0.0000001847    0.0000000392   -0.0001344355   -0.0000000665    0.0003490045    0.0000000083    0.0000000053   -0.0000000072   -0.0000000229   -0.0000000010   -0.0000000010    0.0000001592    0.0000070366    0.0000000102   -0.0000000032   -0.0000000224   -0.0000000412   -0.0000000071    0.0000220262   -0.0000000024    0.0000000128    0.0000000564    0.0000000171   -0.0000000563   -0.0000000419    0.0000000062    0.0000000092
  0.0000000277    0.0000000007    0.0000000005   -0.0000533992    0.0000000040   -0.0000000005   -0.0000000311    0.0000000046    0.0000000015    0.0000000017   -0.0000000249    0.0000000336    0.0000000261   -0.0000000081   -0.0002010972   -0.0000000008   -0.0000000008   -0.0000000111   -0.0000000039   -0.0000000030   -0.0000000115   -0.0000000033   -0.0000000018   -0.0000000038    0.0000357602    0.0000000105    0.0000000063   -0.0000000060    0.0000000581    0.0000000029   -0.0000000198   -0.0000000219    0.0000000152   -0.0000000153    0.0000000205   -0.0000000030   -0.0019460776    0.0000000225    0.0000000365    0.0000000006    0.0000000114    0.0000000208   -0.0000000006   -0.0000000140    0.0000000149   -0.0000115254    0.0000000358   -0.0000000159   -0.0000000137   -0.0000000046   -0.0000000062   -0.0000051161    0.0000000040   -0.0000000020    0.0000000018    0.0000000036    0.0000000129   -0.0000000188   -0.0003117744   -0.0000000621    0.0000000002   -0.0000000071   -0.0000000045   -0.0000000012    0.0000000170   -0.0000000104    0.0000000370    0.0000000002   -0.0000000008    0.0000000010   -0.0000000093    0.0000000232    0.0000120201    0.0000000154    0.0000000002    0.0000000014    0.0000000015    0.0000000057   -0.0000000156    0.0000000005
 -0.0000000223    0.0000000177    0.0000000082   -0.0000000296    0.0000000046   -0.0000000013   -0.0002261356    0.0000000032    0.0000000036    0.0000000066    0.0000000304   -0.0000000178   -0.0000000130   -0.0000000089    0.0000000048   -0.0000000185   -0.0000000072    0.0002274755   -0.0000000047   -0.0000000175    0.0000000155   -0.0000000111   -0.0000000134   -0.0000000044   -0.0000000621    0.0000000106   -0.0000000087    0.0000000057   -0.0000254789   -0.0000000043    0.0000000111    0.0000000171   -0.0000000293    0.0000000063    0.0000000067   -0.0000000230    0.0000000608   -0.0019667351   -0.0000000029   -0.0000000323    0.0000000182    0.0000000197    0.0000000087   -0.0000000087    0.0000000232    0.0000000337    0.0000218680   -0.0000000093    0.0000000018    0.0000000080   -0.0000000075    0.0000000009   -0.0000105845   -0.0000000020    0.0000000050    0.0000000007    0.0000000126   -0.0000000237    0.0000000781   -0.0003041070   -0.0000000097   -0.0000000115   -0.0000000011    0.0000000022    0.0000000014    0.0000000075   -0.0000000007    0.0000000367    0.0000000019    0.0000000024   -0.0000000297    0.0000000021   -0.0000000142    0.0000002726    0.0000000048    0.0000000079    0.0000000017    0.0000000002    0.0000000043   -0.0000000183
 -0.0078872304    0.0000001955   -0.0000000175    0.0000000011    0.0000000022    0.0006153357   -0.0000000024    0.0000000013    0.0000000035    0.0000000037   -0.0000144454    0.0000000141    0.0000000380   -0.0000000259    0.0000000247   -0.0000000009    0.0000000166   -0.0000000352   -0.0000000016   -0.0000862862    0.0000000054    0.0005036294    0.0000000441   -0.0001158495   -0.0000000050    0.0000000071   -0.0000000211    0.0000000041   -0.0000000089    0.0000000095    0.0000000005   -0.0000000203   -0.0000291901   -0.0000000427    0.0000000031    0.0000000055    0.0000000164    0.0000000003   -0.0000000082   -0.0000000030    0.0000000413   -0.0000000080    0.0000000077    0.0000000005    0.0000000371   -0.0000000029    0.0000000116    0.0000000109    0.0011689231   -0.0001147979   -0.0000000109    0.0000000054   -0.0000000003   -0.0000000219   -0.0000000042   -0.0000000084    0.0000000119   -0.0000000027    0.0000000123   -0.0000000050   -0.0000089422   -0.0000000376    0.0000000017   -0.0000000125   -0.0000000374    0.0000000129   -0.0000000067   -0.0000000075    0.0000993048   -0.0000000049   -0.0000000346   -0.0000000126   -0.0000000098    0.0000000124   -0.0000110661   -0.0000000034   -0.0000096267    0.0000000239    0.0000000023    0.0000000092
 -0.0000001064    0.0073228013   -0.0000000030    0.0000000121   -0.0000000004   -0.0000000010   -0.0000000035   -0.0004398099   -0.0000000017   -0.0000000023    0.0000000188   -0.0000583519    0.0000000055    0.0000000113    0.0000000113    0.0000000264    0.0000000071   -0.0000000071   -0.0000000224    0.0000000030   -0.0003856915    0.0000000203   -0.0000000065    0.0000000110    0.0000000138    0.0000000027   -0.0004260479   -0.0000000114   -0.0000000092   -0.0000000031   -0.0000000210    0.0005422304   -0.0000000521   -0.0007359290    0.0000000063   -0.0000000033    0.0000000070   -0.0000000060    0.0000000029   -0.0000000093    0.0000000251   -0.0000000700    0.0000000080    0.0000000139   -0.0000000196    0.0000000106    0.0000000031    0.0000000136    0.0000000480   -0.0000000202   -0.0001420519   -0.0000000117    0.0000000096   -0.0009599309   -0.0000000222    0.0000000239    0.0000000173    0.0000000545    0.0000000037    0.0000000063    0.0000000022   -0.0001110810   -0.0000000061    0.0000000069   -0.0000000535    0.0000000795    0.0000000090    0.0000000080    0.0000000068   -0.0000853869    0.0000000076   -0.0000000166    0.0000000082   -0.0000000195   -0.0000000263    0.0000017497    0.0000000182   -0.0000016076   -0.0000000147    0.0000000037
  0.0000000501   -0.0000001023    0.0000000017   -0.0032511557   -0.0000000046    0.0000000059   -0.0000000761    0.0000000133   -0.0000000044   -0.0000000030    0.0000000174   -0.0000000015   -0.0000000120    0.0000000041    0.0038622639    0.0000000004    0.0000000054   -0.0000000893    0.0000000101   -0.0000000194   -0.0000000042   -0.0000000074    0.0000000167   -0.0000000137   -0.0002026140   -0.0000000099   -0.0000000130   -0.0000000048   -0.0000000080   -0.0000000018    0.0000000024   -0.0000000010    0.0000000143   -0.0000000235   -0.0000000093    0.0000000144   -0.0000655652    0.0000000026    0.0000000050   -0.0000000018   -0.0000000018    0.0000000039   -0.0000000227   -0.0000000035    0.0000000099   -0.0001198967    0.0000000020    0.0000000013    0.0000000285    0.0000000188   -0.0000000023   -0.0005932428    0.0000000096   -0.0000000200    0.0000000117   -0.0000000150   -0.0000000009   -0.0000000066   -0.0000162221    0.0000000032   -0.0000000114   -0.0000000197   -0.0000000053    0.0000000005    0.0000000147   -0.0000000200    0.0000000063    0.0000000016    0.0000000054   -0.0000000043   -0.0000000098   -0.0000000087    0.0000497442    0.0000000022    0.0000000134    0.0000000040    0.0000000120    0.0000000053   -0.0000000035   -0.0000000097
 -0.0000001099    0.0000000820    0.0000000012    0.0000000722    0.0000000007    0.0000000208    0.0037381323   -0.0000000136   -0.0000000029   -0.0000000022   -0.0000000275    0.0000000388   -0.0000000037   -0.0000000008   -0.0000000814    0.0000000088    0.0000000078    0.0034466175    0.0000000071    0.0000000187    0.0000000032   -0.0000000244    0.0000000178   -0.0000000222    0.0000000026   -0.0000000078    0.0000000025   -0.0000000011   -0.0001816804   -0.0000000003   -0.0000000006   -0.0000000406    0.0000000338   -0.0000000251   -0.0000000042    0.0000000069   -0.0000000066    0.0000274105    0.0000000005   -0.0000000087   -0.0000000013    0.0000000015   -0.0000000075    0.0000000002    0.0000000085   -0.0000000094    0.0001727000    0.0000000067    0.0000000103    0.0000000155    0.0000000024    0.0000000111   -0.0006141885   -0.0000000258    0.0000000061   -0.0000000068   -0.0000000035   -0.0000000066    0.0000000018   -0.0000178525   -0.0000000077   -0.0000000185   -0.0000000035    0.0000000016    0.0000000076   -0.0000000113    0.0000000012    0.0000000092    0.0000000042   -0.0000000070   -0.0000000039   -0.0000000153   -0.0000000014    0.0000518785    0.0000000118    0.0000000073    0.0000000045   -0.0000000062    0.0000000047   -0.0000000063

# Root 11  E=0.3452452954 Ha  9.394608 eV
  0.0000000000    0.0000000000    0.0000000000    0.0000000000    0.0000000000    0.0000000000    0.0000000000    0.0000000000    0.0000000000    0.0000000000    0.0000000000    0.0000000000    0.0000000000    0.0000000000    0.0000000000    0.0000000000    0.0000000000    0.0000000000    0.0000000000    0.0000000000    0.0000000000    0.0000000000    0.0000000000    0.0000000000    0.0000000000    0.0000000000    0.0000000000    0.0000000000    0.0000000000    0.0000000000    0.0000000000    0.0000000000    0.0000000000    0.0000000000    0.0000000000    0.0000000000    0.0000000000    0.0000000000    0.0000000000    0.0000000000    0.0000000000    0.0000000000    0.0000000000    0.0000000000    0.0000000000    0.0000000000    0.0000000000    0.0000000000    0.0000000000    0.0000000000    0.0000000000    0.0000000000    0.0000000000    0.0000000000    0.0000000000    0.0000000000    0.0000000000    0.0000000000    0.0000000000    0.0000000000    0.0000000000    0.0000000000    0.0000000000    0.0000000000    0.0000000000    0.0000000000    0.0000000000    0.0000000000    0.0000000000    0.0000000000    0.0000000000    0.0000000000    0.0000000000    0.0000000000    0.0000000000    0.0000000000    0.0000000000    0.0000000000    0.0000000000    0.0000000000
  0.0000000000    0.0000000000    0.0000000000    0.0000000000    0.0000000000    0.0000000000    0.0000000000    0.0000000000    0.0000000000    0.0000000000    0.0000000000    0.0000000000    0.0000000000    0.0000000000    0.0000000000    0.0000000000    0.0000000000    0.0000000000    0.0000000000    0.0000000000    0.0000000000    0.0000000000    0.0000000000    0.0000000000    0.0000000000    0.0000000000    0.0000000000    0.0000000000    0.0000000000    0.0000000000    0.0000000000    0.0000000000    0.0000000000    0.0000000000    0.0000000000    0.0000000000    0.0000000000    0.0000000000    0.0000000000    0.0000000000    0.0000000000    0.0000000000    0.0000000000    0.0000000000    0.0000000000    0.0000000000    0.0000000000    0.0000000000    0.0000000000    0.0000000000    0.0000000000    0.0000000000    0.0000000000    0.0000000000    0.0000000000    0.0000000000    0.0000000000    0.0000000000    0.0000000000    0.0000000000    0.0000000000    0.0000000000    0.0000000000    0.0000000000    0.0000000000    0.0000000000    0.0000000000    0.0000000000    0.0000000000    0.0000000000    0.0000000000    0.0000000000    0.0000000000    0.0000000000    0.0000000000    0.0000000000    0.0000000000    0.0000000000    0.0000000000    0.0000000000
  0.0000000000    0.0000000000    0.0000000000    0.0000000000    0.0000000000    0.0000000000    0.0000000000    0.0000000000    0.0000000000    0.0000000000    0.0000000000    0.0000000000    0.0000000000    0.0000000000    0.0000000000    0.0000000000    0.0000000000    0.0000000000    0.0000000000    0.0000000000    0.0000000000    0.0000000000    0.0000000000    0.0000000000    0.0000000000    0.0000000000    0.0000000000    0.0000000000    0.0000000000    0.0000000000    0.0000000000    0.0000000000    0.0000000000    0.0000000000    0.0000000000    0.0000000000    0.0000000000    0.0000000000    0.0000000000    0.0000000000    0.0000000000    0.0000000000    0.0000000000    0.0000000000    0.0000000000    0.0000000000    0.0000000000    0.0000000000    0.0000000000    0.0000000000    0.0000000000    0.0000000000    0.0000000000    0.0000000000    0.0000000000    0.0000000000    0.0000000000    0.0000000000    0.0000000000    0.0000000000    0.0000000000    0.0000000000    0.0000000000    0.0000000000    0.0000000000    0.0000000000    0.0000000000    0.0000000000    0.0000000000    0.0000000000    0.0000000000    0.0000000000    0.0000000000    0.0000000000    0.0000000000    0.0000000000    0.0000000000    0.0000000000    0.0000000000    0.0000000000
  0.0000000000    0.0000000000    0.0000000000    0.0000000000    0.0000000000    0.0000000000    0.0000000000    0.0000000000    0.0000000000    0.0000000000    0.0000000000    0.0000000000    0.0000000000    0.0000000000    0.0000000000    0.0000000000    0.0000000000    0.0000000000    0.0000000000    0.0000000000    0.0000000000    0.0000000000    0.0000000000    0.0000000000    0.0000000000    0.0000000000    0.0000000000    0.0000000000    0.0000000000    0.0000000000    0.0000000000    0.0000000000    0.0000000000    0.0000000000    0.0000000000    0.0000000000    0.0000000000    0.0000000000    0.0000000000    0.0000000000    0.0000000000    0.0000000000    0.0000000000    0.0000000000    0.0000000000    0.0000000000    0.0000000000    0.0000000000    0.0000000000    0.0000000000    0.0000000000    0.0000000000    0.0000000000    0.0000000000    0.0000000000    0.0000000000    0.0000000000    0.0000000000    0.0000000000    0.0000000000    0.0000000000    0.0000000000    0.0000000000    0.0000000000    0.0000000000    0.0000000000    0.0000000000    0.0000000000    0.0000000000    0.0000000000    0.0000000000    0.0000000000    0.0000000000    0.0000000000    0.0000000000    0.0000000000    0.0000000000    0.0000000000    0.0000000000    0.0000000000
 -0.0000000435    0.0028550326   -0.0000000010    0.0000000087   -0.0000000041   -0.0000000240    0.0000000132   -0.0006912411    0.0000000002   -0.0000000009   -0.0000000167    0.0002146884    0.0000000104   -0.0000000059   -0.0000000021   -0.0000000065   -0.0000000037    0.0000000040   -0.0000000013   -0.0000000110    0.0010118070    0.0000000194    0.0000000065    0.0000000142    0.0000000079   -0.0000000060    0.0008779471    0.0000000010   -0.0000000110   -0.0000000016    0.0000000183   -0.0007434721    0.0000000161    0.0003690174    0.0000000002   -0.0000000054    0.0000000105    0.0000000075    0.0000000040   -0.0000000070    0.0000000316   -0.0000000478   -0.0000000016    0.0000000057    0.0000000051    0.0000000046    0.0000000062   -0.0000000006    0.0000000814    0.0000000087   -0.0000075658    0.0000000023   -0.0000000031    0.0003379309   -0.0000000119    0.0000000039    0.0000000206    0.0000000334   -0.0000000092    0.0000000040   -0.0000000091    0.0000007690    0.0000000013    0.0000000003   -0.0000000437    0.0000000676    0.0000000003    0.0000000018    0.0000000015   -0.0005545073   -0.0000000175   -0.0000000175   -0.0000000023    0.0000000011   -0.0000000082   -0.0000049551    0.0000000227    0.0000295737    0.0000000032    0.0000000050
 -0.0031568674   -0.0000000060   -0.0000000061    0.0000000129   -0.0000000021   -0.0000029894    0.0000000066   -0.0000000126   -0.0000000012   -0.0000000002   -0.0001913149    0.0000000253   -0.0000000038   -0.0000000011   -0.0000000062    0.0000000100   -0.0000000047    0.0000000079    0.0000000113    0.0010725624   -0.0000000486   -0.0014658140    0.0000000044    0.0002614251    0.0000000071    0.0000000045   -0.0000000048   -0.0000000020   -0.0000000048   -0.0000000011   -0.0000000029   -0.0000000073    0.0002795257   -0.0000000308   -0.0000000023    0.0000000010    0.0000000063   -0.0000000177   -0.0000000062    0.0000000012    0.0000000461   -0.0000000265    0.0000000055   -0.0000000042    0.0000000022   -0.0000000055   -0.0000000008    0.0000000087   -0.0004676471   -0.0000195728   -0.0000000213   -0.0000000023    0.0000000012    0.0000000324   -0.0000000069    0.0000000033    0.0000000239    0.0000000194    0.0000000060    0.0000000032   -0.0000042635   -0.0000000070   -0.0000000007    0.0000000003   -0.0000000582    0.0000000343   -0.0000000032    0.0000000002    0.0005585923    0.0000000328   -0.0000000204   -0.0000000188    0.0000000002    0.0000000007    0.0000188199   -0.0000000078   -0.0000186645    0.0000000242   -0.0000000035   -0.0000000036
 -0.0000000464    0.0000000556    0.0000000175    0.0000000037    0.0001893192    0.0000000040   -0.0000000017   -0.0000000001   -0.0000000008   -0.0000000050   -0.0000000028   -0.0000000030    0.0000000312   -0.0000000086   -0.0000000031   -0.0001606712   -0.0006193450    0.0000000077    0.0000000560    0.0000000061    0.0000000444   -0.0000000640    0.0000000205   -0.0000000057    0.0000000048   -0.0000310871    0.0000000103   -0.0000000004    0.0000000049   -0.0000000072   -0.0006415551   -0.0000000054    0.0000000015    0.0000000411    0.0000000017   -0.0000000049    0.0000000097   -0.0000000157   -0.0000000051    0.0000000139    0.0000000645    0.0021033569    0.0000000142   -0.0000000115   -0.0000000352   -0.0000000229    0.0000000027    0.0000628845    0.0000000481    0.0000000099   -0.0000000361   -0.0000000145    0.0000000069    0.0000001087   -0.0000000264   -0.0001973582    0.0000000661    0.0009951935   -0.0000000006   -0.0000000085   -0.0000000045   -0.0000000025   -0.0000000004   -0.0000000038   -0.0000001057   -0.0000418115   -0.0000000140   -0.0000000016    0.0000000130    0.0000000283   -0.0000000003   -0.0000297413    0.0000000022   -0.0000000054   -0.0000000327   -0.0000000037    0.0000000394    0.0000000254   -0.0000000027   -0.0000000072
  0.0000000150   -0.0000000487    0.0006813767    0.0000000050    0.0000000358    0.0000000022   -0.0000000007    0.0000000120   -0.0000000064   -0.0000000080   -0.0000000016   -0.0000000026   -0.0013289703   -0.0005720113    0.0000000029    0.0000000283    0.0000000152   -0.0000000006   -0.0005255447    0.0000000069   -0.0000000485    0.0000000350   -0.0001473773    0.0000000070    0.0000000068    0.0000000228   -0.0000000113   -0.0000000155    0.0000000022   -0.0000000161   -0.0000000271   -0.0000000016    0.0000000150   -0.0000000037    0.0000000025   -0.0000000107   -0.0000000075    0.0000000147    0.0000000125   -0.0000000343    0.0019319797   -0.0000000724   -0.0000000026    0.0000000187    0.0001146445   -0.0000000029    0.0000000146   -0.0000000411    0.0000000940    0.0000000155    0.0000000064    0.0000000033   -0.0000000097    0.0000000299    0.0000298643    0.0000000408   -0.0011103238    0.0000000058   -0.0000000045    0.0000000073   -0.0000000037    0.0000000180    0.0000000024    0.0000000021    0.0000076284    0.0000000860    0.0000000070    0.0000000161    0.0000000206    0.0000000047   -0.0000153901    0.0000000170   -0.0000000036   -0.0000000026   -0.0000000080   -0.0000000314    0.0000000118    0.0000000175    0.0000000047    0.0000000062
  0.0000000039   -0.0000000002   -0.0000000262    0.0000000058   -0.0000000218   -0.0000000002    0.0000000142    0.0000000037    0.0000000329    0.0003771313    0.0000000003   -0.0000000013    0.0000000059   -0.0000000053    0.0000000032    0.0000000025    0.0000000061   -0.0000000037    0.0000000109   -0.0000000041    0.0000000002    0.0000000002    0.0000000232   -0.0000000027    0.0000000013   -0.0000000140   -0.0000000030    0.0000000222   -0.0000000108    0.0001936895   -0.0000000026    0.0000000009   -0.0000000014    0.0000000012   -0.0000000072    0.0001395011    0.0000000014    0.0000000119   -0.0000000950    0.0014406513   -0.0000000151    0.0000000039   -0.0000000039   -0.0000244505    0.0000000000   -0.0000000010    0.0000000012    0.0000000109   -0.0000000129   -0.0000000016   -0.0000000050   -0.0000000015    0.0000000021    0.0000000033    0.0000000033    0.0000000019   -0.0000000080   -0.0000000034   -0.0000000067    0.0000000014   -0.0000000029   -0.0000000044    0.0000000062   -0.0000640319    0.0000000014    0.0000000073    0.0000001234    0.0014560869   -0.0000000069    0.0000000018    0.0000000045   -0.0000000100    0.0000000042   -0.0000000045    0.0000000033    0.0000000025   -0.0000000042    0.0000000064    0.0000000134    0.0000039277
  0.0000000012   -0.0000000049   -0.0000000271    0.0000000098   -0.0000000167    0.0000000066    0.0000000044    0.0000000017    0.0005049563    0.0000000229    0.0000000012    0.0000000013    0.0000000116    0.0000000027   -0.0000000035   -0.0000000027    0.0000000036    0.0000000043   -0.0000000087    0.0000000006    0.0000000002   -0.0000000008    0.0000000078   -0.0000000020    0.0000000058    0.0000000003   -0.0000000006    0.0001648660   -0.0000000011    0.0000000001    0.0000000092   -0.0000000030   -0.0000000027   -0.0000000012    0.0000764599   -0.0000000128   -0.0000000060   -0.0000000089   -0.0014104256   -0.0000000281    0.0000000002   -0.0000000093   -0.0000242885    0.0000000008   -0.0000000078    0.0000000058   -0.0000000013    0.0000000022    0.0000000057   -0.0000000008    0.0000000064    0.0000000003    0.0000000010   -0.0000000069   -0.0000000010    0.0000000024    0.0000000027    0.0000000124    0.0000000065   -0.0000000022    0.0000000027    0.0000000050   -0.0000102732    0.0000000053   -0.0000000030    0.0000000128    0.0014662873   -0.0000001946    0.0000000021   -0.0000000046    0.0000000005    0.0000000064   -0.0000000046    0.0000000005   -0.0000000029   -0.0000000017    0.0000000026   -0.0000000072   -0.0000002240   -0.0000000104
  0.0000001191   -0.0006831019    0.0000000016   -0.0000000122    0.0000000061   -0.0000000087   -0.0000000082    0.0000583763    0.0000000007    0.0000000019   -0.0000000641    0.0002990720   -0.0000000114   -0.0000000099    0.0000000108   -0.0000000153    0.0000000017   -0.0000000054    0.0000000080    0.0000000011    0.0006193057    0.0000000214    0.0000000097   -0.0000000033   -0.0000000047    0.0000000025    0.0007979948    0.0000000067    0.0000000016    0.0000000023    0.0000000113   -0.0009606688    0.0000000805    0.0004630116   -0.0000000034    0.0000000040   -0.0000000103   -0.0000000020    0.0000000009    0.0000000081   -0.0000000010    0.0000000106   -0.0000000111   -0.0000000081    0.0000000206   -0.0000000043   -0.0000000024   -0.0000000045   -0.0000000213    0.0000000192    0.0000148584    0.0000000088   -0.0000000126    0.0005182655    0.0000000149   -0.0000000153   -0.0000000059   -0.0000000264   -0.0000000071   -0.0000000065   -0.0000000078   -0.0000863112    0.0000000027   -0.0000000040    0.0000000254   -0.0000000282   -0.0000000075   -0.0000000062   -0.0000000130   -0.0017995078   -0.0000000121   -0.0000000012   -0.0000000036    0.0000000148    0.0000000215   -0.0000238400   -0.0000000040    0.0000477096    0.0000000111   -0.0000000041
 -0.0004178007    0.0000001277   -0.0000000173    0.0000000068   -0.0000000027   -0.0002167925    0.0000000118    0.0000000014    0.0000000001    0.0000000009    0.0004235098   -0.0000000330    0.0000000087   -0.0000000039    0.0000000063    0.0000000054    0.0000000112   -0.0000000022   -0.0000000134   -0.0009304393    0.0000000421    0.0009815280    0.0000000253   -0.0001254823   -0.0000000025    0.0000000023   -0.0000000141    0.0000000017   -0.0000000032    0.0000000041   -0.0000000013    0.0000000025   -0.0005350688    0.0000000016    0.0000000019    0.0000000013    0.0000000037   -0.0000000112   -0.0000000035   -0.0000000037    0.0000000164   -0.0000000004    0.0000000031    0.0000000023    0.0000000183    0.0000000016    0.0000000069    0.0000000029    0.0006695234   -0.0000337817    0.0000000035   -0.0000000044    0.0000000001   -0.0000000252    0.0000000017   -0.0000000020   -0.0000000024   -0.0000000119    0.0000000060   -0.0000000068   -0.0000195480   -0.0000000209    0.0000000013   -0.0000000064   -0.0000000035   -0.0000000057   -0.0000000035   -0.0000000060   -0.0017798253   -0.0000000419   -0.0000000143   -0.0000000015   -0.0000000059    0.0000000076   -0.0000554256    0.0000000041    0.0000127531    0.0000000019    0.0000000027    0.0000000052
 -0.0000000278   -0.0000000084    0.0000000042   -0.0000000152    0.0000000066   -0.0000000148    0.0001076432   -0.0000000281    0.0000000080    0.0000000140   -0.0000000018    0.0000000040   -0.0000000097   -0.0000000039    0.0000000524   -0.0000000154   -0.0000000060   -0.0001681957    0.0000000013   -0.0000000008    0.0000000046   -0.0000000018   -0.0000000096    0.0000000009   -0.0000000377    0.0000000086    0.0000000123    0.0000000062   -0.0001282663    0.0000000020    0.0000000055    0.0000000059    0.0000000094   -0.0000000081    0.0000000050   -0.0000000187    0.0000000533   -0.0022311466   -0.0000000028   -0.0000000304    0.0000000083    0.0000000231    0.0000000027   -0.0000000080    0.0000000148    0.0000000259    0.0000052644   -0.0000000100    0.0000000145    0.0000000100   -0.0000000032   -0.0000000060    0.0000439228    0.0000000012    0.0000000079   -0.0000000031    0.0000000081   -0.0000000252   -0.0000001877    0.0014055984   -0.0000000069   -0.0000000150   -0.0000000024   -0.0000000000    0.0000000090   -0.0000000034    0.0000000033    0.0000000199    0.0000000032   -0.0000000010   -0.0000000182    0.0000000010   -0.0000000088   -0.0000263306    0.0000000075    0.0000000103    0.0000000045    0.0000000011    0.0000000028   -0.0000000161
 -0.0000000086    0.0000000452    0.0000000043    0.0003401841   -0.0000000035   -0.0000000259    0.0000000149   -0.0000000347    0.0000000113    0.0000000035    0.0000000027   -0.0000000112   -0.0000000195    0.0000000053    0.0004089747   -0.0000000028   -0.0000000018   -0.0000000264    0.0000000030    0.0000000114   -0.0000000117    0.0000000071   -0.0000000044    0.0000000197    0.0000363449   -0.0000000094    0.0000000161    0.0000000146   -0.0000000406    0.0000000018    0.0000000119    0.0000000072    0.0000000009   -0.0000000031   -0.0000000119   -0.0000000000    0.0020080882   -0.0000000024   -0.0000000113    0.0000000051   -0.0000000089   -0.0000000094    0.0000000007    0.0000000084   -0.0000000121    0.0000425149   -0.0000000207    0.0000000054    0.0000000077    0.0000000073    0.0000000016   -0.0000905529    0.0000000064   -0.0000000049   -0.0000000018   -0.0000000013   -0.0000000089    0.0000000122   -0.0013697847   -0.0000002710    0.0000000112    0.0000000068    0.0000000025    0.0000000015   -0.0000000093    0.0000000056   -0.0000000218    0.0000000003    0.0000000017    0.0000000002    0.0000000116   -0.0000000075    0.0000419215   -0.0000000171   -0.0000000035   -0.0000000032    0.0000000008   -0.0000000032    0.0000000095    0.0000000026
  0.0000000899   -0.0010764355    0.0000000088   -0.0000000164   -0.0000000162   -0.0000000458   -0.0000000043    0.0036504985   -0.0000000014    0.0000000053    0.0000001861    0.0014396616   -0.0000000089    0.0000000261    0.0000000689    0.0000000198   -0.0000000286    0.0000000132   -0.0000000185   -0.0000000847    0.0007838146   -0.0000000065   -0.0000000394    0.0000000596   -0.0000000007   -0.0000000106   -0.0025354128   -0.0000000034    0.0000000322    0.0000000097    0.0000000303   -0.0011603720   -0.0000000737   -0.0006546068   -0.0000000017   -0.0000000157    0.0000000053   -0.0000000231    0.0000000041    0.0000000201    0.0000000796   -0.0000000373    0.0000000514    0.0000000014   -0.0000000169    0.0000000256    0.0000000015    0.0000000054    0.0000000781   -0.0000000134    0.0012409712    0.0000000052    0.0000000080    0.0000767689   -0.0000000301    0.0000000193    0.0000000666    0.0000000383   -0.0000000000   -0.0000000181    0.0000000393   -0.0011615305   -0.0000000068    0.0000000110   -0.0000001150    0.0000000831    0.0000000038   -0.0000000077    0.0000000221    0.0000966430   -0.0000000237    0.0000000184   -0.0000000273   -0.0000000157   -0.0000000670   -0.0005575970    0.0000000710   -0.0004282189   -0.0000000085    0.0000000149
 -0.0007602020    0.0000001831    0.0000000182   -0.0000000012   -0.0000000187   -0.0040611021    0.0000000279    0.0000000204    0.0000000003    0.0000000002    0.0008166208    0.0000002162    0.0000000121    0.0000000544    0.0000000330    0.0000000113   -0.0000000301    0.0000000537   -0.0000000254    0.0015741676   -0.0000000662    0.0005089422   -0.0000000642    0.0031232350   -0.0000000201   -0.0000000137   -0.0000000230   -0.0000000076    0.0000000268    0.0000000055   -0.0000000135   -0.0000002452   -0.0007458080   -0.0000000823    0.0000000024   -0.0000000029    0.0000000189    0.0000000003   -0.0000000187    0.0000000023    0.0000000063    0.0000000349    0.0000000281    0.0000000154   -0.0000000921    0.0000000014   -0.0000000264   -0.0000000610   -0.0001815492   -0.0013112326    0.0000001105    0.0000000034    0.0000000020   -0.0000000377   -0.0000000474    0.0000000466    0.0000000168   -0.0000000108    0.0000000070    0.0000000031   -0.0014043134    0.0000000599   -0.0000000060    0.0000000164   -0.0000000520   -0.0000000003   -0.0000000082    0.0000000024    0.0000537874   -0.0000000133    0.0000000375    0.0000000782   -0.0000000239   -0.0000000279   -0.0006281579   -0.0000000233   -0.0003655617   -0.0000000822   -0.0000000112    0.0000000083

# Root 12  E=0.3531507179 Ha  9.609725 eV
  0.0000000000    0.0000000000    0.0000000000    0.0000000000    0.0000000000    0.0000000000    0.0000000000    0.0000000000    0.0000000000    0.0000000000    0.0000000000    0.0000000000    0.0000000000    0.0000000000    0.0000000000    0.0000000000    0.0000000000    0.0000000000    0.0000000000    0.0000000000    0.0000000000    0.0000000000    0.0000000000    0.0000000000    0.0000000000    0.0000000000    0.0000000000    0.0000000000    0.0000000000    0.0000000000    0.0000000000    0.0000000000    0.0000000000    0.0000000000    0.0000000000    0.0000000000    0.0000000000    0.0000000000    0.0000000000    0.0000000000    0.0000000000    0.0000000000    0.0000000000    0.0000000000    0.0000000000    0.0000000000    0.0000000000    0.0000000000    0.0000000000    0.0000000000    0.0000000000    0.0000000000    0.0000000000    0.0000000000    0.0000000000    0.0000000000    0.0000000000    0.0000000000    0.0000000000    0.0000000000    0.0000000000    0.0000000000    0.0000000000    0.0000000000    0.0000000000    0.0000000000    0.0000000000    0.0000000000    0.0000000000    0.0000000000    0.0000000000    0.0000000000    0.0000000000    0.0000000000    0.0000000000    0.0000000000    0.0000000000    0.0000000000    0.0000000000    0.0000000000
  0.0000000000    0.0000000000    0.0000000000    0.0000000000    0.0000000000    0.0000000000    0.0000000000    0.0000000000    0.0000000000    0.0000000000    0.0000000000    0.0000000000    0.0000000000    0.0000000000    0.0000000000    0.0000000000    0.0000000000    0.0000000000    0.0000000000    0.0000000000    0.0000000000    0.0000000000    0.0000000000    0.0000000000    0.0000000000    0.0000000000    0.0000000000    0.0000000000    0.0000000000    0.0000000000    0.0000000000    0.0000000000    0.0000000000    0.0000000000    0.0000000000    0.0000000000    0.0000000000    0.0000000000    0.0000000000    0.0000000000    0.0000000000    0.0000000000    0.0000000000    0.0000000000    0.0000000000    0.0000000000    0.0000000000    0.0000000000    0.0000000000    0.0000000000    0.0000000000    0.0000000000    0.0000000000    0.0000000000    0.0000000000    0.0000000000    0.0000000000    0.0000000000    0.0000000000    0.0000000000    0.0000000000    0.0000000000    0.0000000000    0.0000000000    0.0000000000    0.0000000000    0.0000000000    0.0000000000    0.0000000000    0.0000000000    0.0000000000    0.0000000000    0.0000000000    0.0000000000    0.0000000000    0.0000000000    0.0000000000    0.0000000000    0.0000000000    0.0000000000
  0.0000000000    0.0000000000    0.0000000000    0.0000000000    0.0000000000    0.0000000000    0.0000000000    0.0000000000    0.0000000000    0.0000000000    0.0000000000    0.0000000000    0.0000000000    0.0000000000    0.0000000000    0.0000000000    0.0000000000    0.0000000000    0.0000000000    0.0000000000    0.0000000000    0.0000000000    0.0000000000    0.0000000000    0.0000000000    0.0000000000    0.0000000000    0.0000000000    0.0000000000    0.0000000000    0.0000000000    0.0000000000    0.0000000000    0.0000000000    0.0000000000    0.0000000000    0.0000000000    0.0000000000    0.0000000000    0.0000000000    0.0000000000    0.0000000000    0.0000000000    0.0000000000    0.0000000000    0.0000000000    0.0000000000    0.0000000000    0.0000000000    0.0000000000    0.0000000000    0.0000000000    0.0000000000    0.0000000000    0.0000000000    0.0000000000    0.0000000000    0.0000000000    0.0000000000    0.0000000000    0.0000000000    0.0000000000    0.0000000000    0.0000000000    0.0000000000    0.0000000000    0.0000000000    0.0000000000    0.0000000000    0.0000000000    0.0000000000    0.0000000000    0.0000000000    0.0000000000    0.0000000000    0.0000000000    0.0000000000    0.0000000000    0.0000000000    0.0000000000
  0.0000000000    0.0000000000    0.0000000000    0.0000000000    0.0000000000    0.0000000000    0.0000000000    0.0000000000    0.0000000000    0.0000000000    0.0000000000    0.0000000000    0.0000000000    0.0000000000    0.0000000000    0.0000000000    0.0000000000    0.0000000000    0.0000000000    0.0000000000    0.0000000000    0.0000000000    0.0000000000    0.0000000000    0.0000000000    0.0000000000    0.0000000000    0.0000000000    0.0000000000    0.0000000000    0.0000000000    0.0000000000    0.0000000000    0.0000000000    0.0000000000    0.0000000000    0.0000000000    0.0000000000    0.0000000000    0.0000000000    0.0000000000    0.0000000000    0.0000000000    0.0000000000    0.0000000000    0.0000000000    0.0000000000    0.0000000000    0.0000000000    0.0000000000    0.0000000000    0.0000000000    0.0000000000    0.0000000000    0.0000000000    0.0000000000    0.0000000000    0.0000000000    0.0000000000    0.0000000000    0.0000000000    0.0000000000    0.0000000000    0.0000000000    0.0000000000    0.0000000000    0.0000000000    0.0000000000    0.0000000000    0.0000000000    0.0000000000    0.0000000000    0.0000000000    0.0000000000    0.0000000000    0.0000000000    0.0000000000    0.0000000000    0.0000000000    0.0000000000
  0.0033051018    0.0000013678   -0.0000000107   -0.0000000032   -0.0000000030   -0.0008497895    0.0000000019   -0.0000002762   -0.0000000003    0.0000000001   -0.0006849740    0.0000000501    0.0000000045   -0.0000000004    0.0000000010    0.0000000142    0.0000000004   -0.0000000016    0.0000000128    0.0005882291    0.0000001306   -0.0002100160    0.0000000218    0.0004194199   -0.0000000077    0.0000000025    0.0000001763    0.0000000028   -0.0000000018    0.0000000020    0.0000000040   -0.0000001162    0.0007416434   -0.0000000603   -0.0000000038    0.0000000032    0.0000000450    0.0000000155   -0.0000000054    0.0000000002    0.0000000250   -0.0000000223    0.0000000072   -0.0000000043    0.0000000163   -0.0000000081    0.0000000045    0.0000000146   -0.0008917397   -0.0000623394   -0.0000000605   -0.0000000019    0.0000000006   -0.0000000646    0.0000000039   -0.0000000045    0.0000000079    0.0000000153   -0.0000000069   -0.0000000134    0.0000294644   -0.0000000347   -0.0000000000   -0.0000000051   -0.0000000278    0.0000000249   -0.0000000096   -0.0000000072    0.0004407316    0.0000000107   -0.0000000120   -0.0000000327    0.0000000005    0.0000000078    0.0000632503   -0.0000000093   -0.0000258244    0.0000000334   -0.0000000003    0.0000000001
 -0.0000014711   -0.0031175134    0.0000000018    0.0000000032    0.0000000034   -0.0000000184   -0.0000000066   -0.0003203314   -0.0000000006    0.0000000003   -0.0000001493    0.0004505633    0.0000000030   -0.0000000113   -0.0000000025   -0.0000000032   -0.0000000011    0.0000000018   -0.0000000090    0.0000003378   -0.0000091805   -0.0000002324   -0.0000000022    0.0000000894    0.0000000037    0.0000000043    0.0008299235   -0.0000000030   -0.0000000003   -0.0000000017   -0.0000000042   -0.0008283524    0.0000001436    0.0002638693    0.0000000024   -0.0000000063   -0.0000000230   -0.0000000268    0.0000000106   -0.0000000171    0.0000000284   -0.0000000371   -0.0000000020    0.0000000096   -0.0000000002    0.0000000032    0.0000000044    0.0000000029    0.0000001950   -0.0000000390   -0.0000279787   -0.0000000008   -0.0000000037    0.0007696183   -0.0000000119    0.0000000068    0.0000000199    0.0000000261    0.0000000046    0.0000000228    0.0000000026    0.0000163045   -0.0000000004    0.0000000020   -0.0000000419    0.0000000507    0.0000000038    0.0000000064    0.0000000146   -0.0004693719   -0.0000000183   -0.0000000060    0.0000000007   -0.0000000049   -0.0000000022   -0.0000545978    0.0000000092    0.0000434839   -0.0000000028    0.0000000031
  0.0000000089   -0.0000000484    0.0009224468    0.0000000038    0.0000002335   -0.0000000044    0.0000000026    0.0000000072    0.0000000058   -0.0000000065    0.0000000096   -0.0000000050   -0.0010554510    0.0001534431   -0.0000000028    0.0000001114    0.0000000855    0.0000000023   -0.0006316331    0.0000000231   -0.0000000408    0.0000000371   -0.0002658171    0.0000000345    0.0000000071    0.0000000535   -0.0000000102   -0.0000000030   -0.0000000004   -0.0000000041   -0.0000001534    0.0000000063   -0.0000000288    0.0000000014    0.0000000068   -0.0000000087   -0.0000000047    0.0000000135    0.0000000451    0.0000000099   -0.0008291147    0.0000005730    0.0000000066    0.0000000204    0.0000140266   -0.0000000031    0.0000000047   -0.0000000559    0.0000000264   -0.0000000407    0.0000000285   -0.0000000035   -0.0000000056    0.0000000272    0.0000895754    0.0000000397   -0.0009375240    0.0000000330   -0.0000000081    0.0000000129    0.0000000322    0.0000000486   -0.0000000004    0.0000000048    0.0000238371    0.0000000893    0.0000000037    0.0000000087    0.0000000106    0.0000000065   -0.0000060230    0.0000000234   -0.0000000042   -0.0000000124   -0.0000000358   -0.0000000302   -0.0000000224   -0.0000000013   -0.0000000067    0.0000000137
 -0.0000000041    0.0000000415    0.0000001400   -0.0000000002    0.0006171737    0.0000000027   -0.0000000028   -0.0000000015    0.0000000017    0.0000000010   -0.0000000041    0.0000000059   -0.0000000190    0.0000000964    0.0000000081    0.0001444958   -0.0003928294   -0.0000000035    0.0000001687    0.0000000019    0.0000000273   -0.0000000332   -0.0000000338   -0.0000000059    0.0000000002    0.0002449556    0.0000000018    0.0000000084    0.0000000014    0.0000000087    0.0000168466   -0.0000000167    0.0000000023   -0.0000000027   -0.0000000168    0.0000000119    0.0000000247   -0.0000000119   -0.0000000400   -0.0000000116    0.0000006860   -0.0008720566    0.0000000087    0.0000000028   -0.0000000286   -0.0000000130    0.0000000055   -0.0000585209   -0.0000000151   -0.0000000064    0.0000000010   -0.0000000040   -0.0000000024   -0.0000000019   -0.0000000221   -0.0001797669   -0.0000000024    0.0009025101    0.0000000169   -0.0000000067   -0.0000000023   -0.0000000160    0.0000000010   -0.0000000026   -0.0000000361   -0.0000142923   -0.0000000151   -0.0000000199   -0.0000000004    0.0000000034    0.0000000258   -0.0000081702   -0.0000000051    0.0000000039   -0.0000000041    0.0000000004   -0.0000000104   -0.0000000124   -0.0000000042    0.0000000020
  0.0000000188   -0.0000000242    0.0000000084    0.0000000001   -0.0000000041   -0.0000000010    0.0000000010    0.0000000031    0.0004555518    0.0000001137    0.0000000044   -0.0000000048    0.0000000096   -0.0000000030   -0.0000000025   -0.0000000001   -0.0000000092    0.0000000039    0.0000000093   -0.0000000015    0.0000000000   -0.0000000004   -0.0000000094   -0.0000000003   -0.0000000015    0.0000000059   -0.0000000032    0.0003957337    0.0000000009    0.0000000795   -0.0000000075    0.0000000021   -0.0000000035    0.0000000021   -0.0002327086    0.0000000685   -0.0000000044   -0.0000000117    0.0026227711    0.0000010578   -0.0000000198    0.0000000071   -0.0001469763    0.0000000129    0.0000000016    0.0000000067   -0.0000000020    0.0000000029    0.0000000048    0.0000000014    0.0000000060    0.0000000007    0.0000000016   -0.0000000007   -0.0000000047    0.0000000063   -0.0000000192   -0.0000000053    0.0000000067   -0.0000000027    0.0000000040    0.0000000075    0.0000169340    0.0000000027   -0.0000000086    0.0000000107    0.0006350307    0.0000001159    0.0000000009   -0.0000000004   -0.0000000012    0.0000000058   -0.0000000034    0.0000000002   -0.0000000048   -0.0000000015    0.0000000069   -0.0000000076   -0.0000551195   -0.0000000173
  0.0000000118   -0.0000000184   -0.0000000075    0.0000000020    0.0000000040   -0.0000000008    0.0000000048    0.0000000025    0.0000002047    0.0007139248   -0.0000000041    0.0000000024    0.0000000033    0.0000000001    0.0000000038    0.0000000062    0.0000000159   -0.0000000041   -0.0000000009   -0.0000000000   -0.0000000044    0.0000000022    0.0000000107   -0.0000000016    0.0000000003   -0.0000000034    0.0000000005    0.0000000723   -0.0000000049    0.0002667730    0.0000000095   -0.0000000004    0.0000000028    0.0000000017    0.0000000494   -0.0002819653    0.0000000042    0.0000000123   -0.0000009379   -0.0026237846    0.0000000167   -0.0000000227   -0.0000000484    0.0002044106    0.0000000022    0.0000000006   -0.0000000001   -0.0000000009   -0.0000000141   -0.0000000009   -0.0000000038    0.0000000002    0.0000000014    0.0000000105    0.0000000012   -0.0000000062    0.0000000117    0.0000000145   -0.0000000066    0.0000000027   -0.0000000020   -0.0000000026   -0.0000000070   -0.0000384288    0.0000000005   -0.0000000015    0.0000002371    0.0006386003   -0.0000000038    0.0000000018    0.0000000015   -0.0000000076    0.0000000036   -0.0000000024    0.0000000033    0.0000000005   -0.0000000047    0.0000000083   -0.0000000041   -0.0000560798
 -0.0064385430   -0.0000016856    0.0000000115   -0.0000000003    0.0000000033    0.0000859075   -0.0000000010    0.0000000713   -0.0000000005   -0.0000000032   -0.0016434072    0.0000003936   -0.0000000043    0.0000000048   -0.0000000031   -0.0000000063   -0.0000000123    0.0000000108    0.0000000080    0.0007543316   -0.0000000675   -0.0000631958   -0.0000000333    0.0002143495    0.0000000020    0.0000000032    0.0000002299   -0.0000000057   -0.0000000012   -0.0000000065    0.0000000006   -0.0000003831    0.0011856886    0.0000001295    0.0000000019   -0.0000000027   -0.0000000246   -0.0000000103    0.0000000030    0.0000000084    0.0000000119   -0.0000000097   -0.0000000035   -0.0000000028   -0.0000000283    0.0000000048   -0.0000000154   -0.0000000030    0.0012957546   -0.0002874772    0.0000000331   -0.0000000061    0.0000000031    0.0000004350   -0.0000000152    0.0000000078    0.0000000219    0.0000000219   -0.0000000220   -0.0000000081    0.0000540777    0.0000000449   -0.0000000006    0.0000000097   -0.0000000344    0.0000000231    0.0000000055    0.0000000023   -0.0000412037   -0.0000004212    0.0000000032    0.0000000068    0.0000000044   -0.0000000118    0.0000688465   -0.0000000053   -0.0000547099    0.0000000154   -0.0000000031   -0.0000000057
 -0.0000017431   -0.0063436857   -0.0000000019    0.0000000020   -0.0000000042    0.0000001373   -0.0000000005    0.0010369267   -0.0000000016   -0.0000000009    0.0000002955   -0.0016913624    0.0000000075    0.0000000039   -0.0000000024    0.0000000022    0.0000000008    0.0000000111   -0.0000000055   -0.0000000026    0.0003467544    0.0000000579   -0.0000000111   -0.0000000586    0.0000000026    0.0000000033   -0.0005271893   -0.0000000061   -0.0000000037   -0.0000000035   -0.0000000153    0.0008060538   -0.0000002950    0.0013351246    0.0000000034   -0.0000000033   -0.0000000110   -0.0000000188    0.0000000020   -0.0000000153   -0.0000000183    0.0000000048    0.0000000054    0.0000000071   -0.0000000209   -0.0000000017   -0.0000000047    0.0000000057    0.0000005064   -0.0000000559    0.0002880623   -0.0000000084   -0.0000000023    0.0010881914   -0.0000000039    0.0000000099   -0.0000000016    0.0000000064   -0.0000000094   -0.0000000123    0.0000000061    0.0001642403   -0.0000000015    0.0000000040   -0.0000000044   -0.0000000007    0.0000000050    0.0000000101   -0.0000004284   -0.0000790348    0.0000000141    0.0000000058    0.0000000050   -0.0000000098   -0.0000000167    0.0000771292   -0.0000000086   -0.0000338928   -0.0000000093    0.0000000006
 -0.0000001067   -0.0000000591    0.0000000051   -0.0006585825   -0.0000000011    0.0000000145   -0.0000001260   -0.0000000027    0.0000000032    0.0000000018    0.0000000224    0.0000000070   -0.0000000078    0.0000000025    0.0011479084   -0.0000000045    0.0000000017   -0.0000002057    0.0000000036    0.0000000103   -0.0000000059   -0.0000000020   -0.0000000045    0.0000000068    0.0003579210   -0.0000000067    0.0000000031    0.0000000059   -0.0000000969    0.0000000015    0.0000000070   -0.0000000072   -0.0000000195    0.0000000039   -0.0000000059   -0.0000000031   -0.0029409284   -0.0000012490   -0.0000000045    0.0000000084   -0.0000000018   -0.0000000015    0.0000000041    0.0000000056   -0.0000000085    0.0001939696    0.0000000160    0.0000000025    0.0000000357   -0.0000000089    0.0000000070   -0.0001892026    0.0000000497    0.0000000205   -0.0000000009    0.0000000007   -0.0000000048    0.0000000075   -0.0011296853   -0.0000001445    0.0000000008    0.0000000096    0.0000000024    0.0000000004   -0.0000000042    0.0000000033   -0.0000000140    0.0000000006    0.0000000078    0.0000000049    0.0000000141   -0.0000000034    0.0001139556   -0.0000000303   -0.0000000030   -0.0000000022   -0.0000000026   -0.0000000042    0.0000000079    0.0000000039
  0.0000000482    0.0000000986    0.0000000015    0.0000000200   -0.0000000006   -0.0000000086   -0.0005091912    0.0000000002    0.0000000032    0.0000000050    0.0000000119    0.0000000052   -0.0000000048   -0.0000000020    0.0000003072   -0.0000000050   -0.0000000042   -0.0013671643    0.0000000001   -0.0000000134   -0.0000000036   -0.0000000074   -0.0000000058   -0.0000000009    0.0000000137    0.0000000013   -0.0000000039    0.0000000017   -0.0002075571   -0.0000000030    0.0000000011   -0.0000000022   -0.0000000045   -0.0000000133    0.0000000010   -0.0000000101    0.0000012251    0.0029405310   -0.0000000099   -0.0000000160    0.0000000094    0.0000000221    0.0000000016   -0.0000000041    0.0000000072    0.0000000720    0.0002287166   -0.0000000077   -0.0000000209    0.0000000063   -0.0000000098   -0.0000000513    0.0002210773   -0.0000000293    0.0000000036   -0.0000000002    0.0000000078   -0.0000000209   -0.0000002213    0.0011439129   -0.0000000031   -0.0000000082   -0.0000000014    0.0000000005    0.0000000063   -0.0000000042    0.0000000018    0.0000000101   -0.0000000040   -0.0000000067   -0.0000000085    0.0000000059    0.0000000107   -0.0001165802    0.0000000049    0.0000000013   -0.0000000001    0.0000000009   -0.0000000001   -0.0000000102
  0.0069706506   -0.0000013490   -0.0000000137   -0.0000000379    0.0000000078   -0.0014773527    0.0000000257    0.0000014414   -0.0000000009   -0.0000000051   -0.0095660734   -0.0000022898   -0.0000000731   -0.0000000960    0.0000000324    0.0000000143    0.0000000371    0.0000000623    0.0000001035    0.0057006135    0.0000014483    0.0038075045    0.0000001416   -0.0007903493    0.0000000391    0.0000000224   -0.0000010990    0.0000000203   -0.0000000310   -0.0000000179    0.0000000042    0.0000018491    0.0060940303    0.0000005161   -0.0000000109    0.0000000107   -0.0000000257   -0.0000000051    0.0000000307    0.0000000129   -0.0000000761   -0.0000000686   -0.0000000624   -0.0000000440    0.0000001845   -0.0000000068    0.0000000644    0.0000001462    0.0002510112   -0.0002200475    0.0000001166   -0.0000000359   -0.0000000267    0.0000001667    0.0000001436   -0.0000001055   -0.0000000734    0.0000000117   -0.0000000329   -0.0000000079    0.0000856954   -0.0000004242    0.0000000121   -0.0000000368    0.0000001819   -0.0000000329    0.0000000118   -0.0000000131   -0.0000773758    0.0000000184   -0.0000000314   -0.0000001887    0.0000000719    0.0000000449   -0.0000611639   -0.0000000773   -0.0001194661    0.0000000291    0.0000000244   -0.0000000256
 -0.0000010279    0.0053137293   -0.0000000181   -0.0000000357    0.0000000109   -0.0000011141    0.0000000664    0.0009548420    0.0000000073   -0.0000000061   -0.0000023777   -0.0085967180    0.0000000002   -0.0000000211    0.0000000296   -0.0000000015    0.0000000888    0.0000000898    0.0000000437    0.0000017284    0.0058137033    0.0000008926    0.0000000796    0.0000005876    0.0000000310    0.0000000105   -0.0013928108    0.0000000099   -0.0000000287   -0.0000000139   -0.0000000443    0.0068671979    0.0000015405    0.0014341279    0.0000000108    0.0000000294    0.0000000087    0.0000000436   -0.0000000137   -0.0000000312   -0.0000001518    0.0000000295   -0.0000001040   -0.0000000035    0.0000000327   -0.0000000445   -0.0000000025   -0.0000000157   -0.0000002832   -0.0000003572    0.0002155329   -0.0000000299   -0.0000000291    0.0001236456    0.0000000675   -0.0000000326   -0.0000001278   -0.0000000419    0.0000000006    0.0000000274   -0.0000004183    0.0002082157    0.0000000039   -0.0000000212    0.0000002139   -0.0000001277   -0.0000000110    0.0000000127   -0.0000000365    0.0000120058    0.0000000499   -0.0000000654    0.0000000667    0.0000000253   -0.0000000396   -0.0000218127   -0.0000002630   -0.0001120880    0.0000000157   -0.0000000303

# Root 13  E=0.3539157348 Ha  9.630543 eV
  0.0000000000    0.0000000000    0.0000000000    0.0000000000    0.0000000000    0.0000000000    0.0000000000    0.0000000000    0.0000000000    0.0000000000    0.0000000000    0.0000000000    0.0000000000    0.0000000000    0.0000000000    0.0000000000    0.0000000000    0.0000000000    0.0000000000    0.0000000000    0.0000000000    0.0000000000    0.0000000000    0.0000000000    0.0000000000    0.0000000000    0.0000000000    0.0000000000    0.0000000000    0.0000000000    0.0000000000    0.0000000000    0.0000000000    0.0000000000    0.0000000000    0.0000000000    0.0000000000    0.0000000000    0.0000000000    0.0000000000    0.0000000000    0.0000000000    0.0000000000    0.0000000000    0.0000000000    0.0000000000    0.0000000000    0.0000000000    0.0000000000    0.0000000000    0.0000000000    0.0000000000    0.0000000000    0.0000000000    0.0000000000    0.0000000000    0.0000000000    0.0000000000    0.0000000000    0.0000000000    0.0000000000    0.0000000000    0.0000000000    0.0000000000    0.0000000000    0.0000000000    0.0000000000    0.0000000000    0.0000000000    0.0000000000    0.0000000000    0.0000000000    0.0000000000    0.0000000000    0.0000000000    0.0000000000    0.0000000000    0.0000000000    0.0000000000    0.0000000000
  0.0000000000    0.0000000000    0.0000000000    0.0000000000    0.0000000000    0.0000000000    0.0000000000    0.0000000000    0.0000000000    0.0000000000    0.0000000000    0.0000000000    0.0000000000    0.0000000000    0.0000000000    0.0000000000    0.0000000000    0.0000000000    0.0000000000    0.0000000000    0.0000000000    0.0000000000    0.0000000000    0.0000000000    0.0000000000    0.0000000000    0.0000000000    0.0000000000    0.0000000000    0.0000000000    0.0000000000    0.0000000000    0.0000000000    0.0000000000    0.0000000000    0.0000000000    0.0000000000    0.0000000000    0.0000000000    0.0000000000    0.0000000000    0.0000000000    0.0000000000    0.0000000000    0.0000000000    0.0000000000    0.0000000000    0.0000000000    0.0000000000    0.0000000000    0.0000000000    0.0000000000    0.0000000000    0.0000000000    0.0000000000    0.0000000000    0.0000000000    0.0000000000    0.0000000000    0.0000000000    0.0000000000    0.0000000000    0.0000000000    0.0000000000    0.0000000000    0.0000000000    0.0000000000    0.0000000000    0.0000000000    0.0000000000    0.0000000000    0.0000000000    0.0000000000    0.0000000000    0.0000000000    0.0000000000    0.0000000000    0.0000000000    0.0000000000    0.0000000000
  0.0000000000    0.0000000000    0.0000000000    0.0000000000    0.0000000000    0.0000000000    0.0000000000    0.0000000000    0.0000000000    0.0000000000    0.0000000000    0.0000000000    0.0000000000    0.0000000000    0.0000000000    0.0000000000    0.0000000000    0.0000000000    0.0000000000    0.0000000000    0.0000000000    0.0000000000    0.0000000000    0.0000000000    0.0000000000    0.0000000000    0.0000000000    0.0000000000    0.0000000000    0.0000000000    0.0000000000    0.0000000000    0.0000000000    0.0000000000    0.0000000000    0.0000000000    0.0000000000    0.0000000000    0.0000000000    0.0000000000    0.0000000000    0.0000000000    0.0000000000    0.0000000000    0.0000000000    0.0000000000    0.0000000000    0.0000000000    0.0000000000    0.0000000000    0.0000000000    0.0000000000    0.0000000000    0.0000000000    0.0000000000    0.0000000000    0.0000000000    0.0000000000    0.0000000000    0.0000000000    0.0000000000    0.0000000000    0.0000000000    0.0000000000    0.0000000000    0.0000000000    0.0000000000    0.0000000000    0.0000000000    0.0000000000    0.0000000000    0.0000000000    0.0000000000    0.0000000000    0.0000000000    0.0000000000    0.0000000000    0.0000000000    0.0000000000    0.0000000000
  0.0000000000    0.0000000000    0.0000000000    0.0000000000    0.0000000000    0.0000000000    0.0000000000    0.0000000000    0.0000000000    0.0000000000    0.0000000000    0.0000000000    0.0000000000    0.0000000000    0.0000000000    0.0000000000    0.0000000000    0.0000000000    0.0000000000    0.0000000000    0.0000000000    0.0000000000    0.0000000000    0.0000000000    0.0000000000    0.0000000000    0.0000000000    0.0000000000    0.0000000000    0.0000000000    0.0000000000    0.0000000000    0.0000000000    0.0000000000    0.0000000000    0.0000000000    0.0000000000    0.0000000000    0.0000000000    0.0000000000    0.0000000000    0.0000000000    0.0000000000    0.0000000000    0.0000000000    0.0000000000    0.0000000000    0.0000000000    0.0000000000    0.0000000000    0.0000000000    0.0000000000    0.0000000000    0.0000000000    0.0000000000    0.0000000000    0.0000000000    0.0000000000    0.0000000000    0.0000000000    0.0000000000    0.0000000000    0.0000000000    0.0000000000    0.0000000000    0.0000000000    0.0000000000    0.0000000000    0.0000000000    0.0000000000    0.0000000000    0.0000000000    0.0000000000    0.0000000000    0.0000000000    0.0000000000    0.0000000000    0.0000000000    0.0000000000    0.0000000000
  0.0000005761   -0.0062714552    0.0000000062   -0.0000000065    0.0000000057   -0.0000001816   -0.0000000001    0.0011538993   -0.0000000004    0.0000000003   -0.0000001486   -0.0001632582   -0.0000000019   -0.0000000079   -0.0000000025   -0.0000000002    0.0000000010    0.0000000001   -0.0000000112    0.0000001615   -0.0005874429   -0.0000000782   -0.0000000156    0.0000001000   -0.0000000041    0.0000000099   -0.0006728370   -0.0000000054    0.0000000011   -0.0000000009   -0.0000000180    0.0004295600    0.0000001667    0.0003196812    0.0000000038   -0.0000000054    0.0000000199    0.0000000117    0.0000000074   -0.0000000122    0.0000000211   -0.0000000055    0.0000000050    0.0000000088   -0.0000000082    0.0000000028    0.0000000011    0.0000000019   -0.0000001605   -0.0000000260    0.0001845892   -0.0000000015    0.0000000013    0.0005852179   -0.0000000108    0.0000000117    0.0000000176    0.0000000082   -0.0000000124    0.0000000007    0.0000000218    0.0000906293   -0.0000000023    0.0000000039   -0.0000000296    0.0000000155    0.0000000079    0.0000000071    0.0000001055   -0.0000654536   -0.0000000102    0.0000000131    0.0000000008   -0.0000000085    0.0000000020    0.0000406558    0.0000000056   -0.0000228500   -0.0000000087    0.0000000018
  0.0065072523   -0.0000005163   -0.0000000033   -0.0000000011   -0.0000000006    0.0000026782   -0.0000000101   -0.0000001051    0.0000000011    0.0000000020    0.0006037969    0.0000001133    0.0000000158    0.0000000040    0.0000000070    0.0000000073    0.0000000071   -0.0000000076   -0.0000000066   -0.0014499299    0.0000000128    0.0008903903    0.0000000183   -0.0003216800   -0.0000000024   -0.0000000014    0.0000002047    0.0000000037    0.0000000049    0.0000000059    0.0000000119   -0.0000001951   -0.0005775932    0.0000000494   -0.0000000007    0.0000000037   -0.0000000045   -0.0000000240   -0.0000000004    0.0000000030   -0.0000000056   -0.0000000091    0.0000000068    0.0000000010    0.0000000133   -0.0000000037    0.0000000013    0.0000000049   -0.0007458834    0.0001849807   -0.0000000099    0.0000000013   -0.0000000012    0.0000001666    0.0000000020   -0.0000000035   -0.0000000062    0.0000000048    0.0000000101    0.0000000062   -0.0000174139   -0.0000000011    0.0000000007   -0.0000000053    0.0000000031    0.0000000057   -0.0000000096   -0.0000000085    0.0000737351   -0.0000001044    0.0000000009   -0.0000000160   -0.0000000057    0.0000000039   -0.0000241236   -0.0000000110    0.0000333937    0.0000000188    0.0000000023    0.0000000063
  0.0000000133    0.0000000173    0.0000002230   -0.0000000039   -0.0009979352    0.0000000023   -0.0000000001   -0.0000000065    0.0000000023   -0.0000000087   -0.0000000096    0.0000000169   -0.0000002586    0.0000000234    0.0000000102   -0.0004543280   -0.0005068235   -0.0000000163   -0.0000001497   -0.0000000098   -0.0000000010    0.0000000049   -0.0000000667   -0.0000000140   -0.0000000091   -0.0002283040   -0.0000000026    0.0000000026   -0.0000000052    0.0000000007    0.0006141104   -0.0000000192    0.0000000193   -0.0000000421   -0.0000000105    0.0000000302    0.0000000128   -0.0000000022    0.0000000201    0.0000000158   -0.0000001592   -0.0026975705   -0.0000000139    0.0000000119    0.0000000004   -0.0000000114    0.0000000113   -0.0000267610   -0.0000000323    0.0000000131    0.0000000189    0.0000000058   -0.0000000137   -0.0000000942    0.0000000361   -0.0000173274   -0.0000002369    0.0002138803    0.0000000166   -0.0000000047   -0.0000000232   -0.0000000405   -0.0000000093   -0.0000000061    0.0000000584   -0.0000191358    0.0000000002   -0.0000000088   -0.0000000068   -0.0000000195   -0.0000000029    0.0000233933   -0.0000000031    0.0000000125    0.0000000372    0.0000000057   -0.0000000263   -0.0000000297    0.0000000011   -0.0000000033
 -0.0000000275   -0.0000000124   -0.0004534740   -0.0000000040    0.0000001554    0.0000000034    0.0000000039   -0.0000000034    0.0000000056    0.0000000042    0.0000000169    0.0000000018   -0.0000828177   -0.0006120122   -0.0000000093    0.0000000299   -0.0000000613    0.0000000088   -0.0008102621    0.0000000211    0.0000000137   -0.0000000086    0.0001292506    0.0000000143   -0.0000000048    0.0000000567   -0.0000000025   -0.0000000049   -0.0000000041    0.0000000013    0.0000000042   -0.0000000007   -0.0000000440   -0.0000000095    0.0000000286   -0.0000000180    0.0000000065    0.0000000138    0.0000000076   -0.0000000271   -0.0029462853   -0.0000000772    0.0000000133    0.0000000015   -0.0000964185   -0.0000000014    0.0000000008   -0.0000000527   -0.0000000549   -0.0000000482    0.0000000310   -0.0000000116    0.0000000025   -0.0000000263    0.0000208668   -0.0000000265   -0.0001399451    0.0000001906   -0.0000000026    0.0000000185    0.0000000258    0.0000000237   -0.0000000025    0.0000000085   -0.0000270943   -0.0000000152    0.0000000166    0.0000000031   -0.0000000111   -0.0000000048   -0.0000259972    0.0000000289    0.0000000034   -0.0000000135   -0.0000000224    0.0000000096   -0.0000000274   -0.0000000397   -0.0000000093    0.0000000020
  0.0000000175   -0.0000000289    0.0000000115   -0.0000000014    0.0000000022   -0.0000000020   -0.0000000048   -0.0000000043    0.0000001212   -0.0003808228   -0.0000000002   -0.0000000017   -0.0000000069    0.0000000010   -0.0000000014    0.0000000014   -0.0000000029    0.0000000018    0.0000000100   -0.0000000028   -0.0000000043    0.0000000004   -0.0000000009    0.0000000009    0.0000000002    0.0000000011    0.0000000017    0.0000000976    0.0000000018   -0.0003336663   -0.0000000041    0.0000000012   -0.0000000008    0.0000000046   -0.0000000458   -0.0003839173    0.0000000019    0.0000000089    0.0000006157   -0.0045850443   -0.0000000048    0.0000000051   -0.0000000351   -0.0000466616    0.0000000064    0.0000000001   -0.0000000008    0.0000000005   -0.0000000114    0.0000000011   -0.0000000020    0.0000000015   -0.0000000005    0.0000000138   -0.0000000015   -0.0000000010   -0.0000000097   -0.0000000058   -0.0000000028    0.0000000004   -0.0000000002   -0.0000000007    0.0000000039    0.0000010504   -0.0000000005   -0.0000000036    0.0000000793   -0.0006547555    0.0000000015    0.0000000010   -0.0000000016   -0.0000000014    0.0000000011    0.0000000004    0.0000000021   -0.0000000008   -0.0000000030    0.0000000070   -0.0000000129    0.0000505154
  0.0000000104    0.0000000063    0.0000000028   -0.0000000081    0.0000000157    0.0000000032   -0.0000000027   -0.0000000017   -0.0007821589    0.0000001717   -0.0000000016    0.0000000012    0.0000000048    0.0000000065   -0.0000000017   -0.0000000032    0.0000000042    0.0000000030   -0.0000000022   -0.0000000003   -0.0000000005    0.0000000008   -0.0000000063    0.0000000007   -0.0000000048    0.0000000087    0.0000000001   -0.0002170034    0.0000000023    0.0000000696    0.0000000076   -0.0000000007    0.0000000027   -0.0000000031   -0.0002515091   -0.0000000592   -0.0000000061   -0.0000000046    0.0046050941   -0.0000003260    0.0000000076   -0.0000000223    0.0002164531    0.0000000458   -0.0000000015   -0.0000000002   -0.0000000013   -0.0000000034    0.0000000043    0.0000000033    0.0000000014    0.0000000011   -0.0000000003   -0.0000000061    0.0000000011   -0.0000000045    0.0000000056    0.0000000150    0.0000000031   -0.0000000013    0.0000000004    0.0000000003    0.0000492859   -0.0000000065    0.0000000009   -0.0000000042   -0.0006558050    0.0000002476   -0.0000000006    0.0000000025   -0.0000000008   -0.0000000007   -0.0000000013    0.0000000010   -0.0000000019    0.0000000011    0.0000000066   -0.0000000038    0.0000527703   -0.0000000148
 -0.0000012402    0.0080082124   -0.0000000061    0.0000000040   -0.0000000068    0.0000000137    0.0000000059   -0.0003644343    0.0000000019   -0.0000000017   -0.0000003839   -0.0016870445   -0.0000000004    0.0000000056    0.0000000028    0.0000000103    0.0000000054    0.0000000013    0.0000000035    0.0000001745    0.0002710047   -0.0000000261    0.0000000153    0.0000000410   -0.0000000002   -0.0000000075   -0.0009164246    0.0000000037   -0.0000000032    0.0000000014    0.0000000150    0.0016207673    0.0000002929   -0.0005939359   -0.0000000016    0.0000000063   -0.0000000179   -0.0000000094   -0.0000000096    0.0000000075    0.0000000040   -0.0000000229   -0.0000000077   -0.0000000034    0.0000000143    0.0000000028   -0.0000000001    0.0000000002    0.0000002415   -0.0000000434   -0.0001740002   -0.0000000024    0.0000000005   -0.0019328015    0.0000000012   -0.0000000037   -0.0000000008    0.0000000088   -0.0000000103   -0.0000000040   -0.0000000053   -0.0001075884    0.0000000009   -0.0000000032    0.0000000011    0.0000000143   -0.0000000026   -0.0000000061    0.0000000262    0.0018176484   -0.0000000039   -0.0000000194    0.0000000021    0.0000000042    0.0000000215   -0.0000266497   -0.0000000083   -0.0000603561    0.0000000049   -0.0000000017
  0.0081457003   -0.0000012047    0.0000000025   -0.0000000046    0.0000000007   -0.0007200299   -0.0000000077    0.0000002042    0.0000000007    0.0000000023   -0.0011301577   -0.0000003861    0.0000000057    0.0000000035    0.0000000076    0.0000000072    0.0000000031    0.0000000025    0.0000000014   -0.0001745492    0.0000000710   -0.0001446041    0.0000000127    0.0003055931   -0.0000000049   -0.0000000053   -0.0000001346    0.0000000045   -0.0000000005    0.0000000036    0.0000000003    0.0000002082    0.0010289942    0.0000002578   -0.0000000033    0.0000000016   -0.0000000012   -0.0000000067    0.0000000019    0.0000000054   -0.0000000205    0.0000000096    0.0000000028    0.0000000032    0.0000000101    0.0000000000    0.0000000031   -0.0000000040   -0.0023791915    0.0001614856    0.0000000680    0.0000000011   -0.0000000054    0.0000001709    0.0000000090   -0.0000000031   -0.0000000199   -0.0000000152   -0.0000000020   -0.0000000098    0.0000063124    0.0000000305    0.0000000002   -0.0000000031    0.0000000351   -0.0000000190   -0.0000000026   -0.0000000013    0.0018080459    0.0000000403    0.0000000100    0.0000000007   -0.0000000023    0.0000000041    0.0000259012    0.0000000216    0.0000000394   -0.0000000184    0.0000000019    0.0000000038
 -0.0000000710   -0.0000000374   -0.0000000050   -0.0000001055   -0.0000000034    0.0000000152    0.0006780962    0.0000000185   -0.0000000040   -0.0000000083   -0.0000000084   -0.0000000130    0.0000000017    0.0000000019    0.0000002795    0.0000000025    0.0000000045    0.0008515473   -0.0000000008    0.0000000110    0.0000000178    0.0000000051    0.0000000047   -0.0000000049    0.0000000956   -0.0000000060   -0.0000000122   -0.0000000032    0.0003212632   -0.0000000029   -0.0000000043    0.0000000063    0.0000000119    0.0000000022   -0.0000000019    0.0000000054   -0.0000005556    0.0057016492   -0.0000000061    0.0000000010   -0.0000000030    0.0000000113   -0.0000000016   -0.0000000001   -0.0000000022    0.0000000398   -0.0001156294   -0.0000000016    0.0000000194   -0.0000000060    0.0000000069   -0.0000000454   -0.0001856673    0.0000000032    0.0000000019    0.0000000009   -0.0000000005   -0.0000000092   -0.0000002599   -0.0000162730   -0.0000000070   -0.0000000040   -0.0000000008    0.0000000004    0.0000000052   -0.0000000077   -0.0000000004   -0.0000000041    0.0000000033    0.0000000004    0.0000000029    0.0000000041    0.0000000287    0.0000723444    0.0000000017   -0.0000000008   -0.0000000026   -0.0000000021    0.0000000001    0.0000000009
  0.0000000244    0.0000000558   -0.0000000024   -0.0000124782   -0.0000000035   -0.0000000076   -0.0000001158    0.0000000218   -0.0000000062   -0.0000000035   -0.0000000121   -0.0000000167    0.0000000028    0.0000000017   -0.0012245509    0.0000000023    0.0000000009   -0.0000003068    0.0000000013   -0.0000000038    0.0000000134    0.0000000064   -0.0000000001    0.0000000015   -0.0001113816    0.0000000004   -0.0000000152   -0.0000000028   -0.0000000486    0.0000000013   -0.0000000004    0.0000000161    0.0000000045    0.0000000034    0.0000000022   -0.0000000021   -0.0056120015    0.0000004734    0.0000000085    0.0000000033    0.0000000033    0.0000000041    0.0000000028   -0.0000000000   -0.0000000128   -0.0002662666    0.0000000576   -0.0000000017   -0.0000000109   -0.0000000049   -0.0000000022    0.0002150377    0.0000000567   -0.0000000180    0.0000000005    0.0000000010   -0.0000000002   -0.0000000001   -0.0000192777    0.0000002526   -0.0000000001    0.0000000007    0.0000000018   -0.0000000012    0.0000000041   -0.0000000012   -0.0000000009    0.0000000017   -0.0000000021   -0.0000000044    0.0000000062    0.0000000026   -0.0000698191   -0.0000000278   -0.0000000032   -0.0000000027   -0.0000000023   -0.0000000032    0.0000000018    0.0000000019
  0.0000015515    0.0056753608    0.0000000070   -0.0000000180   -0.0000000089   -0.0000002003    0.0000000087   -0.0065202250   -0.0000000018    0.0000000083   -0.0000019118    0.0107053592    0.0000000143    0.0000000118    0.0000001102   -0.0000000350   -0.0000001054    0.0000000543   -0.0000000422    0.0000011424   -0.0070821609    0.0000007584   -0.0000000839   -0.0000002036   -0.0000000060   -0.0000000091    0.0051385678   -0.0000000054    0.0000000511    0.0000000166    0.0000000541   -0.0079462504    0.0000013308   -0.0018952188   -0.0000000080   -0.0000000404   -0.0000000243   -0.0000000085    0.0000000159    0.0000000243    0.0000001495   -0.0000000056    0.0000001111    0.0000000094   -0.0000000394    0.0000000533    0.0000000045   -0.0000000078    0.0000002396   -0.0000000176   -0.0014976145    0.0000000155    0.0000000093   -0.0003047566   -0.0000000816    0.0000000399    0.0000001256    0.0000000294   -0.0000000088   -0.0000000242    0.0000001829    0.0009146616    0.0000000026    0.0000000190   -0.0000002147    0.0000001232    0.0000000098   -0.0000000090    0.0000000445    0.0000751419   -0.0000000514    0.0000000969   -0.0000000691   -0.0000000197   -0.0000001132    0.0005641242    0.0000001092    0.0005551767   -0.0000000116    0.0000000389
  0.0044135360    0.0000012891    0.0000000095   -0.0000000239   -0.0000000132    0.0048693127    0.0000000464    0.0000000416    0.0000000055    0.0000000061    0.0116676904   -0.0000015708    0.0000000974    0.0000000680    0.0000001224   -0.0000000256   -0.0000000197    0.0000000495   -0.0000001194   -0.0082521189    0.0000011592   -0.0043535469   -0.0000001024   -0.0025642538   -0.0000000022   -0.0000000210   -0.0000002124   -0.0000000144    0.0000000545    0.0000000204    0.0000000087    0.0000011376   -0.0081524699    0.0000001497    0.0000000109   -0.0000000034    0.0000000094    0.0000000268   -0.0000000269   -0.0000000133    0.0000000667    0.0000000710    0.0000000546    0.0000000355   -0.0000001530    0.0000000117   -0.0000000464   -0.0000001235    0.0005712252    0.0015634668    0.0000002015    0.0000000183    0.0000000015   -0.0000000870   -0.0000001245    0.0000000814    0.0000000595   -0.0000000227    0.0000000243    0.0000000056    0.0012217892    0.0000002313   -0.0000000085    0.0000000253   -0.0000001439    0.0000000187   -0.0000000110    0.0000000111   -0.0000607946   -0.0000000329    0.0000000177    0.0000001590   -0.0000000640   -0.0000000135    0.0006489818   -0.0000000340    0.0006051994   -0.0000001346   -0.0000000190    0.0000000266

# Root 14  E=0.3652209579 Ha  9.938174 eV
  0.0000000000    0.0000000000    0.0000000000    0.0000000000    0.0000000000    0.0000000000    0.0000000000    0.0000000000    0.0000000000    0.0000000000    0.0000000000    0.0000000000    0.0000000000    0.0000000000    0.0000000000    0.0000000000    0.0000000000    0.0000000000    0.0000000000    0.0000000000    0.0000000000    0.0000000000    0.0000000000    0.0000000000    0.0000000000    0.0000000000    0.0000000000    0.0000000000    0.0000000000    0.0000000000    0.0000000000    0.0000000000    0.0000000000    0.0000000000    0.0000000000    0.0000000000    0.0000000000    0.0000000000    0.0000000000    0.0000000000    0.0000000000    0.0000000000    0.0000000000    0.0000000000    0.0000000000    0.0000000000    0.0000000000    0.0000000000    0.0000000000    0.0000000000    0.0000000000    0.0000000000    0.0000000000    0.0000000000    0.0000000000    0.0000000000    0.0000000000    0.0000000000    0.0000000000    0.0000000000    0.0000000000    0.0000000000    0.0000000000    0.0000000000    0.0000000000    0.0000000000    0.0000000000    0.0000000000    0.0000000000    0.0000000000    0.0000000000    0.0000000000    0.0000000000    0.0000000000    0.0000000000    0.0000000000    0.0000000000    0.0000000000    0.0000000000    0.0000000000
  0.0000000000    0.0000000000    0.0000000000    0.0000000000    0.0000000000    0.0000000000    0.0000000000    0.0000000000    0.0000000000    0.0000000000    0.0000000000    0.0000000000    0.0000000000    0.0000000000    0.0000000000    0.0000000000    0.0000000000    0.0000000000    0.0000000000    0.0000000000    0.0000000000    0.0000000000    0.0000000000    0.0000000000    0.0000000000    0.0000000000    0.0000000000    0.0000000000    0.0000000000    0.0000000000    0.0000000000    0.0000000000    0.0000000000    0.0000000000    0.0000000000    0.0000000000    0.0000000000    0.0000000000    0.0000000000    0.0000000000    0.0000000000    0.0000000000    0.0000000000    0.0000000000    0.0000000000    0.0000000000    0.0000000000    0.0000000000    0.0000000000    0.0000000000    0.0000000000    0.0000000000    0.0000000000    0.0000000000    0.0000000000    0.0000000000    0.0000000000    0.0000000000    0.0000000000    0.0000000000    0.0000000000    0.0000000000    0.0000000000    0.0000000000    0.0000000000    0.0000000000    0.0000000000    0.0000000000    0.0000000000    0.0000000000    0.0000000000    0.0000000000    0.0000000000    0.0000000000    0.0000000000    0.0000000000    0.0000000000    0.0000000000    0.0000000000    0.0000000000
  0.0000000000    0.0000000000    0.0000000000    0.0000000000    0.0000000000    0.0000000000    0.0000000000    0.0000000000    0.0000000000    0.0000000000    0.0000000000    0.0000000000    0.0000000000    0.0000000000    0.0000000000    0.0000000000    0.0000000000    0.0000000000    0.0000000000    0.0000000000    0.0000000000    0.0000000000    0.0000000000    0.0000000000    0.0000000000    0.0000000000    0.0000000000    0.0000000000    0.0000000000    0.0000000000    0.0000000000    0.0000000000    0.0000000000    0.0000000000    0.0000000000    0.0000000000    0.0000000000    0.0000000000    0.0000000000    0.0000000000    0.0000000000    0.0000000000    0.0000000000    0.0000000000    0.0000000000    0.0000000000    0.0000000000    0.0000000000    0.0000000000    0.0000000000    0.0000000000    0.0000000000    0.0000000000    0.0000000000    0.0000000000    0.0000000000    0.0000000000    0.0000000000    0.0000000000    0.0000000000    0.0000000000    0.0000000000    0.0000000000    0.0000000000    0.0000000000    0.0000000000    0.0000000000    0.0000000000    0.0000000000    0.0000000000    0.0000000000    0.0000000000    0.0000000000    0.0000000000    0.0000000000    0.0000000000    0.0000000000    0.0000000000    0.0000000000    0.0000000000
  0.0000000000    0.0000000000    0.0000000000    0.0000000000    0.0000000000    0.0000000000    0.0000000000    0.0000000000    0.0000000000    0.0000000000    0.0000000000    0.0000000000    0.0000000000    0.0000000000    0.0000000000    0.0000000000    0.0000000000    0.0000000000    0.0000000000    0.0000000000    0.0000000000    0.0000000000    0.0000000000    0.0000000000    0.0000000000    0.0000000000    0.0000000000    0.0000000000    0.0000000000    0.0000000000    0.0000000000    0.0000000000    0.0000000000    0.0000000000    0.0000000000    0.0000000000    0.0000000000    0.0000000000    0.0000000000    0.0000000000    0.0000000000    0.0000000000    0.0000000000    0.0000000000    0.0000000000    0.0000000000    0.0000000000    0.0000000000    0.0000000000    0.0000000000    0.0000000000    0.0000000000    0.0000000000    0.0000000000    0.0000000000    0.0000000000    0.0000000000    0.0000000000    0.0000000000    0.0000000000    0.0000000000    0.0000000000    0.0000000000    0.0000000000    0.0000000000    0.0000000000    0.0000000000    0.0000000000    0.0000000000    0.0000000000    0.0000000000    0.0000000000    0.0000000000    0.0000000000    0.0000000000    0.0000000000    0.0000000000    0.0000000000    0.0000000000    0.0000000000
  0.0073226807   -0.0000001271   -0.0000000066    0.0000000014   -0.0000000050   -0.0004900883    0.0000000036   -0.0000000007    0.0000000003    0.0000000009    0.0001074002    0.0000000110    0.0000000169    0.0000000025    0.0000000046   -0.0000000009    0.0000000069   -0.0000000103   -0.0000000104   -0.0016031525   -0.0000000193    0.0019832302    0.0000000196   -0.0002441008    0.0000000019   -0.0000000096   -0.0000000053    0.0000000033   -0.0000000039    0.0000000044    0.0000000088    0.0000000124   -0.0002140606   -0.0000000161    0.0000000003    0.0000000020    0.0000000143    0.0000000110   -0.0000000018   -0.0000000020   -0.0000000423    0.0000000223   -0.0000000002    0.0000000031    0.0000000128    0.0000000039    0.0000000055   -0.0000000007   -0.0001372086    0.0000386719    0.0000000101    0.0000000041   -0.0000000015   -0.0000000291    0.0000000124   -0.0000000088   -0.0000000311   -0.0000000184   -0.0000000050   -0.0000000024   -0.0000345431   -0.0000000034    0.0000000012   -0.0000000048    0.0000000607   -0.0000000303   -0.0000000035   -0.0000000049   -0.0004106579   -0.0000000078    0.0000000189    0.0000000005   -0.0000000038    0.0000000053   -0.0000599983    0.0000000059   -0.0000010450   -0.0000000128    0.0000000043    0.0000000065
  0.0000001153   -0.0075244257    0.0000000047    0.0000000034    0.0000000070   -0.0000000196   -0.0000000003    0.0010751411   -0.0000000006   -0.0000000015   -0.0000000132   -0.0000707798   -0.0000000096    0.0000000000   -0.0000000016    0.0000000056    0.0000000052    0.0000000016   -0.0000000056   -0.0000000184   -0.0015254206    0.0000000383   -0.0000000157    0.0000000112    0.0000000026    0.0000000108   -0.0010332370   -0.0000000046    0.0000000001   -0.0000000033   -0.0000000252    0.0006712519    0.0000000174   -0.0001574088    0.0000000023    0.0000000009   -0.0000000043   -0.0000000147    0.0000000031   -0.0000000052   -0.0000000171    0.0000000290    0.0000000029    0.0000000006   -0.0000000090   -0.0000000028   -0.0000000043    0.0000000036   -0.0000000401   -0.0000000229    0.0000594393   -0.0000000033    0.0000000021    0.0001331979    0.0000000049    0.0000000035   -0.0000000070   -0.0000000240    0.0000000042    0.0000000051    0.0000000142    0.0000609474   -0.0000000023    0.0000000021    0.0000000195   -0.0000000465    0.0000000036    0.0000000021   -0.0000000148    0.0004048439    0.0000000071    0.0000000202    0.0000000023   -0.0000000053    0.0000000028    0.0000467595   -0.0000000158   -0.0000088303   -0.0000000078   -0.0000000035
 -0.0000000309    0.0000000474   -0.0003712111   -0.0000000025    0.0000000106   -0.0000000032    0.0000000061   -0.0000000100    0.0000000072    0.0000000004    0.0000000168    0.0000000017   -0.0000632371    0.0003005487   -0.0000000134   -0.0000000195    0.0000000250    0.0000000088    0.0000927565    0.0000000237    0.0000000509   -0.0000000306    0.0001306410    0.0000000191   -0.0000000052   -0.0000000079    0.0000000102   -0.0000000036   -0.0000000066    0.0000000063    0.0000000485    0.0000000003   -0.0000000614    0.0000000013    0.0000000217   -0.0000000017    0.0000000148    0.0000000009    0.0000000086    0.0000000250   -0.0038581799   -0.0000000096    0.0000000111   -0.0000000140   -0.0000433337    0.0000000001   -0.0000000188    0.0000000044   -0.0000001325   -0.0000000761    0.0000000291   -0.0000000128    0.0000000121   -0.0000000420   -0.0000380653   -0.0000000005    0.0008295058   -0.0000000464    0.0000000062    0.0000000122    0.0000000374    0.0000000195    0.0000000010    0.0000000030   -0.0000129319   -0.0000000792    0.0000000017   -0.0000000060   -0.0000000281   -0.0000000092    0.0000293455    0.0000000134    0.0000000070   -0.0000000097   -0.0000000227    0.0000000298   -0.0000000405   -0.0000000498   -0.0000000102    0.0000000024
  0.0000000603   -0.0000000090    0.0000000270   -0.0000000043   -0.0001897191   -0.0000000019    0.0000000034    0.0000000057   -0.0000000058   -0.0000000073   -0.0000000012    0.0000000076   -0.0000000451   -0.0000000020    0.0000000078   -0.0001834273   -0.0000867067   -0.0000000123   -0.0000000296   -0.0000000088   -0.0000000278    0.0000000537   -0.0000000328   -0.0000000021   -0.0000000069   -0.0000267560   -0.0000000142   -0.0000000061   -0.0000000069   -0.0000000015    0.0010564562   -0.0000000095    0.0000000071   -0.0000000520   -0.0000000119    0.0000000170    0.0000000013    0.0000000096    0.0000000107   -0.0000000147   -0.0000001192   -0.0038015990   -0.0000000126    0.0000000144    0.0000000123    0.0000000138    0.0000000048   -0.0000231146   -0.0000000595   -0.0000000094    0.0000000433    0.0000000137   -0.0000000104   -0.0000001386    0.0000000211    0.0002826647   -0.0000000359   -0.0007138548    0.0000000100    0.0000000039   -0.0000000046   -0.0000000197    0.0000000008   -0.0000000031    0.0000001001   -0.0000049390    0.0000000051   -0.0000000071   -0.0000000142   -0.0000000303    0.0000000060   -0.0000215247   -0.0000000054    0.0000000097    0.0000000407    0.0000000044   -0.0000000498   -0.0000000389    0.0000000036    0.0000000089
  0.0000000143   -0.0000000125   -0.0000000085   -0.0000000048   -0.0000000068    0.0000000012    0.0000000000    0.0000000024   -0.0005428913    0.0000000216    0.0000000004   -0.0000000004   -0.0000000080   -0.0000000057    0.0000000028   -0.0000000004   -0.0000000027   -0.0000000048    0.0000000061   -0.0000000020    0.0000000030   -0.0000000001    0.0000000099   -0.0000000025   -0.0000000021   -0.0000000051    0.0000000008   -0.0002335869   -0.0000000001    0.0000000209   -0.0000000002   -0.0000000016    0.0000000034    0.0000000032   -0.0003866723    0.0000000009   -0.0000000054   -0.0000000001    0.0046159573    0.0000000597   -0.0000000105    0.0000000070    0.0000399849    0.0000000036    0.0000000007   -0.0000000053    0.0000000006    0.0000000041   -0.0000000059    0.0000000010   -0.0000000040   -0.0000000010    0.0000000002    0.0000000103    0.0000000021   -0.0000000007   -0.0000000093   -0.0000000048   -0.0000000022    0.0000000035   -0.0000000033   -0.0000000046    0.0000078003   -0.0000000052    0.0000000068   -0.0000000097   -0.0017344926    0.0000001664    0.0000000020   -0.0000000033    0.0000000003   -0.0000000071    0.0000000040   -0.0000000001    0.0000000018    0.0000000017    0.0000000006    0.0000000047    0.0000244686    0.0000000084
 -0.0000000015   -0.0000000030   -0.0000000059    0.0000000002   -0.0000000011   -0.0000000028   -0.0000000081    0.0000000010    0.0000000174   -0.0001446601   -0.0000000002    0.0000000003    0.0000000028    0.0000000058   -0.0000000020   -0.0000000020   -0.0000000016    0.0000000020   -0.0000000022    0.0000000008   -0.0000000024    0.0000000051   -0.0000000067    0.0000000030    0.0000000005    0.0000000063    0.0000000017    0.0000000030    0.0000000057   -0.0003632313    0.0000000113    0.0000000013   -0.0000000005    0.0000000022    0.0000000064   -0.0004109296    0.0000000042    0.0000000036    0.0000002269   -0.0046255876    0.0000000075   -0.0000000086    0.0000000025    0.0000776517   -0.0000000029    0.0000000014   -0.0000000010   -0.0000000024    0.0000000098    0.0000000013    0.0000000012    0.0000000009   -0.0000000014    0.0000000023   -0.0000000007   -0.0000000002    0.0000000074    0.0000000102    0.0000000020   -0.0000000037    0.0000000002    0.0000000041   -0.0000000018    0.0000889738    0.0000000034   -0.0000000068   -0.0000002145   -0.0017459570   -0.0000000027    0.0000000031   -0.0000000042    0.0000000053   -0.0000000025    0.0000000041   -0.0000000017   -0.0000000027    0.0000000019   -0.0000000006   -0.0000000131    0.0000233317
 -0.0069222682    0.0000001593   -0.0000000077   -0.0000000047    0.0000000060    0.0003562281   -0.0000000016   -0.0000000031    0.0000000018    0.0000000018    0.0003452690    0.0000000238    0.0000000142   -0.0000000117    0.0000000088   -0.0000000017    0.0000000074   -0.0000000011   -0.0000000057   -0.0007465506   -0.0000000204    0.0010657841    0.0000000097   -0.0001231968   -0.0000000040    0.0000000095   -0.0000000098    0.0000000005   -0.0000000008    0.0000000035   -0.0000000056   -0.0000000202   -0.0006072180   -0.0000000491    0.0000000038    0.0000000012    0.0000000001   -0.0000000008    0.0000000001    0.0000000061    0.0000000235   -0.0000000024    0.0000000003   -0.0000000001    0.0000000101   -0.0000000020   -0.0000000002    0.0000000047    0.0022899472   -0.0001775033   -0.0000000113    0.0000000031   -0.0000000057   -0.0000000358   -0.0000000045   -0.0000000010    0.0000000115    0.0000000005   -0.0000000028   -0.0000000063    0.0000056874   -0.0000000145    0.0000000000   -0.0000000041   -0.0000000261    0.0000000089   -0.0000000026   -0.0000000001   -0.0028641085    0.0000000356   -0.0000000197   -0.0000000006   -0.0000000063    0.0000000057   -0.0000320292   -0.0000000056    0.0000313920    0.0000000095    0.0000000006    0.0000000033
  0.0000000866   -0.0064602940    0.0000000046    0.0000000016    0.0000000066   -0.0000000079    0.0000000025    0.0006035218    0.0000000018    0.0000000005    0.0000000198    0.0003357788   -0.0000000051   -0.0000000069    0.0000000065   -0.0000000144   -0.0000000001   -0.0000000017    0.0000000088   -0.0000000111    0.0008040474   -0.0000000180   -0.0000000046   -0.0000000003   -0.0000000021    0.0000000081    0.0008294889    0.0000000030   -0.0000000009   -0.0000000006   -0.0000000019   -0.0013988438   -0.0000000068    0.0012278679   -0.0000000006   -0.0000000006   -0.0000000092   -0.0000000132   -0.0000000045   -0.0000000023   -0.0000000123    0.0000000352   -0.0000000045   -0.0000000043    0.0000000054   -0.0000000021   -0.0000000001   -0.0000000025   -0.0000000471    0.0000000079    0.0002325173   -0.0000000006   -0.0000000041    0.0018564414    0.0000000138   -0.0000000088   -0.0000000051   -0.0000000248   -0.0000000018   -0.0000000100   -0.0000000025   -0.0000446717    0.0000000021   -0.0000000025    0.0000000234   -0.0000000380    0.0000000008   -0.0000000015    0.0000000499   -0.0028990054   -0.0000000055    0.0000000117   -0.0000000023    0.0000000080    0.0000000086   -0.0000102973   -0.0000000080    0.0000800260    0.0000000050   -0.0000000019
 -0.0000000293   -0.0000000195    0.0000000010   -0.0005668526    0.0000000045    0.0000000119   -0.0000000077   -0.0000000086   -0.0000000036    0.0000000016    0.0000000111    0.0000000079    0.0000000227   -0.0000000081   -0.0005331657    0.0000000022    0.0000000030   -0.0000000289   -0.0000000013   -0.0000000142   -0.0000000002   -0.0000000134    0.0000000008   -0.0000000128   -0.0001338544    0.0000000116    0.0000000038   -0.0000000085    0.0000000324    0.0000000018   -0.0000000133   -0.0000000002   -0.0000000132   -0.0000000032    0.0000000128   -0.0000000024   -0.0059928770    0.0000000820    0.0000000235   -0.0000000013    0.0000000112    0.0000000154   -0.0000000012   -0.0000000090    0.0000000114   -0.0000495011    0.0000000285   -0.0000000078    0.0000000059    0.0000000006   -0.0000000026    0.0000964914    0.0000000052    0.0000000001    0.0000000002    0.0000000018    0.0000000074   -0.0000000139    0.0011842343    0.0000001714    0.0000000007   -0.0000000052   -0.0000000023   -0.0000000013    0.0000000120   -0.0000000076    0.0000000219    0.0000000033   -0.0000000004    0.0000000002   -0.0000000082    0.0000000109   -0.0000608308    0.0000000116    0.0000000031    0.0000000071    0.0000000029    0.0000000028   -0.0000000104   -0.0000000018
  0.0000000075    0.0000000387   -0.0000000065    0.0000000352   -0.0000000003    0.0000000007    0.0001013096   -0.0000000201   -0.0000000003   -0.0000000115    0.0000000137   -0.0000000011    0.0000000096    0.0000000040    0.0000000108    0.0000000148    0.0000000069   -0.0001138077   -0.0000000007   -0.0000000061   -0.0000000177   -0.0000000017    0.0000000110   -0.0000000002    0.0000000536   -0.0000000061    0.0000000140   -0.0000000054    0.0003223408   -0.0000000008   -0.0000000090   -0.0000000059   -0.0000000091   -0.0000000069   -0.0000000044    0.0000000168   -0.0000001266    0.0060135210   -0.0000000052    0.0000000188   -0.0000000061   -0.0000000154   -0.0000000043    0.0000000068   -0.0000000127   -0.0000000217    0.0000181229    0.0000000059   -0.0000000086    0.0000000016    0.0000000018   -0.0000000023   -0.0000334675   -0.0000000150   -0.0000000059    0.0000000027   -0.0000000048    0.0000000152    0.0000001995   -0.0011973803    0.0000000137    0.0000000100    0.0000000003    0.0000000008   -0.0000000046   -0.0000000029   -0.0000000011   -0.0000000221   -0.0000000010   -0.0000000031    0.0000000169    0.0000000004    0.0000000137    0.0000530128   -0.0000000040   -0.0000000054   -0.0000000017   -0.0000000011   -0.0000000031    0.0000000127
 -0.0009014384   -0.0000000364   -0.0000000039   -0.0000000135    0.0000000021   -0.0068632837    0.0000000051   -0.0000001286   -0.0000000004   -0.0000000030   -0.0077793231    0.0000001197   -0.0000000537   -0.0000000138    0.0000000072    0.0000000337   -0.0000000006    0.0000000397    0.0000000702    0.0071464482   -0.0000001769    0.0035395505    0.0000000613    0.0040321737   -0.0000000079    0.0000000084    0.0000000926    0.0000000082   -0.0000000067   -0.0000000071   -0.0000000170   -0.0000000247    0.0050138310    0.0000000152   -0.0000000061    0.0000000042   -0.0000000090    0.0000000042   -0.0000000012    0.0000000085   -0.0000000522   -0.0000000097   -0.0000000175   -0.0000000179    0.0000000583   -0.0000000010    0.0000000256    0.0000000502   -0.0001981014   -0.0021584488   -0.0000001109   -0.0000000134   -0.0000000091    0.0000000280    0.0000000605   -0.0000000297   -0.0000000456   -0.0000000077    0.0000000003   -0.0000000102   -0.0019033822   -0.0000000442    0.0000000027   -0.0000000108    0.0000000885   -0.0000000313   -0.0000000013   -0.0000000036   -0.0000598578    0.0000000178    0.0000000118   -0.0000000627    0.0000000266    0.0000000013   -0.0009327997    0.0000000416   -0.0006834327    0.0000000502    0.0000000051   -0.0000000118
 -0.0000001043   -0.0001078540   -0.0000000070   -0.0000000168   -0.0000000059    0.0000001211    0.0000000318    0.0080765748    0.0000000029   -0.0000000031    0.0000001898   -0.0070156407   -0.0000000154    0.0000000140    0.0000000138    0.0000000303    0.0000000296    0.0000000401    0.0000000069   -0.0000001202    0.0069428636   -0.0000000682    0.0000000237   -0.0000000905    0.0000000113   -0.0000000021   -0.0061665184    0.0000000030    0.0000000063   -0.0000000038   -0.0000000071    0.0051249265   -0.0000001748    0.0007636228    0.0000000063    0.0000000124    0.0000000048    0.0000000155   -0.0000000119   -0.0000000013   -0.0000000358   -0.0000000166   -0.0000000317   -0.0000000038    0.0000000087   -0.0000000120   -0.0000000023    0.0000000025   -0.0000000426    0.0000000383    0.0023520834   -0.0000000104   -0.0000000080    0.0002427390    0.0000000268   -0.0000000043   -0.0000000311    0.0000000142    0.0000000050    0.0000000006   -0.0000000100   -0.0017828383   -0.0000000071   -0.0000000043    0.0000000488   -0.0000000150   -0.0000000042   -0.0000000002   -0.0000000227    0.0001608173    0.0000000159   -0.0000000431    0.0000000258    0.0000000012    0.0000000421   -0.0009567888   -0.0000000113   -0.0008422180    0.0000000009   -0.0000000119

# Root 15  E=0.3768719034 Ha  10.255212 eV
  0.0000000000    0.0000000000    0.0000000000    0.0000000000    0.0000000000    0.0000000000    0.0000000000    0.0000000000    0.0000000000    0.0000000000    0.0000000000    0.0000000000    0.0000000000    0.0000000000    0.0000000000    0.0000000000    0.0000000000    0.0000000000    0.0000000000    0.0000000000    0.0000000000    0.0000000000    0.0000000000    0.0000000000    0.0000000000    0.0000000000    0.0000000000    0.0000000000    0.0000000000    0.0000000000    0.0000000000    0.0000000000    0.0000000000    0.0000000000    0.0000000000    0.0000000000    0.0000000000    0.0000000000    0.0000000000    0.0000000000    0.0000000000    0.0000000000    0.0000000000    0.0000000000    0.0000000000    0.0000000000    0.0000000000    0.0000000000    0.0000000000    0.0000000000    0.0000000000    0.0000000000    0.0000000000    0.0000000000    0.0000000000    0.0000000000    0.0000000000    0.0000000000    0.0000000000    0.0000000000    0.0000000000    0.0000000000    0.0000000000    0.0000000000    0.0000000000    0.0000000000    0.0000000000    0.0000000000    0.0000000000    0.0000000000    0.0000000000    0.0000000000    0.0000000000    0.0000000000    0.0000000000    0.0000000000    0.0000000000    0.0000000000    0.0000000000    0.0000000000
  0.0000000000    0.0000000000    0.0000000000    0.0000000000    0.0000000000    0.0000000000    0.0000000000    0.0000000000    0.0000000000    0.0000000000    0.0000000000    0.0000000000    0.0000000000    0.0000000000    0.0000000000    0.0000000000    0.0000000000    0.0000000000    0.0000000000    0.0000000000    0.0000000000    0.0000000000    0.0000000000    0.0000000000    0.0000000000    0.0000000000    0.0000000000    0.0000000000    0.0000000000    0.0000000000    0.0000000000    0.0000000000    0.0000000000    0.0000000000    0.0000000000    0.0000000000    0.0000000000    0.0000000000    0.0000000000    0.0000000000    0.0000000000    0.0000000000    0.0000000000    0.0000000000    0.0000000000    0.0000000000    0.0000000000    0.0000000000    0.0000000000    0.0000000000    0.0000000000    0.0000000000    0.0000000000    0.0000000000    0.0000000000    0.0000000000    0.0000000000    0.0000000000    0.0000000000    0.0000000000    0.0000000000    0.0000000000    0.0000000000    0.0000000000    0.0000000000    0.0000000000    0.0000000000    0.0000000000    0.0000000000    0.0000000000    0.0000000000    0.0000000000    0.0000000000    0.0000000000    0.0000000000    0.0000000000    0.0000000000    0.0000000000    0.0000000000    0.0000000000
  0.0000000000    0.0000000000    0.0000000000    0.0000000000    0.0000000000    0.0000000000    0.0000000000    0.0000000000    0.0000000000    0.0000000000    0.0000000000    0.0000000000    0.0000000000    0.0000000000    0.0000000000    0.0000000000    0.0000000000    0.0000000000    0.0000000000    0.0000000000    0.0000000000    0.0000000000    0.0000000000    0.0000000000    0.0000000000    0.0000000000    0.0000000000    0.0000000000    0.0000000000    0.0000000000    0.0000000000    0.0000000000    0.0000000000    0.0000000000    0.0000000000    0.0000000000    0.0000000000    0.0000000000    0.0000000000    0.0000000000    0.0000000000    0.0000000000    0.0000000000    0.0000000000    0.0000000000    0.0000000000    0.0000000000    0.0000000000    0.0000000000    0.0000000000    0.0000000000    0.0000000000    0.0000000000    0.0000000000    0.0000000000    0.0000000000    0.0000000000    0.0000000000    0.0000000000    0.0000000000    0.0000000000    0.0000000000    0.0000000000    0.0000000000    0.0000000000    0.0000000000    0.0000000000    0.0000000000    0.0000000000    0.0000000000    0.0000000000    0.0000000000    0.0000000000    0.0000000000    0.0000000000    0.0000000000    0.0000000000    0.0000000000    0.0000000000    0.0000000000
  0.0000000000    0.0000000000    0.0000000000    0.0000000000    0.0000000000    0.0000000000    0.0000000000    0.0000000000    0.0000000000    0.0000000000    0.0000000000    0.0000000000    0.0000000000    0.0000000000    0.0000000000    0.0000000000    0.0000000000    0.0000000000    0.0000000000    0.0000000000    0.0000000000    0.0000000000    0.0000000000    0.0000000000    0.0000000000    0.0000000000    0.0000000000    0.0000000000    0.0000000000    0.0000000000    0.0000000000    0.0000000000    0.0000000000    0.0000000000    0.0000000000    0.0000000000    0.0000000000    0.0000000000    0.0000000000    0.0000000000    0.0000000000    0.0000000000    0.0000000000    0.0000000000    0.0000000000    0.0000000000    0.0000000000    0.0000000000    0.0000000000    0.0000000000    0.0000000000    0.0000000000    0.0000000000    0.0000000000    0.0000000000    0.0000000000    0.0000000000    0.0000000000    0.0000000000    0.0000000000    0.0000000000    0.0000000000    0.0000000000    0.0000000000    0.0000000000    0.0000000000    0.0000000000    0.0000000000    0.0000000000    0.0000000000    0.0000000000    0.0000000000    0.0000000000    0.0000000000    0.0000000000    0.0000000000    0.0000000000    0.0000000000    0.0000000000    0.0000000000
  0.0000000095    0.0000000028    0.0002325777    0.0000000008   -0.0000000303    0.0000000003    0.0000000003    0.0000000069   -0.0000000092   -0.0000000076   -0.0000000007   -0.0000000049   -0.0009955032    0.0002155373    0.0000000020   -0.0000000207   -0.0000000223    0.0000000003    0.0002467467   -0.0000000001    0.0000000040    0.0000000025   -0.0001709900    0.0000000017    0.0000000044   -0.0000000200   -0.0000000055   -0.0000000300   -0.0000000011   -0.0000000216    0.0000000064    0.0000000019   -0.0000000044    0.0000000020    0.0000000037   -0.0000000022    0.0000000015    0.0000000040    0.0000000026   -0.0000000030   -0.0000580469    0.0000000079    0.0000000047   -0.0000000045   -0.0000323005    0.0000000025   -0.0000000010   -0.0000000029   -0.0000000081   -0.0000000072    0.0000000072   -0.0000000005    0.0000000006   -0.0000000077   -0.0000561493    0.0000000014    0.0000861281    0.0000000007    0.0000000009    0.0000000029    0.0000000037    0.0000000041   -0.0000000005    0.0000000016    0.0000976939   -0.0000000043    0.0000000018    0.0000000028   -0.0000000016   -0.0000000018   -0.0000070539    0.0000000034    0.0000000015   -0.0000000005   -0.0000000015    0.0000000009   -0.0000000047   -0.0000000061    0.0000000015    0.0000000017
 -0.0000000050   -0.0000000024   -0.0000000322    0.0000000009    0.0003258111    0.0000000080   -0.0000000001   -0.0000000002   -0.0000000046   -0.0000000115    0.0000000049    0.0000000032    0.0000000080   -0.0000000204    0.0000000007    0.0004704062    0.0001900436   -0.0000000017   -0.0000000247    0.0000000018    0.0000000011   -0.0000000060    0.0000000189   -0.0000000036    0.0000000017    0.0000850486   -0.0000000001   -0.0000000213   -0.0000000037   -0.0000000280   -0.0003330903   -0.0000000031   -0.0000000071    0.0000000020    0.0000000034   -0.0000000006   -0.0000000000   -0.0000000026   -0.0000000030    0.0000000012    0.0000000066   -0.0000659602    0.0000000061   -0.0000000072   -0.0000000014   -0.0000000004    0.0000000006    0.0000793385   -0.0000000019   -0.0000000015   -0.0000000005   -0.0000000010    0.0000000013    0.0000000044   -0.0000000024    0.0000533115   -0.0000000022   -0.0000755283    0.0000000003   -0.0000000019    0.0000000015    0.0000000016   -0.0000000005    0.0000000010   -0.0000000071    0.0000857952   -0.0000000021   -0.0000000016    0.0000000003    0.0000000016    0.0000000012   -0.0000052175    0.0000000001   -0.0000000017   -0.0000000039    0.0000000013    0.0000000012   -0.0000000003    0.0000000013    0.0000000016
 -0.0016631841   -0.0000000369   -0.0000000074    0.0000000657   -0.0000000118   -0.0004660075    0.0000000490    0.0000000561   -0.0000000029   -0.0000000005   -0.0003078891    0.0000000161   -0.0000000015    0.0000000008   -0.0000000533   -0.0000000018   -0.0000000023    0.0000000344   -0.0000000015   -0.0001981471   -0.0000000021   -0.0000387031    0.0000000089    0.0004252563    0.0000000336   -0.0000000024   -0.0000000287   -0.0000000057   -0.0000000252   -0.0000000008    0.0000000040   -0.0000000223    0.0002193780    0.0000000059   -0.0000000006    0.0000000005    0.0000000032   -0.0000000000   -0.0000000015   -0.0000000000   -0.0000000010    0.0000000024    0.0000000018   -0.0000000016    0.0000000029    0.0000000135    0.0000000097    0.0000000021    0.0001480330   -0.0000165882    0.0000000015   -0.0000000088    0.0000000081    0.0000000066    0.0000000018   -0.0000000003    0.0000000002   -0.0000000013    0.0000000021    0.0000000001   -0.0000807378   -0.0000000001    0.0000000002   -0.0000000002   -0.0000000019   -0.0000000030   -0.0000000008    0.0000000002   -0.0000429390   -0.0000000102   -0.0000000030   -0.0000000006    0.0000000021   -0.0000000014   -0.0000423266    0.0000000049    0.0000849578    0.0000000036    0.0000000007   -0.0000000000
  0.0000000510    0.0009756576   -0.0000000134    0.0000000417   -0.0000000043    0.0000000552    0.0000000722   -0.0007222138   -0.0000000007   -0.0000000037   -0.0000000116    0.0003553140    0.0000000035    0.0000000016   -0.0000000398    0.0000000049    0.0000000018    0.0000000495   -0.0000000019   -0.0000000103   -0.0001008720    0.0000000029    0.0000000094   -0.0000000391    0.0000000263   -0.0000000070    0.0003046049   -0.0000000011   -0.0000000339   -0.0000000050    0.0000000039    0.0000751574    0.0000000113   -0.0003059392   -0.0000000002    0.0000000017   -0.0000000027   -0.0000000005    0.0000000009   -0.0000000009    0.0000000025   -0.0000000096   -0.0000000002   -0.0000000014    0.0000000024    0.0000000113    0.0000000120   -0.0000000004   -0.0000000037    0.0000000068   -0.0000443788   -0.0000000071    0.0000000109   -0.0001318343    0.0000000003    0.0000000025    0.0000000011    0.0000000046   -0.0000000014    0.0000000006   -0.0000000030    0.0000969685    0.0000000003   -0.0000000002   -0.0000000024    0.0000000071    0.0000000008    0.0000000004    0.0000000122    0.0000245672   -0.0000000001   -0.0000000058    0.0000000018   -0.0000000025   -0.0000000049    0.0000602875    0.0000000016   -0.0000744201    0.0000000004    0.0000000007
  0.0000000103    0.0000000058   -0.0000000144   -0.0010434415   -0.0000000018    0.0000000688    0.0000000394    0.0000000457   -0.0000000020   -0.0000000102   -0.0000000091    0.0000000047    0.0000000010   -0.0000000072    0.0005556253   -0.0000000047   -0.0000000010   -0.0000000175   -0.0000000003   -0.0000000143    0.0000000166   -0.0000000127    0.0000000062   -0.0000000557   -0.0006238254   -0.0000000012   -0.0000000354   -0.0000000005   -0.0000000322   -0.0000000045    0.0000000016   -0.0000000106   -0.0000000029    0.0000000045   -0.0000000002    0.0000000009   -0.0003731470   -0.0000000449    0.0000000014    0.0000000043    0.0000000043   -0.0000000029    0.0000000062   -0.0000000011    0.0000000034    0.0001053926    0.0000000110   -0.0000000003   -0.0000000022   -0.0000000079   -0.0000000056   -0.0001940789    0.0000000066   -0.0000000052   -0.0000000010    0.0000000019    0.0000000026    0.0000000052    0.0000836582    0.0000000348   -0.0000000120    0.0000000118    0.0000000020   -0.0000000014   -0.0000000032    0.0000000037   -0.0000000031   -0.0000000016   -0.0000000005   -0.0000000014    0.0000000015   -0.0000000014   -0.0000336432   -0.0000000070    0.0000000010   -0.0000000042   -0.0000000081    0.0000000041    0.0000000031    0.0000000021
  0.0000000006    0.0000000001   -0.0000000037    0.0000000634   -0.0000000165    0.0000000442   -0.0010728001    0.0000000731   -0.0000000131   -0.0000000037   -0.0000000016    0.0000000122    0.0000000019    0.0000000022    0.0000000256   -0.0000000012    0.0000000038   -0.0002589850   -0.0000000009   -0.0000000124    0.0000000219   -0.0000000052    0.0000000040   -0.0000000366    0.0000000533   -0.0000000087   -0.0000000442   -0.0000000094    0.0007529227   -0.0000000027    0.0000000005   -0.0000000130   -0.0000000067    0.0000000128   -0.0000000030    0.0000000057    0.0000000482    0.0009600341   -0.0000000018    0.0000000037   -0.0000000047   -0.0000000063    0.0000000004    0.0000000014   -0.0000000067    0.0000000025    0.0001937192    0.0000000027   -0.0000000022   -0.0000000102   -0.0000000079   -0.0000000054    0.0002117675   -0.0000000002   -0.0000000022    0.0000000003   -0.0000000027    0.0000000075    0.0000000121   -0.0002283754   -0.0000000092    0.0000000186    0.0000000010    0.0000000005   -0.0000000007    0.0000000002   -0.0000000002   -0.0000000079   -0.0000000002    0.0000000002    0.0000000072    0.0000000011    0.0000000087    0.0000083694   -0.0000000008   -0.0000000054   -0.0000000069    0.0000000077    0.0000000003    0.0000000044
  0.0000000021   -0.0000000093   -0.0004955536   -0.0000000115    0.0000000420   -0.0000000091   -0.0000000017   -0.0000000010    0.0000000199    0.0000000082   -0.0000000039   -0.0000000166    0.0000161659    0.0011058619    0.0000000091   -0.0000000175   -0.0000000272   -0.0000000027    0.0003082906   -0.0000000075    0.0000000010    0.0000000097    0.0003122783    0.0000000053   -0.0000000023    0.0000000207   -0.0000000060    0.0000000293    0.0000000005    0.0000000159   -0.0000000394    0.0000000182    0.0000000002    0.0000000079   -0.0000000177    0.0000000087   -0.0000000045   -0.0000000047   -0.0000000017   -0.0000000015   -0.0004764931    0.0000000389   -0.0000000042    0.0000000069   -0.0002723467    0.0000000046    0.0000000026   -0.0000000018   -0.0000000070    0.0000000019   -0.0000000023    0.0000000000   -0.0000000028   -0.0000000000   -0.0002035229   -0.0000000141    0.0001178018    0.0000000188   -0.0000000026   -0.0000000033   -0.0000000071   -0.0000000043   -0.0000000127    0.0000000082    0.0002147542    0.0000000084   -0.0000000007    0.0000000001   -0.0000000034   -0.0000000011    0.0001510159    0.0000000013   -0.0000000009    0.0000000010    0.0000000063   -0.0000000006   -0.0000000059    0.0000000017   -0.0000000051   -0.0000000059
 -0.0000000032   -0.0000000072   -0.0000000665    0.0000000043    0.0005391015    0.0000000026    0.0000000125    0.0000000076   -0.0000000067   -0.0000000209   -0.0000000139   -0.0000000090   -0.0000000048    0.0000000309   -0.0000000059   -0.0012819676   -0.0005232751    0.0000000083    0.0000000385    0.0000000059   -0.0000000007    0.0000000004    0.0000000381    0.0000000020    0.0000000031    0.0002438306   -0.0000000019   -0.0000000202   -0.0000000033   -0.0000000260   -0.0000427562    0.0000000061    0.0000000108    0.0000000172    0.0000000114   -0.0000000112   -0.0000000017   -0.0000000015    0.0000000013    0.0000000001   -0.0000000410    0.0006272637    0.0000000057   -0.0000000073    0.0000000023   -0.0000000011    0.0000000004   -0.0000906461    0.0000000124    0.0000000014   -0.0000000103   -0.0000000004    0.0000000006    0.0000000314    0.0000000018    0.0002971710    0.0000000253    0.0001246069   -0.0000000025   -0.0000000017   -0.0000000013    0.0000000066    0.0000000102   -0.0000000124   -0.0000000148   -0.0002410884    0.0000000020    0.0000000014    0.0000000023    0.0000000040    0.0000000016    0.0001232742   -0.0000000003   -0.0000000015   -0.0000000051   -0.0000000014    0.0000000088    0.0000000147    0.0000000054    0.0000000058
 -0.0000000011    0.0000000010    0.0000001124   -0.0000000114    0.0000000742   -0.0000000170   -0.0000000036   -0.0000000025   -0.0008500983    0.0000000521    0.0000000104   -0.0000000013    0.0000000205    0.0000000170    0.0000000038    0.0000000015   -0.0000000149    0.0000000114   -0.0000000088    0.0000000053   -0.0000000008    0.0000000032   -0.0000000792    0.0000000089   -0.0000000055    0.0000000503    0.0000000011   -0.0006753349    0.0000000066    0.0000000389   -0.0000000084   -0.0000000007   -0.0000000005    0.0000000004    0.0001008158   -0.0000000098   -0.0000000025    0.0000000006    0.0005482256    0.0000000538   -0.0000000001   -0.0000000006   -0.0000722448    0.0000000109    0.0000000139    0.0000000006   -0.0000000018   -0.0000000140    0.0000000016   -0.0000000014   -0.0000000006    0.0000000004   -0.0000000034    0.0000000043   -0.0000000181   -0.0000000110    0.0000000004   -0.0000000027    0.0000000008    0.0000000025    0.0000000025    0.0000000010   -0.0001910256    0.0000000006   -0.0000000128   -0.0000000095   -0.0000996567    0.0000000253    0.0000000011    0.0000000008   -0.0000000000    0.0000000006    0.0000000009    0.0000000010   -0.0000000002   -0.0000000008   -0.0000000005    0.0000000009   -0.0000485220   -0.0000000036
 -0.0000000462   -0.0000000018    0.0000000736   -0.0000000057    0.0000001165   -0.0000000025   -0.0000000104   -0.0000000173    0.0000000586   -0.0008291250    0.0000000026   -0.0000000121    0.0000000175    0.0000000136   -0.0000000140   -0.0000000037   -0.0000000307   -0.0000000034   -0.0000000047    0.0000000017   -0.0000000055    0.0000000008   -0.0000000667    0.0000000031   -0.0000000039    0.0000000799    0.0000000078    0.0000000363    0.0000000040   -0.0006910183   -0.0000000139    0.0000000034   -0.0000000014   -0.0000000001    0.0000000188   -0.0001176029    0.0000000038    0.0000000037   -0.0000000133   -0.0006553152   -0.0000000007    0.0000000011   -0.0000000133    0.0001165454    0.0000000083   -0.0000000028   -0.0000000028   -0.0000000181    0.0000000037    0.0000000005    0.0000000013    0.0000000036   -0.0000000007   -0.0000000007   -0.0000000144   -0.0000000148   -0.0000000011   -0.0000000035    0.0000000018   -0.0000000015    0.0000000014    0.0000000011   -0.0000000031    0.0002023901   -0.0000000118   -0.0000000111    0.0000000099   -0.0001023380    0.0000000007   -0.0000000001   -0.0000000021    0.0000000047   -0.0000000020    0.0000000009   -0.0000000019   -0.0000000002    0.0000000012   -0.0000000031   -0.0000000097   -0.0000525504
 -0.0000000380    0.0000000392   -0.0003405615    0.0000000004    0.0000000643    0.0000000014    0.0000000020   -0.0000000037   -0.0000000065    0.0000000020   -0.0000000051   -0.0000000020   -0.0015478682   -0.0003344911   -0.0000000013    0.0000000032    0.0000000194    0.0000000034   -0.0004388022    0.0000000173    0.0000000248   -0.0000000153    0.0000670573   -0.0000000027   -0.0000000027    0.0000000517    0.0000000069    0.0000000010   -0.0000000013    0.0000000030    0.0000000390   -0.0000000057   -0.0000000019    0.0000000048   -0.0000000013   -0.0000000023    0.0000000086   -0.0000000028    0.0000000170   -0.0000000046    0.0003704005    0.0000000259    0.0000000007   -0.0000000050    0.0001421925   -0.0000000035   -0.0000000044    0.0000000247   -0.0000000142   -0.0000000076    0.0000000013   -0.0000000024    0.0000000031   -0.0000000024   -0.0002172583    0.0000000248   -0.0002254140    0.0000000013    0.0000000006    0.0000000012    0.0000000066    0.0000000002   -0.0000000007    0.0000000006    0.0000497018   -0.0000000250    0.0000000083    0.0000000031   -0.0000000048    0.0000000001   -0.0000248644   -0.0000000044    0.0000000009   -0.0000000015   -0.0000000050    0.0000000058   -0.0000000002   -0.0000000053   -0.0000000023    0.0000000001
  0.0000000382   -0.0000000353   -0.0000000584   -0.0000000003    0.0004451740   -0.0000000049   -0.0000000014    0.0000000016   -0.0000000023   -0.0000000048   -0.0000000029   -0.0000000006   -0.0000000324   -0.0000000331   -0.0000000002   -0.0001696678   -0.0000103979    0.0000000024   -0.0000000355   -0.0000000054    0.0000000170   -0.0000000033    0.0000000413    0.0000000018    0.0000000023    0.0003481024   -0.0000000001    0.0000000016    0.0000000043    0.0000000017    0.0007603141   -0.0000000037    0.0000000029    0.0000000013    0.0000000002   -0.0000000026    0.0000000020    0.0000000021   -0.0000000197    0.0000000213    0.0000000131   -0.0004123721    0.0000000039   -0.0000000037    0.0000000028   -0.0000000028    0.0000000005    0.0001533273    0.0000000026   -0.0000000047    0.0000000005   -0.0000000041    0.0000000032    0.0000000094   -0.0000000442    0.0002574964    0.0000000139   -0.0001565360   -0.0000000005   -0.0000000008    0.0000000032   -0.0000000018   -0.0000000000    0.0000000014   -0.0000000184   -0.0000506802   -0.0000000121   -0.0000000090    0.0000000014    0.0000000025   -0.0000000065   -0.0000338686    0.0000000013   -0.0000000018   -0.0000000087    0.0000000009    0.0000000035   -0.0000000049   -0.0000000010   -0.0000000013

# Root 16  E=0.3924519133 Ha  10.679166 eV
  0.0000000000    0.0000000000    0.0000000000    0.0000000000    0.0000000000    0.0000000000    0.0000000000    0.0000000000    0.0000000000    0.0000000000    0.0000000000    0.0000000000    0.0000000000    0.0000000000    0.0000000000    0.0000000000    0.0000000000    0.0000000000    0.0000000000    0.0000000000    0.0000000000    0.0000000000    0.0000000000    0.0000000000    0.0000000000    0.0000000000    0.0000000000    0.0000000000    0.0000000000    0.0000000000    0.0000000000    0.0000000000    0.0000000000    0.0000000000    0.0000000000    0.0000000000    0.0000000000    0.0000000000    0.0000000000    0.0000000000    0.0000000000    0.0000000000    0.0000000000    0.0000000000    0.0000000000    0.0000000000    0.0000000000    0.0000000000    0.0000000000    0.0000000000    0.0000000000    0.0000000000    0.0000000000    0.0000000000    0.0000000000    0.0000000000    0.0000000000    0.0000000000    0.0000000000    0.0000000000    0.0000000000    0.0000000000    0.0000000000    0.0000000000    0.0000000000    0.0000000000    0.0000000000    0.0000000000    0.0000000000    0.0000000000    0.0000000000    0.0000000000    0.0000000000    0.0000000000    0.0000000000    0.0000000000    0.0000000000    0.0000000000    0.0000000000    0.0000000000
  0.0000000000    0.0000000000    0.0000000000    0.0000000000    0.0000000000    0.0000000000    0.0000000000    0.0000000000    0.0000000000    0.0000000000    0.0000000000    0.0000000000    0.0000000000    0.0000000000    0.0000000000    0.0000000000    0.0000000000    0.0000000000    0.0000000000    0.0000000000    0.0000000000    0.0000000000    0.0000000000    0.0000000000    0.0000000000    0.0000000000    0.0000000000    0.0000000000    0.0000000000    0.0000000000    0.0000000000    0.0000000000    0.0000000000    0.0000000000    0.0000000000    0.0000000000    0.0000000000    0.0000000000    0.0000000000    0.0000000000    0.0000000000    0.0000000000    0.0000000000    0.0000000000    0.0000000000    0.0000000000    0.0000000000    0.0000000000    0.0000000000    0.0000000000    0.0000000000    0.0000000000    0.0000000000    0.0000000000    0.0000000000    0.0000000000    0.0000000000    0.0000000000    0.0000000000    0.0000000000    0.0000000000    0.0000000000    0.0000000000    0.0000000000    0.0000000000    0.0000000000    0.0000000000    0.0000000000    0.0000000000    0.0000000000    0.0000000000    0.0000000000    0.0000000000    0.0000000000    0.0000000000    0.0000000000    0.0000000000    0.0000000000    0.0000000000    0.0000000000
  0.0000000000    0.0000000000    0.0000000000    0.0000000000    0.0000000000    0.0000000000    0.0000000000    0.0000000000    0.0000000000    0.0000000000    0.0000000000    0.0000000000    0.0000000000    0.0000000000    0.0000000000    0.0000000000    0.0000000000    0.0000000000    0.0000000000    0.0000000000    0.0000000000    0.0000000000    0.0000000000    0.0000000000    0.0000000000    0.0000000000    0.0000000000    0.0000000000    0.0000000000    0.0000000000    0.0000000000    0.0000000000    0.0000000000    0.0000000000    0.0000000000    0.0000000000    0.0000000000    0.0000000000    0.0000000000    0.0000000000    0.0000000000    0.0000000000    0.0000000000    0.0000000000    0.0000000000    0.0000000000    0.0000000000    0.0000000000    0.0000000000    0.0000000000    0.0000000000    0.0000000000    0.0000000000    0.0000000000    0.0000000000    0.0000000000    0.0000000000    0.0000000000    0.0000000000    0.0000000000    0.0000000000    0.0000000000    0.0000000000    0.0000000000    0.0000000000    0.0000000000    0.0000000000    0.0000000000    0.0000000000    0.0000000000    0.0000000000    0.0000000000    0.0000000000    0.0000000000    0.0000000000    0.0000000000    0.0000000000    0.0000000000    0.0000000000    0.0000000000
  0.0000000000    0.0000000000    0.0000000000    0.0000000000    0.0000000000    0.0000000000    0.0000000000    0.0000000000    0.0000000000    0.0000000000    0.0000000000    0.0000000000    0.0000000000    0.0000000000    0.0000000000    0.0000000000    0.0000000000    0.0000000000    0.0000000000    0.0000000000    0.0000000000    0.0000000000    0.0000000000    0.0000000000    0.0000000000    0.0000000000    0.0000000000    0.0000000000    0.0000000000    0.0000000000    0.0000000000    0.0000000000    0.0000000000    0.0000000000    0.0000000000    0.0000000000    0.0000000000    0.0000000000    0.0000000000    0.0000000000    0.0000000000    0.0000000000    0.0000000000    0.0000000000    0.0000000000    0.0000000000    0.0000000000    0.0000000000    0.0000000000    0.0000000000    0.0000000000    0.0000000000    0.0000000000    0.0000000000    0.0000000000    0.0000000000    0.0000000000    0.0000000000    0.0000000000    0.0000000000    0.0000000000    0.0000000000    0.0000000000    0.0000000000    0.0000000000    0.0000000000    0.0000000000    0.0000000000    0.0000000000    0.0000000000    0.0000000000    0.0000000000    0.0000000000    0.0000000000    0.0000000000    0.0000000000    0.0000000000    0.0000000000    0.0000000000    0.0000000000
 -0.0000000545    0.0000000466   -0.0000000015   -0.0005856728    0.0000000026    0.0000001149    0.0000001419   -0.0000000604    0.0000000009    0.0000000013    0.0000000972    0.0000000449    0.0000000046   -0.0000000000   -0.0002263340    0.0000000010    0.0000000006   -0.0000000519   -0.0000000020   -0.0000000413   -0.0000000195   -0.0000000303   -0.0000000013   -0.0000000783   -0.0005720166    0.0000000014    0.0000000425    0.0000000052   -0.0000001087    0.0000000036   -0.0000000021   -0.0000000330   -0.0000001104   -0.0000000363    0.0000000031   -0.0000000014    0.0009383862    0.0000002434    0.0000000119    0.0000000060    0.0000000060   -0.0000000027    0.0000000086    0.0000000005   -0.0000000046   -0.0000862769    0.0000000151   -0.0000000017    0.0000000106    0.0000000199   -0.0000000085    0.0000712250    0.0000000189    0.0000000018   -0.0000000065    0.0000000049    0.0000000067    0.0000000042   -0.0003586333   -0.0000001476    0.0000000032    0.0000000054    0.0000000012   -0.0000000005   -0.0000000092    0.0000000088    0.0000000047   -0.0000000021   -0.0000000004    0.0000000014    0.0000000044    0.0000000036    0.0000746852    0.0000000197   -0.0000000162   -0.0000000103    0.0000000043    0.0000000031   -0.0000000049    0.0000000040
 -0.0000000684    0.0000000609    0.0000000042    0.0000002193    0.0000000012   -0.0000000559   -0.0010224538    0.0000001044    0.0000000003    0.0000000005   -0.0000000434   -0.0000000996    0.0000000016    0.0000000014   -0.0000000663   -0.0000000016   -0.0000000014   -0.0001222306   -0.0000000023    0.0000000230    0.0000000503    0.0000000106   -0.0000000097    0.0000000486    0.0000001489    0.0000000041   -0.0000000826    0.0000000018    0.0005819728    0.0000000040    0.0000000017    0.0000000805    0.0000000408    0.0000000762   -0.0000000007    0.0000000003   -0.0000001960   -0.0007153595    0.0000000001    0.0000000035    0.0000000014   -0.0000000129    0.0000000011    0.0000000026   -0.0000000074   -0.0000000030    0.0000169207    0.0000000010   -0.0000000008   -0.0000000227    0.0000000178   -0.0000000061   -0.0000555462    0.0000000021   -0.0000000050    0.0000000033    0.0000000013    0.0000000144    0.0000000267    0.0003901106    0.0000000105    0.0000000190    0.0000000027   -0.0000000019   -0.0000000101    0.0000000120    0.0000000013   -0.0000000141   -0.0000000026    0.0000000056    0.0000000059    0.0000000031   -0.0000000205   -0.0000934378   -0.0000000033    0.0000000060   -0.0000000057   -0.0000000009   -0.0000000041    0.0000000070
 -0.0000000039    0.0000000046   -0.0000001535   -0.0000000048    0.0000000743    0.0000000020   -0.0000000025   -0.0000000032    0.0009810999   -0.0000002085   -0.0000000081    0.0000000020    0.0000000794   -0.0000000033    0.0000000145    0.0000000346    0.0000000308   -0.0000000068   -0.0000000333   -0.0000000031   -0.0000000041   -0.0000000082    0.0000000642   -0.0000000055   -0.0000000004    0.0000000252    0.0000000091    0.0005816620   -0.0000000055   -0.0000001241   -0.0000000353   -0.0000000053    0.0000000212   -0.0000000056    0.0000734227    0.0000000593    0.0000000023    0.0000000027    0.0010791334    0.0000002800    0.0000000124    0.0000000163   -0.0001771850   -0.0000000600    0.0000000112   -0.0000000260    0.0000000119    0.0000000013   -0.0000000000    0.0000000189   -0.0000000087   -0.0000000052   -0.0000000099   -0.0000000110    0.0000000077   -0.0000000128   -0.0000000057   -0.0000000069   -0.0000000005   -0.0000000023   -0.0000000217   -0.0000000370   -0.0003196373   -0.0000000737    0.0000000169   -0.0000000187   -0.0001243679    0.0000000571   -0.0000000032    0.0000000001   -0.0000000198   -0.0000000128   -0.0000000105    0.0000000163    0.0000000204    0.0000000133    0.0000000037    0.0000000107   -0.0000924490   -0.0000000094
 -0.0000000052    0.0000000039    0.0000000680   -0.0000000053   -0.0000001552   -0.0000000003   -0.0000000085    0.0000000066   -0.0000000033    0.0001795285   -0.0000000151    0.0000000097   -0.0000000688    0.0000000145    0.0000000019   -0.0000000145   -0.0000000288   -0.0000000081    0.0000000375   -0.0000000095    0.0000000045   -0.0000000120    0.0000000134   -0.0000000209   -0.0000000033   -0.0000000815   -0.0000000050   -0.0000000467   -0.0000000011    0.0002925393    0.0000000495   -0.0000000165    0.0000000367   -0.0000000075   -0.0000000624   -0.0003661006   -0.0000000150    0.0000000173   -0.0000001308   -0.0003420173    0.0000000253    0.0000000166    0.0000000119    0.0000834549    0.0000000283    0.0000000009    0.0000000168    0.0000000208   -0.0000000055    0.0000000292   -0.0000000113   -0.0000000026    0.0000000002    0.0000000098    0.0000000221   -0.0000000249    0.0000000040   -0.0000000121   -0.0000000176    0.0000000291   -0.0000000234   -0.0000000447    0.0000000823    0.0002984595    0.0000000266   -0.0000000252   -0.0000000035   -0.0000364249   -0.0000000028    0.0000000004   -0.0000000010   -0.0000000519    0.0000000146    0.0000000276    0.0000000267    0.0000000097    0.0000000098    0.0000000323    0.0000000282   -0.0000929396
  0.0000000199    0.0000000100    0.0015569359   -0.0000000021   -0.0000002370   -0.0000000086   -0.0000000056   -0.0000000063   -0.0000001275    0.0000000739    0.0000000038   -0.0000000003   -0.0005701576   -0.0002109006   -0.0000000016    0.0000000300   -0.0000001210    0.0000000032    0.0003784703   -0.0000000031    0.0000000030    0.0000000034   -0.0003910234    0.0000000046   -0.0000000010   -0.0000000603    0.0000000025   -0.0000000732    0.0000000026    0.0000000401    0.0000000252    0.0000000024   -0.0000000038   -0.0000000020    0.0000000055   -0.0000000024   -0.0000000012    0.0000000010   -0.0000000383    0.0000000400   -0.0005285533    0.0000001308    0.0000000178   -0.0000000007    0.0004499315   -0.0000000139    0.0000000032    0.0000001171   -0.0000000197   -0.0000000012    0.0000000016   -0.0000000016   -0.0000000008   -0.0000000046   -0.0002288636    0.0000000646   -0.0004761593   -0.0000001187   -0.0000000029   -0.0000000004   -0.0000000026   -0.0000000045   -0.0000000031   -0.0000000016   -0.0002874214    0.0000000616    0.0000000018    0.0000000012   -0.0000000040   -0.0000000024   -0.0000227119   -0.0000000077    0.0000000027   -0.0000000005    0.0000000036    0.0000000036    0.0000000005   -0.0000000034    0.0000000117   -0.0000000061
 -0.0000000074   -0.0000000219   -0.0000002968   -0.0000000059    0.0015890799   -0.0000000039    0.0000000026   -0.0000000042    0.0000000854   -0.0000001334    0.0000000003   -0.0000000027    0.0000001289    0.0000000678   -0.0000000009   -0.0000198373    0.0004366962   -0.0000000008   -0.0000000775    0.0000000037   -0.0000000077    0.0000000009    0.0000000880    0.0000000040   -0.0000000018    0.0003559240    0.0000000044    0.0000000378   -0.0000000023   -0.0000000729   -0.0002375634   -0.0000000002   -0.0000000003   -0.0000000012    0.0000000105    0.0000000129   -0.0000000023   -0.0000000036   -0.0000000347    0.0000000379    0.0000001379   -0.0004692884   -0.0000000127   -0.0000000150   -0.0000001103    0.0000000028   -0.0000000016   -0.0004916792    0.0000000001   -0.0000000012    0.0000000068    0.0000000019    0.0000000005   -0.0000000072    0.0000000534   -0.0002756462    0.0000001277    0.0004053177    0.0000000025   -0.0000000042    0.0000000037    0.0000000005    0.0000000007    0.0000000036    0.0000000723   -0.0002994445    0.0000000076    0.0000000031   -0.0000000012   -0.0000000007    0.0000000070    0.0000055084   -0.0000000018    0.0000000001   -0.0000000009    0.0000000005    0.0000000002   -0.0000000063   -0.0000000050    0.0000000100
  0.0000000767   -0.0000000513    0.0000000019    0.0003041951   -0.0000000100    0.0000000029    0.0000000022    0.0000000015   -0.0000000057   -0.0000000003    0.0000002422    0.0000001285   -0.0000000048   -0.0000000016    0.0005621226    0.0000000026    0.0000000017    0.0000001678    0.0000000048   -0.0000000683   -0.0000000457   -0.0000000527    0.0000000033   -0.0000000224   -0.0000935771   -0.0000000008    0.0000000466   -0.0000000092   -0.0000000379   -0.0000000023    0.0000000043   -0.0000001015   -0.0000002137   -0.0000000464   -0.0000000007    0.0000000035   -0.0005392548   -0.0000001370   -0.0000000100   -0.0000000052   -0.0000000060    0.0000000019   -0.0000000141   -0.0000000030    0.0000000201    0.0003934565   -0.0000000782    0.0000000018   -0.0000000179    0.0000000298   -0.0000000115   -0.0004769277   -0.0000001188    0.0000000133    0.0000000083   -0.0000000056   -0.0000000042   -0.0000000071   -0.0004156533   -0.0000001801   -0.0000000215   -0.0000000137   -0.0000000014   -0.0000000013    0.0000000122   -0.0000000112   -0.0000000060    0.0000000031    0.0000000107   -0.0000000137   -0.0000000107   -0.0000000041    0.0000049340    0.0000000019   -0.0000000029    0.0000000023    0.0000000107    0.0000000051    0.0000000040   -0.0000000050
 -0.0000000835    0.0000000711    0.0000000037    0.0000000924    0.0000000017   -0.0000000002   -0.0007312837   -0.0000000255   -0.0000000027    0.0000000033    0.0000001323    0.0000002297    0.0000000050   -0.0000000026    0.0000000659   -0.0000000017   -0.0000000021    0.0002704658   -0.0000000048   -0.0000000407   -0.0000001033   -0.0000000171   -0.0000000071   -0.0000000057   -0.0000000087    0.0000000024    0.0000000767    0.0000000004   -0.0000596122    0.0000000069    0.0000000007   -0.0000001624   -0.0000001281   -0.0000001097    0.0000000007    0.0000000035   -0.0000001058   -0.0003178877   -0.0000000007    0.0000000019    0.0000000025   -0.0000000083   -0.0000000011   -0.0000000005   -0.0000000046    0.0000000734   -0.0002795146    0.0000000023    0.0000000152    0.0000000001   -0.0000000258   -0.0000001139   -0.0004731212    0.0000000028   -0.0000000016    0.0000000020    0.0000000004    0.0000000103   -0.0000000407   -0.0003916706   -0.0000000008    0.0000000004    0.0000000007   -0.0000000008   -0.0000000032    0.0000000067   -0.0000000007   -0.0000000060   -0.0000000139    0.0000000150    0.0000000026    0.0000000003    0.0000000038   -0.0000084335   -0.0000000092   -0.0000000138    0.0000000027    0.0000000096   -0.0000000017    0.0000000057
 -0.0021417083   -0.0000006189   -0.0000000129    0.0000000024   -0.0000000076    0.0017898883   -0.0000000078   -0.0000002203    0.0000000058   -0.0000000049    0.0002025640    0.0000001081   -0.0000000059   -0.0000000115   -0.0000001969   -0.0000000022    0.0000000015   -0.0000000980    0.0000000123    0.0004693412    0.0000000443    0.0001609546    0.0000000181   -0.0005464057   -0.0000000543   -0.0000000047    0.0000000830    0.0000000019   -0.0000000307   -0.0000000039    0.0000000027   -0.0000000069   -0.0002445640   -0.0000000624    0.0000000025    0.0000000003    0.0000000465   -0.0000000450    0.0000000009   -0.0000000077    0.0000000125   -0.0000000002   -0.0000000067   -0.0000000089    0.0000000009   -0.0000000323    0.0000000220    0.0000000065    0.0006671809   -0.0004553734    0.0000001264    0.0000000322    0.0000000179    0.0000001895    0.0000000068   -0.0000000029    0.0000000048   -0.0000000019    0.0000000039    0.0000000004   -0.0004219194   -0.0000000670    0.0000000012   -0.0000000014    0.0000000024   -0.0000000012    0.0000000020    0.0000000042    0.0001611695    0.0000000444    0.0000000005   -0.0000000147   -0.0000000137   -0.0000000058    0.0001699879    0.0000000478   -0.0000897495   -0.0000000173    0.0000000020   -0.0000000035
  0.0000004763    0.0023119817   -0.0000000041    0.0000000153   -0.0000000105   -0.0000004194    0.0000000131    0.0017213036   -0.0000000068    0.0000000021   -0.0000000025    0.0000884515   -0.0000000022   -0.0000000000    0.0000001024   -0.0000000014    0.0000000040    0.0000001849   -0.0000000044   -0.0000001170    0.0000342696   -0.0000000059    0.0000000010    0.0000001687    0.0000000263   -0.0000000110   -0.0005029339   -0.0000000017    0.0000000568    0.0000000022    0.0000000021   -0.0002111276    0.0000000355    0.0003244428   -0.0000000001   -0.0000000038    0.0000000482   -0.0000000440   -0.0000000036    0.0000000012   -0.0000000049   -0.0000000000    0.0000000036    0.0000000031   -0.0000000059    0.0000000134   -0.0000000241    0.0000000046   -0.0000001918    0.0000000972   -0.0004481577   -0.0000000192   -0.0000000379   -0.0007129331   -0.0000000009    0.0000000034   -0.0000000043    0.0000000016    0.0000000087   -0.0000000064    0.0000000908    0.0002465692    0.0000000008   -0.0000000017   -0.0000000025    0.0000000136   -0.0000000052   -0.0000000018   -0.0000000406   -0.0001409532   -0.0000000011   -0.0000000051    0.0000000098    0.0000000174   -0.0000000410   -0.0001772528    0.0000000199    0.0000479377    0.0000000034    0.0000000036
 -0.0000008072   -0.0000003672   -0.0000000026    0.0005846095    0.0000000114    0.0000000809    0.0000000053    0.0000000870    0.0000000027    0.0000000063    0.0000001076   -0.0000000766    0.0000000040    0.0000000053    0.0014826384   -0.0000000083   -0.0000000051    0.0000003775   -0.0000000064    0.0000000137    0.0000000115   -0.0000001632   -0.0000000088    0.0000000036    0.0006042109   -0.0000000139   -0.0000000665    0.0000000105    0.0000001865    0.0000000108    0.0000000061    0.0000000731   -0.0000000563   -0.0000000030    0.0000000018   -0.0000000104    0.0007209861    0.0000001846    0.0000000002    0.0000000070    0.0000000087   -0.0000000137    0.0000000357    0.0000000032   -0.0000000222   -0.0000709486    0.0000000218    0.0000000020    0.0000000019    0.0000000088    0.0000000243   -0.0003556602   -0.0000000727    0.0000000030   -0.0000000156    0.0000000120    0.0000000089    0.0000000224   -0.0002034901   -0.0000000955    0.0000000335    0.0000000197    0.0000000032    0.0000000016   -0.0000000282    0.0000000251    0.0000000067   -0.0000000054    0.0000000131    0.0000000034    0.0000000321   -0.0000000019    0.0001087830    0.0000000135   -0.0000000140   -0.0000000212    0.0000000030   -0.0000000120    0.0000000026    0.0000000170
 -0.0000003677   -0.0000007930    0.0000000004   -0.0000005649    0.0000000016   -0.0000000002    0.0024881823    0.0000000279   -0.0000000119    0.0000000069   -0.0000001308    0.0000001436   -0.0000000066   -0.0000000097    0.0000009848    0.0000000234    0.0000000330    0.0038679368    0.0000000307    0.0000001256   -0.0000001350   -0.0000000587    0.0000000735   -0.0000000514    0.0000000884   -0.0000000272   -0.0000000582   -0.0000000106    0.0005177791    0.0000000089   -0.0000000096   -0.0000000908    0.0000001559   -0.0000001169    0.0000000089    0.0000000061    0.0000000003   -0.0000481730    0.0000000047   -0.0000000397   -0.0000000139    0.0000000388   -0.0000000335   -0.0000000188    0.0000000379    0.0000000392   -0.0002546936    0.0000000241    0.0000000364    0.0000000578   -0.0000000052   -0.0000001237   -0.0004297383   -0.0000000947    0.0000000407   -0.0000000337   -0.0000000131   -0.0000000533   -0.0000000343   -0.0003871332   -0.0000000673   -0.0000000866   -0.0000000217    0.0000000081    0.0000000620   -0.0000000705    0.0000000040    0.0000000284    0.0000000141   -0.0000000142   -0.0000000236   -0.0000000532    0.0000000624    0.0001806843    0.0000000474    0.0000000380    0.0000000304   -0.0000000129    0.0000000366   -0.0000000151
