# rstack: amplitudes  shape=(nroots=16, nocc_full=16, nvirt=80)
# nfrozen=4 (rows 0..3 are zero)  nocc_active=12
# Each block: root N (1-based), energy, then nocc_full rows of nvirt values

# Root 1  E=0.2540383483 Ha  6.912739 eV
  0.0000000000    0.0000000000    0.0000000000    0.0000000000    0.0000000000    0.0000000000    0.0000000000    0.0000000000    0.0000000000    0.0000000000    0.0000000000    0.0000000000    0.0000000000    0.0000000000    0.0000000000    0.0000000000    0.0000000000    0.0000000000    0.0000000000    0.0000000000    0.0000000000    0.0000000000    0.0000000000    0.0000000000    0.0000000000    0.0000000000    0.0000000000    0.0000000000    0.0000000000    0.0000000000    0.0000000000    0.0000000000    0.0000000000    0.0000000000    0.0000000000    0.0000000000    0.0000000000    0.0000000000    0.0000000000    0.0000000000    0.0000000000    0.0000000000    0.0000000000    0.0000000000    0.0000000000    0.0000000000    0.0000000000    0.0000000000    0.0000000000    0.0000000000    0.0000000000    0.0000000000    0.0000000000    0.0000000000    0.0000000000    0.0000000000    0.0000000000    0.0000000000    0.0000000000    0.0000000000    0.0000000000    0.0000000000    0.0000000000    0.0000000000    0.0000000000    0.0000000000    0.0000000000    0.0000000000    0.0000000000    0.0000000000    0.0000000000    0.0000000000    0.0000000000    0.0000000000    0.0000000000    0.0000000000    0.0000000000    0.0000000000    0.0000000000    0.0000000000
  0.0000000000    0.0000000000    0.0000000000    0.0000000000    0.0000000000    0.0000000000    0.0000000000    0.0000000000    0.0000000000    0.0000000000    0.0000000000    0.0000000000    0.0000000000    0.0000000000    0.0000000000    0.0000000000    0.0000000000    0.0000000000    0.0000000000    0.0000000000    0.0000000000    0.0000000000    0.0000000000    0.0000000000    0.0000000000    0.0000000000    0.0000000000    0.0000000000    0.0000000000    0.0000000000    0.0000000000    0.0000000000    0.0000000000    0.0000000000    0.0000000000    0.0000000000    0.0000000000    0.0000000000    0.0000000000    0.0000000000    0.0000000000    0.0000000000    0.0000000000    0.0000000000    0.0000000000    0.0000000000    0.0000000000    0.0000000000    0.0000000000    0.0000000000    0.0000000000    0.0000000000    0.0000000000    0.0000000000    0.0000000000    0.0000000000    0.0000000000    0.0000000000    0.0000000000    0.0000000000    0.0000000000    0.0000000000    0.0000000000    0.0000000000    0.0000000000    0.0000000000    0.0000000000    0.0000000000    0.0000000000    0.0000000000    0.0000000000    0.0000000000    0.0000000000    0.0000000000    0.0000000000    0.0000000000    0.0000000000    0.0000000000    0.0000000000    0.0000000000
  0.0000000000    0.0000000000    0.0000000000    0.0000000000    0.0000000000    0.0000000000    0.0000000000    0.0000000000    0.0000000000    0.0000000000    0.0000000000    0.0000000000    0.0000000000    0.0000000000    0.0000000000    0.0000000000    0.0000000000    0.0000000000    0.0000000000    0.0000000000    0.0000000000    0.0000000000    0.0000000000    0.0000000000    0.0000000000    0.0000000000    0.0000000000    0.0000000000    0.0000000000    0.0000000000    0.0000000000    0.0000000000    0.0000000000    0.0000000000    0.0000000000    0.0000000000    0.0000000000    0.0000000000    0.0000000000    0.0000000000    0.0000000000    0.0000000000    0.0000000000    0.0000000000    0.0000000000    0.0000000000    0.0000000000    0.0000000000    0.0000000000    0.0000000000    0.0000000000    0.0000000000    0.0000000000    0.0000000000    0.0000000000    0.0000000000    0.0000000000    0.0000000000    0.0000000000    0.0000000000    0.0000000000    0.0000000000    0.0000000000    0.0000000000    0.0000000000    0.0000000000    0.0000000000    0.0000000000    0.0000000000    0.0000000000    0.0000000000    0.0000000000    0.0000000000    0.0000000000    0.0000000000    0.0000000000    0.0000000000    0.0000000000    0.0000000000    0.0000000000
  0.0000000000    0.0000000000    0.0000000000    0.0000000000    0.0000000000    0.0000000000    0.0000000000    0.0000000000    0.0000000000    0.0000000000    0.0000000000    0.0000000000    0.0000000000    0.0000000000    0.0000000000    0.0000000000    0.0000000000    0.0000000000    0.0000000000    0.0000000000    0.0000000000    0.0000000000    0.0000000000    0.0000000000    0.0000000000    0.0000000000    0.0000000000    0.0000000000    0.0000000000    0.0000000000    0.0000000000    0.0000000000    0.0000000000    0.0000000000    0.0000000000    0.0000000000    0.0000000000    0.0000000000    0.0000000000    0.0000000000    0.0000000000    0.0000000000    0.0000000000    0.0000000000    0.0000000000    0.0000000000    0.0000000000    0.0000000000    0.0000000000    0.0000000000    0.0000000000    0.0000000000    0.0000000000    0.0000000000    0.0000000000    0.0000000000    0.0000000000    0.0000000000    0.0000000000    0.0000000000    0.0000000000    0.0000000000    0.0000000000    0.0000000000    0.0000000000    0.0000000000    0.0000000000    0.0000000000    0.0000000000    0.0000000000    0.0000000000    0.0000000000    0.0000000000    0.0000000000    0.0000000000    0.0000000000    0.0000000000    0.0000000000    0.0000000000    0.0000000000
  0.0000005291   -0.0065243993   -0.0000000305    0.0000000159   -0.0000000337    0.0000000847   -0.0000000087   -0.0175709104    0.0000000026   -0.0000000294    0.0000000533    0.0112430503   -0.0000000218    0.0000000037    0.0000000192    0.0000000196   -0.0000000459   -0.0000000056    0.0000000019   -0.0000000357   -0.0041501965    0.0000000075    0.0000000210   -0.0000000437    0.0000000018    0.0000000167    0.0105342410   -0.0000000003   -0.0000000182   -0.0000000120   -0.0000000194   -0.0056167759   -0.0000000889   -0.0093455412   -0.0000000027    0.0000000120    0.0000000216   -0.0000000274   -0.0000000052    0.0000000136    0.0000000220   -0.0000000117    0.0000000001    0.0000000014    0.0000000045    0.0000000007   -0.0000000049    0.0000000159    0.0000000157    0.0000000172   -0.0014901051   -0.0000000041    0.0000000003    0.0008607677   -0.0000000006    0.0000000118    0.0000000082    0.0000000248   -0.0000000079    0.0000000095   -0.0000000043   -0.0007428185   -0.0000000047    0.0000000019   -0.0000000177    0.0000000249    0.0000000004   -0.0000000026    0.0000000003   -0.0000320205   -0.0000000078   -0.0000000289    0.0000000044   -0.0000000084   -0.0000000099   -0.0013924301    0.0000000156    0.0003315162   -0.0000000000    0.0000000001
 -0.0190625901    0.0000003786    0.0000000630    0.0000000084    0.0000000084   -0.0187332938   -0.0000000101    0.0000001120    0.0000000283   -0.0000000039   -0.0099001375   -0.0000000947   -0.0000000329   -0.0000000377    0.0000000017   -0.0000000198   -0.0000000043    0.0000000001    0.0000000084   -0.0031791170    0.0000000174    0.0000165934    0.0000000136    0.0111156233   -0.0000000405    0.0000000186   -0.0000001127    0.0000000145   -0.0000000019    0.0000000002    0.0000000019    0.0000000455    0.0132078468    0.0000000745    0.0000000087   -0.0000000018    0.0000000325   -0.0000000219    0.0000000133   -0.0000000024    0.0000000169   -0.0000000121   -0.0000000005   -0.0000000009    0.0000000122    0.0000000057    0.0000000016    0.0000000037   -0.0002656446   -0.0013924738    0.0000000058   -0.0000000010   -0.0000000034    0.0000000059   -0.0000000201   -0.0000000000    0.0000000221    0.0000000127   -0.0000000150    0.0000000081    0.0011904204    0.0000000112   -0.0000000000   -0.0000000008   -0.0000000254    0.0000000168    0.0000000024    0.0000000003    0.0001111247    0.0000000060   -0.0000000271   -0.0000000089   -0.0000000054    0.0000000274    0.0015319858    0.0000000059   -0.0003567778    0.0000000086    0.0000000010    0.0000000009
 -0.0000005840    0.0000001183   -0.0000000846    0.0000000021    0.0348046827    0.0000000225   -0.0000000025   -0.0000000372   -0.0000000332    0.0000000114    0.0000000297    0.0000000013    0.0000000034   -0.0000000506    0.0000000057    0.0019116687    0.0042682076   -0.0000000143   -0.0000000185    0.0000000390   -0.0000000394   -0.0000000206    0.0000000221   -0.0000000076    0.0000000111    0.0082947376   -0.0000000169   -0.0000000172   -0.0000000108    0.0000000233   -0.0066421126    0.0000000213   -0.0000000175    0.0000000302   -0.0000000061    0.0000000017   -0.0000000047    0.0000000019    0.0000000117   -0.0000000192    0.0000000182    0.0002776471   -0.0000000004    0.0000000051    0.0000000089    0.0000000021    0.0000000000    0.0002812967    0.0000000288    0.0000000053   -0.0000000249    0.0000000022   -0.0000000001    0.0000000500   -0.0000000108    0.0006561614    0.0000000019    0.0004198272   -0.0000000016    0.0000000026   -0.0000000064    0.0000000186    0.0000000022   -0.0000000012   -0.0000000074    0.0000676705    0.0000000024    0.0000000019    0.0000000004    0.0000000060   -0.0000000045   -0.0001504509   -0.0000000032    0.0000000013   -0.0000000093   -0.0000000007    0.0000000160    0.0000000297    0.0000000018    0.0000000032
 -0.0000008226   -0.0000001409    0.0403217126    0.0000000132   -0.0000004079    0.0000000082    0.0000000137   -0.0000000073    0.0000000203    0.0000000235   -0.0000000296   -0.0000000002   -0.0096805950   -0.0029458409   -0.0000000041   -0.0000000550   -0.0000000413   -0.0000000021    0.0032777767    0.0000000060    0.0000000051   -0.0000000438   -0.0106067508    0.0000000090   -0.0000000051   -0.0000000775   -0.0000000014   -0.0000000091   -0.0000000059    0.0000000120    0.0000000632   -0.0000000029    0.0000000279   -0.0000000071    0.0000000113   -0.0000000049    0.0000000073   -0.0000000017    0.0000000068   -0.0000000058    0.0012810578    0.0000000078    0.0000000053   -0.0000000004   -0.0004527237    0.0000000138   -0.0000000003    0.0000000041    0.0000000394    0.0000000291   -0.0000000062   -0.0000000037    0.0000000047    0.0000000294    0.0004673258   -0.0000000111   -0.0001175317    0.0000000037    0.0000000024   -0.0000000003   -0.0000000021   -0.0000000079   -0.0000000023    0.0000000001    0.0000874464   -0.0000000017    0.0000000028    0.0000000004    0.0000000154   -0.0000000020    0.0001045830   -0.0000000001   -0.0000000006   -0.0000000003    0.0000000024   -0.0000000064    0.0000000296    0.0000000166   -0.0000000011   -0.0000000021
 -0.0000000004   -0.0000001029   -0.0000000782    0.0000000279    0.0000000090   -0.0000000199   -0.0000000006   -0.0000000135   -0.0000001388    0.0317756901    0.0000000705   -0.0000000495    0.0000000337   -0.0000000076    0.0000000066    0.0000000189    0.0000000240   -0.0000000179    0.0000000332   -0.0000000217    0.0000000377   -0.0000000160    0.0000000192   -0.0000000058    0.0000000002   -0.0000000011   -0.0000000017   -0.0000000490    0.0000000105    0.0116947282    0.0000000269    0.0000000252   -0.0000000539    0.0000000011   -0.0000000196   -0.0022014986    0.0000000015   -0.0000000215   -0.0000000539    0.0010518537    0.0000000257    0.0000000500    0.0000000164    0.0014641456   -0.0000000005    0.0000000020    0.0000000060    0.0000000034    0.0000000007    0.0000000024    0.0000000050   -0.0000000015    0.0000000003   -0.0000000012    0.0000000035   -0.0000000013   -0.0000000266    0.0000000334    0.0000000020   -0.0000000003   -0.0000000025    0.0000000010   -0.0000000020   -0.0001448972   -0.0000000009   -0.0000000087    0.0000000086    0.0000469976   -0.0000000043    0.0000000020    0.0000000010    0.0000000021    0.0000000000   -0.0000000010   -0.0000000049    0.0000000039    0.0000000016   -0.0000000025    0.0000000053   -0.0009052359
 -0.0000013305    0.0000000452   -0.0000000446    0.0000000229    0.0000000533    0.0000000065    0.0000000169   -0.0000000188    0.0371137838   -0.0000002485   -0.0000000056    0.0000000511    0.0000000325   -0.0000000002    0.0000000143    0.0000000127    0.0000000100   -0.0000000098    0.0000000303    0.0000000269   -0.0000000200   -0.0000000227   -0.0000000106   -0.0000000004    0.0000000076    0.0000000332    0.0000000161    0.0127788707   -0.0000000059   -0.0000000809    0.0000000121   -0.0000000403    0.0000000075   -0.0000000205    0.0024729216   -0.0000000029    0.0000000013   -0.0000000103   -0.0010360895   -0.0000000633    0.0000000246    0.0000000205   -0.0016540881   -0.0000000246   -0.0000000056    0.0000000006    0.0000000006    0.0000000021   -0.0000000083   -0.0000000031   -0.0000000040   -0.0000000014   -0.0000000003    0.0000000007   -0.0000000066   -0.0000000073   -0.0000000347    0.0000000195   -0.0000000089    0.0000000023    0.0000000020   -0.0000000021    0.0001640802   -0.0000000040    0.0000000094    0.0000000028    0.0000770075   -0.0000000180    0.0000000018   -0.0000000044    0.0000000037    0.0000000003   -0.0000000015   -0.0000000004    0.0000000032   -0.0000000052   -0.0000000024   -0.0000000008   -0.0009025207    0.0000000104
  0.0000034060   -0.0067138087   -0.0000000608    0.0000000406   -0.0000000378    0.0000000102   -0.0000000500    0.0083317634   -0.0000000252   -0.0000000376    0.0000002830    0.0411048514   -0.0000000913   -0.0000000580    0.0000000432    0.0000000146   -0.0000000864    0.0000000472    0.0000000318   -0.0000001717   -0.0118353535   -0.0000000455    0.0000000031   -0.0000000004    0.0000000027    0.0000000126    0.0089739339   -0.0000000171    0.0000000078   -0.0000000179   -0.0000000542   -0.0251464098   -0.0000001562   -0.0133951547   -0.0000000020    0.0000000013   -0.0000000080    0.0000000176    0.0000000011    0.0000000101   -0.0000000082   -0.0000000077    0.0000000056    0.0000000005   -0.0000000009    0.0000000033   -0.0000000069    0.0000000129    0.0000000401    0.0000000138   -0.0018224568   -0.0000000075   -0.0000000093    0.0009910965   -0.0000000277    0.0000000093    0.0000000083    0.0000000056   -0.0000000124    0.0000000185    0.0000000170   -0.0010614239   -0.0000000031    0.0000000001    0.0000000027    0.0000000111   -0.0000000019    0.0000000005   -0.0000000062   -0.0001945873   -0.0000000070   -0.0000000049    0.0000000035   -0.0000000056   -0.0000000005   -0.0012640058    0.0000000087    0.0004962634    0.0000000002    0.0000000006
 -0.0227460461    0.0000000208    0.0000000970   -0.0000000397   -0.0000000217   -0.0123029519    0.0000000612    0.0000000146   -0.0000000188   -0.0000000119    0.0424628317    0.0000004471    0.0000000372    0.0000000368    0.0000000083   -0.0000000052    0.0000000901   -0.0000000917   -0.0000001564   -0.0120114104    0.0000000494   -0.0060561096   -0.0000000387   -0.0008461499   -0.0000000096   -0.0000000036    0.0000001356   -0.0000000147   -0.0000000088   -0.0000000114    0.0000000067   -0.0000002186   -0.0292833166   -0.0000001586    0.0000000034   -0.0000000006    0.0000000058   -0.0000000127   -0.0000000093   -0.0000000020   -0.0000000102   -0.0000000245    0.0000000026   -0.0000000004   -0.0000000157   -0.0000000014    0.0000000028   -0.0000000099    0.0004775337    0.0019777920    0.0000000026    0.0000000034    0.0000000096   -0.0000000033    0.0000000021   -0.0000000205    0.0000000077   -0.0000000116    0.0000000162   -0.0000000127   -0.0012470470   -0.0000000160   -0.0000000026    0.0000000029   -0.0000000033    0.0000000119    0.0000000028   -0.0000000012   -0.0002824711   -0.0000000116    0.0000000096    0.0000000113   -0.0000000026   -0.0000000231   -0.0012208599   -0.0000000185    0.0005788958   -0.0000000086    0.0000000001    0.0000000027
  0.0000044623   -0.0000017068    0.0000000255    0.0000000612    0.0000000126   -0.0000001135    0.0118628097    0.0000001410    0.0000000164   -0.0000000953    0.0000000030    0.0000000629   -0.0000000156    0.0000000009   -0.0000002388   -0.0000000012   -0.0000000362   -0.0301781163   -0.0000000120    0.0000000557   -0.0000001126    0.0000001113   -0.0000000059   -0.0000000077   -0.0000000362   -0.0000000030   -0.0000000786    0.0000000186   -0.0094174084   -0.0000000216    0.0000000084    0.0000000198   -0.0000000084   -0.0000000178   -0.0000000029    0.0000000110   -0.0000000021   -0.0013445499    0.0000000018    0.0000000186   -0.0000000043    0.0000000046   -0.0000000001   -0.0000000020   -0.0000000024   -0.0000000237    0.0028163773   -0.0000000012    0.0000000275   -0.0000000051   -0.0000000006    0.0000000153    0.0044827768   -0.0000000077   -0.0000000049   -0.0000000036    0.0000000047   -0.0000000050    0.0000000093   -0.0000385553    0.0000000033   -0.0000000060    0.0000000021   -0.0000000005    0.0000000026    0.0000000048   -0.0000000037   -0.0000000014    0.0000000076   -0.0000000112   -0.0000000024    0.0000000021   -0.0000000056   -0.0018316685    0.0000000318    0.0000000032    0.0000000011    0.0000000046   -0.0000000014    0.0000000032
  0.0000068851   -0.0000012092   -0.0000000065    0.0236107488    0.0000000020   -0.0000000944    0.0000000577    0.0000000753   -0.0000000002   -0.0000000496   -0.0000000659    0.0000000090   -0.0000000308   -0.0000000017    0.0338985428   -0.0000000792    0.0000000129    0.0000003282    0.0000000027   -0.0000000461   -0.0000000637    0.0000001639   -0.0000000056    0.0000000163    0.0092060721   -0.0000000160   -0.0000000307    0.0000000027    0.0000000670   -0.0000000077    0.0000000017    0.0000000183    0.0000000226   -0.0000000218   -0.0000000005    0.0000000042    0.0009896876    0.0000000221    0.0000000159    0.0000000056   -0.0000000121    0.0000000057    0.0000000005   -0.0000000040    0.0000001096    0.0035810137   -0.0000000348    0.0000000027    0.0000000520   -0.0000000044    0.0000000014   -0.0044132156   -0.0000000543   -0.0000000211    0.0000000051    0.0000000002    0.0000000041    0.0000000018    0.0001719970    0.0000000278   -0.0000000025   -0.0000000048   -0.0000000015   -0.0000000009   -0.0000000034   -0.0000000050    0.0000000084    0.0000000040    0.0000000032   -0.0000000035    0.0000000006   -0.0000000020    0.0019165307    0.0000000183   -0.0000000025    0.0000000081    0.0000000062    0.0000000013   -0.0000000030    0.0000000004
  0.0000123304    0.0412395206    0.0000000205    0.0000000022    0.0000002576    0.0000001370   -0.0000001145   -0.0147095918    0.0000000059    0.0000000123   -0.0000001593    0.0036235994    0.0000000220   -0.0000000048    0.0000001115   -0.0000000352   -0.0000000626   -0.0000001253    0.0000000249    0.0000002208   -0.0111901698   -0.0000000168    0.0000000054   -0.0000000535    0.0000000241   -0.0000000025   -0.0030575298    0.0000000056   -0.0000000255    0.0000000135    0.0000000407    0.0028583826    0.0000000290   -0.0017276109   -0.0000000074    0.0000000008   -0.0000000083    0.0000000072   -0.0000000032    0.0000000090    0.0000000075   -0.0000000012   -0.0000000048    0.0000000045    0.0000000078   -0.0000000001    0.0000000026   -0.0000000020    0.0000000501    0.0000000024   -0.0004302944   -0.0000000044    0.0000000101   -0.0006628726   -0.0000000050    0.0000000030    0.0000000155    0.0000000200   -0.0000000034   -0.0000000008   -0.0000000174    0.0002365367    0.0000000047   -0.0000000047   -0.0000000148    0.0000000268   -0.0000000036   -0.0000000019    0.0000000025   -0.0003489876   -0.0000000112   -0.0000000097   -0.0000000020    0.0000000053   -0.0000000003    0.0002998322    0.0000000092    0.0000074946    0.0000000071    0.0000000014
  0.9964000206   -0.0000048661   -0.0000003966    0.0000004253   -0.0000002236    0.0199088756    0.0000001634    0.0000000129   -0.0000000576   -0.0000000088   -0.0107420679    0.0000000372    0.0000001051   -0.0000000298   -0.0000000433   -0.0000000108   -0.0000000567    0.0000001612    0.0000002994    0.0344879478   -0.0000001109   -0.0029646459    0.0000000616   -0.0080152218    0.0000000513   -0.0000000488   -0.0000000049   -0.0000000026   -0.0000000051   -0.0000000018    0.0000000009    0.0000000357   -0.0021850770   -0.0000000434    0.0000000064    0.0000000050    0.0000000024    0.0000000101   -0.0000000096   -0.0000000002   -0.0000000195    0.0000000171   -0.0000000055    0.0000000025    0.0000000125    0.0000000182    0.0000000146   -0.0000000029    0.0003913433   -0.0010086846    0.0000000113   -0.0000000027    0.0000000014   -0.0000000609    0.0000000048   -0.0000000142   -0.0000000301   -0.0000000292   -0.0000000018    0.0000000047   -0.0004376676   -0.0000000135    0.0000000024   -0.0000000054    0.0000000494   -0.0000000273   -0.0000000010   -0.0000000029   -0.0006684099   -0.0000000201    0.0000000083    0.0000000082    0.0000000021   -0.0000000057   -0.0004249049    0.0000000022   -0.0000514512   -0.0000000159    0.0000000033    0.0000000061

# Root 2  E=0.3031151662 Ha  8.248188 eV
  0.0000000000    0.0000000000    0.0000000000    0.0000000000    0.0000000000    0.0000000000    0.0000000000    0.0000000000    0.0000000000    0.0000000000    0.0000000000    0.0000000000    0.0000000000    0.0000000000    0.0000000000    0.0000000000    0.0000000000    0.0000000000    0.0000000000    0.0000000000    0.0000000000    0.0000000000    0.0000000000    0.0000000000    0.0000000000    0.0000000000    0.0000000000    0.0000000000    0.0000000000    0.0000000000    0.0000000000    0.0000000000    0.0000000000    0.0000000000    0.0000000000    0.0000000000    0.0000000000    0.0000000000    0.0000000000    0.0000000000    0.0000000000    0.0000000000    0.0000000000    0.0000000000    0.0000000000    0.0000000000    0.0000000000    0.0000000000    0.0000000000    0.0000000000    0.0000000000    0.0000000000    0.0000000000    0.0000000000    0.0000000000    0.0000000000    0.0000000000    0.0000000000    0.0000000000    0.0000000000    0.0000000000    0.0000000000    0.0000000000    0.0000000000    0.0000000000    0.0000000000    0.0000000000    0.0000000000    0.0000000000    0.0000000000    0.0000000000    0.0000000000    0.0000000000    0.0000000000    0.0000000000    0.0000000000    0.0000000000    0.0000000000    0.0000000000    0.0000000000
  0.0000000000    0.0000000000    0.0000000000    0.0000000000    0.0000000000    0.0000000000    0.0000000000    0.0000000000    0.0000000000    0.0000000000    0.0000000000    0.0000000000    0.0000000000    0.0000000000    0.0000000000    0.0000000000    0.0000000000    0.0000000000    0.0000000000    0.0000000000    0.0000000000    0.0000000000    0.0000000000    0.0000000000    0.0000000000    0.0000000000    0.0000000000    0.0000000000    0.0000000000    0.0000000000    0.0000000000    0.0000000000    0.0000000000    0.0000000000    0.0000000000    0.0000000000    0.0000000000    0.0000000000    0.0000000000    0.0000000000    0.0000000000    0.0000000000    0.0000000000    0.0000000000    0.0000000000    0.0000000000    0.0000000000    0.0000000000    0.0000000000    0.0000000000    0.0000000000    0.0000000000    0.0000000000    0.0000000000    0.0000000000    0.0000000000    0.0000000000    0.0000000000    0.0000000000    0.0000000000    0.0000000000    0.0000000000    0.0000000000    0.0000000000    0.0000000000    0.0000000000    0.0000000000    0.0000000000    0.0000000000    0.0000000000    0.0000000000    0.0000000000    0.0000000000    0.0000000000    0.0000000000    0.0000000000    0.0000000000    0.0000000000    0.0000000000    0.0000000000
  0.0000000000    0.0000000000    0.0000000000    0.0000000000    0.0000000000    0.0000000000    0.0000000000    0.0000000000    0.0000000000    0.0000000000    0.0000000000    0.0000000000    0.0000000000    0.0000000000    0.0000000000    0.0000000000    0.0000000000    0.0000000000    0.0000000000    0.0000000000    0.0000000000    0.0000000000    0.0000000000    0.0000000000    0.0000000000    0.0000000000    0.0000000000    0.0000000000    0.0000000000    0.0000000000    0.0000000000    0.0000000000    0.0000000000    0.0000000000    0.0000000000    0.0000000000    0.0000000000    0.0000000000    0.0000000000    0.0000000000    0.0000000000    0.0000000000    0.0000000000    0.0000000000    0.0000000000    0.0000000000    0.0000000000    0.0000000000    0.0000000000    0.0000000000    0.0000000000    0.0000000000    0.0000000000    0.0000000000    0.0000000000    0.0000000000    0.0000000000    0.0000000000    0.0000000000    0.0000000000    0.0000000000    0.0000000000    0.0000000000    0.0000000000    0.0000000000    0.0000000000    0.0000000000    0.0000000000    0.0000000000    0.0000000000    0.0000000000    0.0000000000    0.0000000000    0.0000000000    0.0000000000    0.0000000000    0.0000000000    0.0000000000    0.0000000000    0.0000000000
  0.0000000000    0.0000000000    0.0000000000    0.0000000000    0.0000000000    0.0000000000    0.0000000000    0.0000000000    0.0000000000    0.0000000000    0.0000000000    0.0000000000    0.0000000000    0.0000000000    0.0000000000    0.0000000000    0.0000000000    0.0000000000    0.0000000000    0.0000000000    0.0000000000    0.0000000000    0.0000000000    0.0000000000    0.0000000000    0.0000000000    0.0000000000    0.0000000000    0.0000000000    0.0000000000    0.0000000000    0.0000000000    0.0000000000    0.0000000000    0.0000000000    0.0000000000    0.0000000000    0.0000000000    0.0000000000    0.0000000000    0.0000000000    0.0000000000    0.0000000000    0.0000000000    0.0000000000    0.0000000000    0.0000000000    0.0000000000    0.0000000000    0.0000000000    0.0000000000    0.0000000000    0.0000000000    0.0000000000    0.0000000000    0.0000000000    0.0000000000    0.0000000000    0.0000000000    0.0000000000    0.0000000000    0.0000000000    0.0000000000    0.0000000000    0.0000000000    0.0000000000    0.0000000000    0.0000000000    0.0000000000    0.0000000000    0.0000000000    0.0000000000    0.0000000000    0.0000000000    0.0000000000    0.0000000000    0.0000000000    0.0000000000    0.0000000000    0.0000000000
 -0.0156857687    0.0000001023   -0.0000000093   -0.0000000092    0.0000000025   -0.0059669523   -0.0000000114   -0.0000003117   -0.0000000050    0.0000000021   -0.0030636062    0.0000001864    0.0000000255    0.0000000004   -0.0000000208   -0.0000000025    0.0000000089   -0.0000000210   -0.0000000171   -0.0013557626   -0.0000000270   -0.0008933753    0.0000000116    0.0039163281   -0.0000000227    0.0000000113    0.0000001846   -0.0000000041   -0.0000000014   -0.0000000002    0.0000000017   -0.0000001101    0.0050752692   -0.0000001557   -0.0000000006   -0.0000000004   -0.0000001559    0.0000001241   -0.0000000039   -0.0000000004    0.0000000177   -0.0000000066   -0.0000000006    0.0000000009    0.0000000064   -0.0000000003    0.0000000019    0.0000000018   -0.0004123783   -0.0004476938   -0.0000000242    0.0000000026    0.0000000023    0.0000000144    0.0000000007   -0.0000000002    0.0000000055   -0.0000000001    0.0000000589   -0.0000000506    0.0003905829   -0.0000000166   -0.0000000007   -0.0000000000   -0.0000000099    0.0000000065    0.0000000017   -0.0000000000    0.0001903659   -0.0000000006   -0.0000000085   -0.0000000011   -0.0000000009    0.0000000070    0.0004301001   -0.0000000267   -0.0002003043    0.0000000090    0.0000000009    0.0000000007
 -0.0000008879   -0.0155913723    0.0000000084    0.0000000093   -0.0000000065   -0.0000003481   -0.0000000140   -0.0058615094   -0.0000000015    0.0000000036   -0.0000001738    0.0048581962   -0.0000000037    0.0000000065    0.0000000087    0.0000000125    0.0000000083   -0.0000000078    0.0000000061   -0.0000000461   -0.0030695089   -0.0000000343    0.0000000041    0.0000002055    0.0000000001    0.0000000053    0.0040591321    0.0000000007    0.0000000019    0.0000000039   -0.0000000182   -0.0034302681    0.0000002213   -0.0023011096   -0.0000000008   -0.0000000004   -0.0000001191    0.0000001516   -0.0000000014    0.0000000010   -0.0000000037   -0.0000000215    0.0000000011   -0.0000000003    0.0000000023   -0.0000000025    0.0000000014    0.0000000064   -0.0000000030   -0.0000000221   -0.0008021569    0.0000000006    0.0000000022    0.0001475759    0.0000000017   -0.0000000025    0.0000000085    0.0000000010    0.0000000535   -0.0000000610    0.0000000168   -0.0001764280   -0.0000000013   -0.0000000002   -0.0000000061    0.0000000097    0.0000000002   -0.0000000008    0.0000000044   -0.0000763875   -0.0000000007   -0.0000000099    0.0000000019   -0.0000000021    0.0000000230   -0.0002508295   -0.0000000017    0.0002191439   -0.0000000003   -0.0000000006
 -0.0000000457   -0.0000000846    0.0141851686   -0.0000000009    0.0000007047   -0.0000000120    0.0000000003   -0.0000000358    0.0000000002   -0.0000000096   -0.0000000164   -0.0000000033   -0.0031197120    0.0018761648    0.0000000087    0.0000000310    0.0000000580    0.0000000014    0.0015811283   -0.0000000284    0.0000000059    0.0000000022   -0.0029600040   -0.0000000054   -0.0000000035    0.0000001515    0.0000000020    0.0000000129   -0.0000000000   -0.0000000052   -0.0000001375    0.0000000059    0.0000000186    0.0000000003    0.0000000031    0.0000000045   -0.0000000066   -0.0000000010   -0.0000000733    0.0000000617   -0.0002514907   -0.0000000176   -0.0000000041   -0.0000000049   -0.0003340172    0.0000000106    0.0000000000    0.0000000102    0.0000000227    0.0000000102   -0.0000000031   -0.0000000020    0.0000000014    0.0000000061    0.0003286372    0.0000000116   -0.0001130723   -0.0000000044   -0.0000000002   -0.0000000005   -0.0000000003   -0.0000000040   -0.0000000021    0.0000000026    0.0000181589    0.0000000020   -0.0000000161   -0.0000000141    0.0000000028    0.0000000006    0.0002480694   -0.0000000054   -0.0000000009   -0.0000000002   -0.0000000015   -0.0000000002    0.0000000118    0.0000000037   -0.0000000011   -0.0000000006
  0.0000001697   -0.0000000976    0.0000006581   -0.0000000015    0.0132188938   -0.0000000291   -0.0000000030   -0.0000000326   -0.0000000308    0.0000000291   -0.0000000026    0.0000000045   -0.0000001492   -0.0000000259    0.0000000136    0.0028961297    0.0008767727   -0.0000000017    0.0000000315    0.0000000161   -0.0000000222    0.0000000161   -0.0000001607    0.0000000058    0.0000000054    0.0027029972   -0.0000000001   -0.0000000029   -0.0000000034    0.0000000090   -0.0005199694    0.0000000051    0.0000000002    0.0000000169   -0.0000000123   -0.0000000026   -0.0000000043    0.0000000092   -0.0000000483    0.0000000873    0.0000000113   -0.0007767006   -0.0000000100   -0.0000000033   -0.0000000020    0.0000000020    0.0000000001    0.0002920960    0.0000000185   -0.0000000002   -0.0000000092    0.0000000003    0.0000000005    0.0000000176    0.0000000085    0.0004390301    0.0000000122    0.0001131534   -0.0000000013    0.0000000012   -0.0000000040    0.0000000094   -0.0000000018    0.0000000014   -0.0000000039    0.0000246094   -0.0000000133   -0.0000000175   -0.0000000040    0.0000000079    0.0000000020   -0.0002678980   -0.0000000019   -0.0000000000   -0.0000000034   -0.0000000031    0.0000000047    0.0000000121   -0.0000000016    0.0000000017
  0.0000012874   -0.0000000422    0.0000000410    0.0000000059   -0.0000001350   -0.0000000011   -0.0000000268    0.0000000123    0.0111970155    0.0000006101    0.0000000198   -0.0000000324   -0.0000001179    0.0000000157    0.0000000124   -0.0000000811   -0.0000001154   -0.0000000022   -0.0000002038   -0.0000000055    0.0000000118    0.0000000355   -0.0000000058   -0.0000000109    0.0000000029   -0.0000000527   -0.0000000087    0.0030829206    0.0000000029    0.0000001962   -0.0000000899    0.0000000172   -0.0000000155    0.0000000074    0.0005625864   -0.0000000345   -0.0000000077    0.0000000173    0.0002344225    0.0000000418   -0.0000001834   -0.0000001701   -0.0010334420    0.0000000290    0.0000000061    0.0000000025   -0.0000000000   -0.0000000029    0.0000000066   -0.0000000019   -0.0000000003   -0.0000000010    0.0000000007   -0.0000000022   -0.0000000076    0.0000000359    0.0000001801   -0.0000001333    0.0000000017   -0.0000000034   -0.0000000010    0.0000000004   -0.0001385521   -0.0000000001   -0.0000000021   -0.0000000008    0.0002805772   -0.0000000348   -0.0000000002   -0.0000000002    0.0000000011    0.0000000017    0.0000000006    0.0000000002   -0.0000000001   -0.0000000004   -0.0000000008   -0.0000000007   -0.0003241767   -0.0000000145
 -0.0000001286   -0.0000005708   -0.0000001128   -0.0000000420    0.0000000100   -0.0000000146   -0.0000000098   -0.0000000264    0.0000006541    0.0103153403   -0.0000000179    0.0000000117   -0.0000000721   -0.0000000030    0.0000000132   -0.0000000656   -0.0000001561   -0.0000000204   -0.0000001588    0.0000000013   -0.0000000438    0.0000000054    0.0000000120    0.0000000056   -0.0000000148   -0.0000000502   -0.0000000061    0.0000002224   -0.0000000005    0.0027767033   -0.0000001395    0.0000000019    0.0000000158   -0.0000000075    0.0000000399   -0.0006915658   -0.0000000139    0.0000000127   -0.0000000037   -0.0003931681   -0.0000001744   -0.0000001953   -0.0000000257    0.0010024009    0.0000000112    0.0000000012    0.0000000015    0.0000000009   -0.0000000009   -0.0000000006   -0.0000000024    0.0000000002    0.0000000012   -0.0000000057   -0.0000000097    0.0000000437    0.0000001539   -0.0000001608    0.0000000031   -0.0000000027    0.0000000007    0.0000000002    0.0000000037    0.0001243764   -0.0000000029    0.0000000012    0.0000000218    0.0002402989    0.0000000001   -0.0000000015    0.0000000002    0.0000000016   -0.0000000010   -0.0000000005    0.0000000001    0.0000000008    0.0000000003   -0.0000000006   -0.0000000151   -0.0003341645
 -0.0225362403    0.0000020354    0.0000000284    0.0000000586   -0.0000000138   -0.0008822543   -0.0000000964    0.0000001034   -0.0000000029   -0.0000000103   -0.0210266878    0.0000007391    0.0000000429    0.0000000193   -0.0000000398    0.0000000182    0.0000000152   -0.0000000347    0.0000000212    0.0041534453   -0.0000000792    0.0018850207    0.0000000195    0.0019306310   -0.0000000119    0.0000000002    0.0000002161   -0.0000000026    0.0000000003   -0.0000000046   -0.0000000054   -0.0000004757    0.0111615194   -0.0000002178   -0.0000000019   -0.0000000032    0.0000000528   -0.0000000383   -0.0000000014   -0.0000000021   -0.0000000161   -0.0000000311   -0.0000000029   -0.0000000019    0.0000000047   -0.0000000021    0.0000000044    0.0000000019   -0.0000628730   -0.0005968643   -0.0000000282    0.0000000009    0.0000000079    0.0000000290    0.0000000095   -0.0000000075    0.0000000018   -0.0000000095    0.0000000859   -0.0000000690    0.0002861468   -0.0000000254    0.0000000002   -0.0000000006    0.0000000045    0.0000000024    0.0000000031   -0.0000000004    0.0002787075   -0.0000000119   -0.0000000001   -0.0000000031   -0.0000000002    0.0000000038    0.0002904850   -0.0000000232   -0.0000387852    0.0000000082    0.0000000001    0.0000000002
  0.0000043151   -0.0213823261    0.0000000119    0.0000000778   -0.0000000394   -0.0000003138   -0.0000000665    0.0043898790   -0.0000000104    0.0000000024    0.0000007696   -0.0204361910   -0.0000000194   -0.0000000276    0.0000000091   -0.0000000117   -0.0000000246    0.0000000065    0.0000000039   -0.0000003569    0.0045806539    0.0000000851   -0.0000000107   -0.0000000446    0.0000000196   -0.0000000197   -0.0045553573   -0.0000000017    0.0000000182    0.0000000022    0.0000000161    0.0087325897   -0.0000004916    0.0058365741    0.0000000011    0.0000000064   -0.0000000398    0.0000000593    0.0000000040    0.0000000068    0.0000000067    0.0000000124   -0.0000000020    0.0000000017    0.0000000030   -0.0000000040   -0.0000000018   -0.0000000002    0.0000000282    0.0000000335    0.0005461004    0.0000000039   -0.0000000028   -0.0003107394   -0.0000000075    0.0000000045   -0.0000000021    0.0000000021   -0.0000000700    0.0000000861   -0.0000000190    0.0001662445   -0.0000000004    0.0000000002    0.0000000060   -0.0000000043   -0.0000000008   -0.0000000011   -0.0000000097    0.0002610917   -0.0000000012   -0.0000000036    0.0000000001    0.0000000028   -0.0000000147    0.0002634893    0.0000000098   -0.0000545387    0.0000000013   -0.0000000002
 -0.0000284632    0.0000152681    0.0000000117   -0.0074930787    0.0000000051    0.0000010335    0.0000002584   -0.0000010323   -0.0000000164   -0.0000000370   -0.0000000038   -0.0000000975    0.0000000117    0.0000000058    0.0163572849   -0.0000000312    0.0000000122   -0.0000005748    0.0000000095    0.0000006731    0.0000005127   -0.0000008674    0.0000000063    0.0000000718    0.0018884565   -0.0000000056    0.0000002539   -0.0000000045   -0.0000001772   -0.0000000157   -0.0000000022   -0.0000001936    0.0000000302    0.0000001628   -0.0000000031   -0.0000000040   -0.0004135582   -0.0000000392    0.0000000088   -0.0000000177    0.0000000079    0.0000000001   -0.0000000013   -0.0000000033    0.0000000528    0.0017436141    0.0000000505    0.0000000026   -0.0000001627    0.0000000213    0.0000000073   -0.0016570545    0.0000000777    0.0000001022    0.0000000021   -0.0000000016   -0.0000000096   -0.0000000004   -0.0003572463   -0.0000000685    0.0000000002    0.0000000191   -0.0000000019   -0.0000000000    0.0000000008   -0.0000000015    0.0000000012   -0.0000000028   -0.0000000406    0.0000000285    0.0000000004   -0.0000000007    0.0005941012   -0.0000000324    0.0000000035    0.0000000035    0.0000000003    0.0000000039   -0.0000000013   -0.0000000001
 -0.0000255693    0.0000178997    0.0000000014    0.0000004688   -0.0000000252    0.0000007029   -0.0088669073   -0.0000009712   -0.0000000457    0.0000000021    0.0000001098   -0.0000000331    0.0000000015   -0.0000000022    0.0000005749    0.0000000038    0.0000000056   -0.0150376852   -0.0000000074    0.0000006211    0.0000006223   -0.0000007444   -0.0000000014    0.0000000859    0.0000001450    0.0000000009    0.0000002728   -0.0000000040   -0.0021219111    0.0000000051    0.0000000034   -0.0000002333    0.0000000078    0.0000002015   -0.0000000057   -0.0000000050    0.0000000310    0.0002207593    0.0000000147   -0.0000000117    0.0000000013    0.0000000007    0.0000000013   -0.0000000007   -0.0000000003    0.0000000596    0.0014504614   -0.0000000023   -0.0000001371    0.0000000127    0.0000000146   -0.0000000707    0.0017128553    0.0000001327   -0.0000000007   -0.0000000018   -0.0000000005    0.0000000060   -0.0000000539    0.0003866003    0.0000000003    0.0000000236    0.0000000001   -0.0000000007   -0.0000000009    0.0000000003   -0.0000000015   -0.0000000033   -0.0000000303    0.0000000349   -0.0000000002    0.0000000019    0.0000000299   -0.0005875970    0.0000000120    0.0000000041   -0.0000000018    0.0000000027   -0.0000000004    0.0000000003
 -0.8821327399    0.0000028221    0.0000002181    0.0000022001    0.0000001884   -0.0287251421    0.0000019026    0.0000002297   -0.0000000065    0.0000000103    0.0114409096    0.0000000609   -0.0000000593    0.0000000201   -0.0000004152    0.0000000302    0.0000000911    0.0000001777   -0.0000002021   -0.0249264385   -0.0000000218   -0.0062489653   -0.0000000163    0.0067376921    0.0000000541    0.0000000097   -0.0000000741    0.0000000040   -0.0000000941    0.0000000019   -0.0000000353    0.0000000606    0.0011506680   -0.0000000752    0.0000000022    0.0000000033   -0.0000000037   -0.0000000231   -0.0000000028    0.0000000033    0.0000000172   -0.0000000074    0.0000000013   -0.0000000012   -0.0000000039    0.0000000474    0.0000000299   -0.0000000048   -0.0006331835    0.0013781527   -0.0000000035    0.0000000144   -0.0000000140    0.0000000138   -0.0000000068   -0.0000000077    0.0000000067    0.0000000078   -0.0000000001    0.0000000060    0.0006515467   -0.0000000004    0.0000000006    0.0000000014   -0.0000000142    0.0000000126    0.0000000010    0.0000000014    0.0005566531   -0.0000000016   -0.0000000040   -0.0000000022    0.0000000135   -0.0000000034    0.0004985622   -0.0000000054    0.0002111432    0.0000000027   -0.0000000018   -0.0000000028
  0.0000131693    0.4655977642   -0.0000007835   -0.0000037109   -0.0000001355   -0.0000000152   -0.0000025370    0.0386467323   -0.0000000054    0.0000000022   -0.0000001509   -0.0054281156    0.0000000915    0.0000000175    0.0000004297   -0.0000000214   -0.0000000386   -0.0000004473   -0.0000000012    0.0000006071    0.0153609513    0.0000000468    0.0000000221   -0.0000001059   -0.0000001382    0.0000000113    0.0000457856   -0.0000000080    0.0000000658   -0.0000000013   -0.0000000059   -0.0000238485   -0.0000000483   -0.0021608185    0.0000000021    0.0000000014   -0.0000000201   -0.0000000113   -0.0000000020    0.0000000022   -0.0000000230    0.0000000183    0.0000000047    0.0000000045   -0.0000000123   -0.0000000242   -0.0000000425    0.0000000063   -0.0000000098   -0.0000000267    0.0007203100   -0.0000000260    0.0000000250    0.0009756599    0.0000000133    0.0000000115    0.0000000018   -0.0000000025    0.0000000039    0.0000000011   -0.0000000024   -0.0002806383   -0.0000000025    0.0000000009    0.0000000042   -0.0000000125    0.0000000014    0.0000000004   -0.0000000169    0.0001900542    0.0000000082    0.0000000050   -0.0000000035    0.0000000031   -0.0000000100   -0.0005331820   -0.0000000042    0.0000240112   -0.0000000036   -0.0000000006

# Root 3  E=0.3056765251 Ha  8.317886 eV
  0.0000000000    0.0000000000    0.0000000000    0.0000000000    0.0000000000    0.0000000000    0.0000000000    0.0000000000    0.0000000000    0.0000000000    0.0000000000    0.0000000000    0.0000000000    0.0000000000    0.0000000000    0.0000000000    0.0000000000    0.0000000000    0.0000000000    0.0000000000    0.0000000000    0.0000000000    0.0000000000    0.0000000000    0.0000000000    0.0000000000    0.0000000000    0.0000000000    0.0000000000    0.0000000000    0.0000000000    0.0000000000    0.0000000000    0.0000000000    0.0000000000    0.0000000000    0.0000000000    0.0000000000    0.0000000000    0.0000000000    0.0000000000    0.0000000000    0.0000000000    0.0000000000    0.0000000000    0.0000000000    0.0000000000    0.0000000000    0.0000000000    0.0000000000    0.0000000000    0.0000000000    0.0000000000    0.0000000000    0.0000000000    0.0000000000    0.0000000000    0.0000000000    0.0000000000    0.0000000000    0.0000000000    0.0000000000    0.0000000000    0.0000000000    0.0000000000    0.0000000000    0.0000000000    0.0000000000    0.0000000000    0.0000000000    0.0000000000    0.0000000000    0.0000000000    0.0000000000    0.0000000000    0.0000000000    0.0000000000    0.0000000000    0.0000000000    0.0000000000
  0.0000000000    0.0000000000    0.0000000000    0.0000000000    0.0000000000    0.0000000000    0.0000000000    0.0000000000    0.0000000000    0.0000000000    0.0000000000    0.0000000000    0.0000000000    0.0000000000    0.0000000000    0.0000000000    0.0000000000    0.0000000000    0.0000000000    0.0000000000    0.0000000000    0.0000000000    0.0000000000    0.0000000000    0.0000000000    0.0000000000    0.0000000000    0.0000000000    0.0000000000    0.0000000000    0.0000000000    0.0000000000    0.0000000000    0.0000000000    0.0000000000    0.0000000000    0.0000000000    0.0000000000    0.0000000000    0.0000000000    0.0000000000    0.0000000000    0.0000000000    0.0000000000    0.0000000000    0.0000000000    0.0000000000    0.0000000000    0.0000000000    0.0000000000    0.0000000000    0.0000000000    0.0000000000    0.0000000000    0.0000000000    0.0000000000    0.0000000000    0.0000000000    0.0000000000    0.0000000000    0.0000000000    0.0000000000    0.0000000000    0.0000000000    0.0000000000    0.0000000000    0.0000000000    0.0000000000    0.0000000000    0.0000000000    0.0000000000    0.0000000000    0.0000000000    0.0000000000    0.0000000000    0.0000000000    0.0000000000    0.0000000000    0.0000000000    0.0000000000
  0.0000000000    0.0000000000    0.0000000000    0.0000000000    0.0000000000    0.0000000000    0.0000000000    0.0000000000    0.0000000000    0.0000000000    0.0000000000    0.0000000000    0.0000000000    0.0000000000    0.0000000000    0.0000000000    0.0000000000    0.0000000000    0.0000000000    0.0000000000    0.0000000000    0.0000000000    0.0000000000    0.0000000000    0.0000000000    0.0000000000    0.0000000000    0.0000000000    0.0000000000    0.0000000000    0.0000000000    0.0000000000    0.0000000000    0.0000000000    0.0000000000    0.0000000000    0.0000000000    0.0000000000    0.0000000000    0.0000000000    0.0000000000    0.0000000000    0.0000000000    0.0000000000    0.0000000000    0.0000000000    0.0000000000    0.0000000000    0.0000000000    0.0000000000    0.0000000000    0.0000000000    0.0000000000    0.0000000000    0.0000000000    0.0000000000    0.0000000000    0.0000000000    0.0000000000    0.0000000000    0.0000000000    0.0000000000    0.0000000000    0.0000000000    0.0000000000    0.0000000000    0.0000000000    0.0000000000    0.0000000000    0.0000000000    0.0000000000    0.0000000000    0.0000000000    0.0000000000    0.0000000000    0.0000000000    0.0000000000    0.0000000000    0.0000000000    0.0000000000
  0.0000000000    0.0000000000    0.0000000000    0.0000000000    0.0000000000    0.0000000000    0.0000000000    0.0000000000    0.0000000000    0.0000000000    0.0000000000    0.0000000000    0.0000000000    0.0000000000    0.0000000000    0.0000000000    0.0000000000    0.0000000000    0.0000000000    0.0000000000    0.0000000000    0.0000000000    0.0000000000    0.0000000000    0.0000000000    0.0000000000    0.0000000000    0.0000000000    0.0000000000    0.0000000000    0.0000000000    0.0000000000    0.0000000000    0.0000000000    0.0000000000    0.0000000000    0.0000000000    0.0000000000    0.0000000000    0.0000000000    0.0000000000    0.0000000000    0.0000000000    0.0000000000    0.0000000000    0.0000000000    0.0000000000    0.0000000000    0.0000000000    0.0000000000    0.0000000000    0.0000000000    0.0000000000    0.0000000000    0.0000000000    0.0000000000    0.0000000000    0.0000000000    0.0000000000    0.0000000000    0.0000000000    0.0000000000    0.0000000000    0.0000000000    0.0000000000    0.0000000000    0.0000000000    0.0000000000    0.0000000000    0.0000000000    0.0000000000    0.0000000000    0.0000000000    0.0000000000    0.0000000000    0.0000000000    0.0000000000    0.0000000000    0.0000000000    0.0000000000
 -0.0000001196   -0.0000000713   -0.0000000043   -0.0000000071   -0.0000000004    0.0000002599   -0.0003281706   -0.0000002773   -0.0000000032   -0.0000000169    0.0000001305    0.0000001783   -0.0000000007    0.0000000019    0.0000000726    0.0000000070   -0.0000000062   -0.0003565248   -0.0000000076    0.0000000628   -0.0000000844   -0.0000000177    0.0000000003   -0.0000001347    0.0000000309    0.0000000010    0.0000001519    0.0000000002   -0.0000285809   -0.0000000035   -0.0000000023   -0.0000000826   -0.0000001861   -0.0000001390    0.0000000000    0.0000000074    0.0000005343    0.0037682289   -0.0000000024    0.0000000065   -0.0000000043    0.0000000172   -0.0000000009    0.0000000040   -0.0000000005   -0.0000000025    0.0000319630    0.0000000006    0.0000000166    0.0000000189   -0.0000000221   -0.0000000075    0.0000597251    0.0000000168    0.0000000005    0.0000000013   -0.0000000012    0.0000000041    0.0000000588   -0.0016134613   -0.0000000134   -0.0000000094    0.0000000002    0.0000000002    0.0000000001    0.0000000003    0.0000000009    0.0000000005   -0.0000000050   -0.0000000000    0.0000000011   -0.0000000010   -0.0000000025   -0.0000284750   -0.0000000152   -0.0000000197    0.0000000078    0.0000000050   -0.0000000004    0.0000000003
 -0.0000003285    0.0000002012    0.0000000034    0.0004790830    0.0000000021   -0.0000003060    0.0000000925    0.0000002401    0.0000000041   -0.0000000006   -0.0000001470   -0.0000001713   -0.0000000090   -0.0000000023    0.0003928895   -0.0000000004    0.0000000051    0.0000000056    0.0000000014   -0.0000000509    0.0000000909   -0.0000000208   -0.0000000007    0.0000001719    0.0000795358    0.0000000009   -0.0000001499    0.0000000043   -0.0000000279   -0.0000000023   -0.0000000020    0.0000001219    0.0000001994    0.0000000932    0.0000000039   -0.0000000005   -0.0037368725   -0.0000005743    0.0000000118   -0.0000000007   -0.0000000174    0.0000000104    0.0000000020   -0.0000000005   -0.0000000004   -0.0000695609   -0.0000000025   -0.0000000002    0.0000000023   -0.0000000194    0.0000000278    0.0000200549   -0.0000000033   -0.0000000049   -0.0000000019   -0.0000000004    0.0000000039   -0.0000000003    0.0016636574    0.0000005056    0.0000000194    0.0000000080    0.0000000003    0.0000000002    0.0000000001   -0.0000000001   -0.0000000013   -0.0000000014   -0.0000000006    0.0000000008   -0.0000000011    0.0000000009    0.0000184785    0.0000000011    0.0000000244    0.0000000115   -0.0000000043   -0.0000000071   -0.0000000002    0.0000000003
  0.0000001661    0.0000002605   -0.0000005471    0.0000000639    0.0000005710   -0.0000000082    0.0000000349   -0.0000000248   -0.0000000159   -0.0000605879   -0.0000000060   -0.0000000033    0.0000001217   -0.0000000582   -0.0000000075    0.0000000287    0.0000000747    0.0000000029   -0.0000000661    0.0000000004    0.0000000143    0.0000000095    0.0000001108   -0.0000000016    0.0000000058    0.0000001266    0.0000000060   -0.0000000359   -0.0000000043   -0.0001387668   -0.0000001027   -0.0000000022    0.0000000000    0.0000000016   -0.0000000136    0.0000229917    0.0000000099   -0.0000000077    0.0000002056    0.0017620675    0.0000000193   -0.0000000043    0.0000000124   -0.0000931213    0.0000000128   -0.0000000005    0.0000000004    0.0000000036   -0.0000000021   -0.0000000004   -0.0000000000    0.0000000009   -0.0000000005    0.0000000012   -0.0000000108    0.0000000075    0.0000000048    0.0000000060   -0.0000000023   -0.0000000001   -0.0000000003   -0.0000000008    0.0000000046    0.0000634575    0.0000000013   -0.0000000019    0.0000000066   -0.0004328762   -0.0000000004   -0.0000000007   -0.0000000082   -0.0000000021   -0.0000000000   -0.0000000004    0.0000000000   -0.0000000003   -0.0000000003    0.0000000007    0.0000000027   -0.0000130255
  0.0000000168    0.0000003239    0.0000006411    0.0000000853   -0.0000005057   -0.0000000121   -0.0000000103   -0.0000000235   -0.0014332249   -0.0000001022   -0.0000000047   -0.0000000011   -0.0000001235   -0.0000000157   -0.0000000041   -0.0000001125   -0.0000000450   -0.0000000034    0.0000000514   -0.0000000028    0.0000000073    0.0000000042   -0.0000001634    0.0000000009    0.0000000045   -0.0000001046    0.0000000037   -0.0001752988    0.0000000012   -0.0000000300    0.0000000121   -0.0000000048   -0.0000000006    0.0000000035   -0.0004179677    0.0000000138    0.0000000111   -0.0000000073   -0.0014755653   -0.0000003602    0.0000000110    0.0000000170   -0.0002152432    0.0000000204   -0.0000000046   -0.0000000003   -0.0000000001   -0.0000000097    0.0000000004    0.0000000003    0.0000000001    0.0000000009    0.0000000008   -0.0000000012    0.0000000089   -0.0000000136    0.0000000024   -0.0000000122   -0.0000000007   -0.0000000039   -0.0000000002    0.0000000010   -0.0000810790   -0.0000000028    0.0000000034   -0.0000000034   -0.0004517112    0.0000001178    0.0000000010   -0.0000000003    0.0000000013    0.0000000092   -0.0000000009   -0.0000000001   -0.0000000008    0.0000000003    0.0000000007   -0.0000000006   -0.0000398124   -0.0000000009
 -0.0000013696    0.0000015425   -0.0000002995    0.0000000001   -0.0037043712    0.0000000410   -0.0000000725   -0.0000001068   -0.0000004171    0.0000005278   -0.0000000028   -0.0000000203    0.0000005173   -0.0000000072    0.0000000003   -0.0024637221   -0.0035217235    0.0000000025    0.0000007680    0.0000000203    0.0000000945   -0.0000000211    0.0000000189    0.0000000019   -0.0000000043   -0.0016870505    0.0000000337   -0.0000001174    0.0000000069    0.0000001846   -0.0027714080   -0.0000000057   -0.0000000025    0.0000000069   -0.0000000147   -0.0000000364   -0.0000000020   -0.0000000075   -0.0000000326    0.0000000207    0.0000006651   -0.0054409416    0.0000000367    0.0000000220   -0.0000000245    0.0000000002    0.0000000003   -0.0000839723   -0.0000000036   -0.0000000010    0.0000000032    0.0000000006    0.0000000002    0.0000000053    0.0000000388    0.0011246225   -0.0000006527   -0.0041539216   -0.0000000033    0.0000000010   -0.0000000009   -0.0000000007    0.0000000035   -0.0000000017    0.0000000082   -0.0000370098   -0.0000000091   -0.0000000006   -0.0000000021    0.0000000003   -0.0000000005    0.0000410142   -0.0000000001    0.0000000002   -0.0000000004   -0.0000000021   -0.0000000009   -0.0000000006    0.0000000120   -0.0000000132
 -0.0000019038    0.0000009870   -0.0044041711    0.0000001341   -0.0000000784    0.0000000792    0.0000000131   -0.0000000727    0.0000006206   -0.0000003928   -0.0000000081   -0.0000000119   -0.0026534318   -0.0004945153   -0.0000000065    0.0000002289    0.0000005582    0.0000000045   -0.0053332521    0.0000001177    0.0000000694   -0.0000000337    0.0004968132   -0.0000000047    0.0000000074    0.0000001684    0.0000000264    0.0000001978   -0.0000000016   -0.0000001029    0.0000005013   -0.0000000161    0.0000000006    0.0000000089    0.0000000352    0.0000000276    0.0000000017   -0.0000000135   -0.0000000263    0.0000000166   -0.0054962865    0.0000007155   -0.0000000246   -0.0000000372    0.0003254259   -0.0000000095    0.0000000001   -0.0000000102   -0.0000000087   -0.0000000009    0.0000000037    0.0000000009    0.0000000000    0.0000000080   -0.0002933856   -0.0000001659    0.0048342474    0.0000005843    0.0000000020   -0.0000000041   -0.0000000009   -0.0000000003    0.0000000031   -0.0000000036   -0.0000937679   -0.0000000044    0.0000000010   -0.0000000111   -0.0000000025   -0.0000000011   -0.0000121407   -0.0000000025    0.0000000006   -0.0000000002   -0.0000000016   -0.0000000009   -0.0000000002   -0.0000000011   -0.0000000136    0.0000000120
 -0.0000047360   -0.0000030956    0.0000000251   -0.0000004413   -0.0000000015    0.0000002083   -0.0031552733    0.0000002987   -0.0000000061   -0.0000000040    0.0000008418    0.0000007025   -0.0000000140   -0.0000000053    0.0000000165    0.0000000107   -0.0000000047   -0.0009094641   -0.0000000056   -0.0000001018   -0.0000003020   -0.0000002694    0.0000000019   -0.0000000374   -0.0000000160    0.0000000014    0.0000001057    0.0000000062    0.0002729995   -0.0000000056   -0.0000000055   -0.0000003746   -0.0000004039   -0.0000002057    0.0000000022    0.0000000047   -0.0000001808   -0.0012449458   -0.0000000011    0.0000000023   -0.0000000093    0.0000000239    0.0000000007    0.0000000011   -0.0000000002   -0.0000000071    0.0000512066    0.0000000014   -0.0000000057    0.0000000300   -0.0000000303    0.0000000040    0.0002029765    0.0000000186   -0.0000000005    0.0000000012   -0.0000000058   -0.0000000011    0.0000000662   -0.0021847174   -0.0000000081   -0.0000000123    0.0000000016    0.0000000001    0.0000000002   -0.0000000000   -0.0000000042   -0.0000000015   -0.0000000048   -0.0000000011    0.0000000006   -0.0000000001    0.0000000018   -0.0000336784   -0.0000000074   -0.0000000150    0.0000000032    0.0000000087    0.0000000002    0.0000000009
  0.0000022777    0.0000020666   -0.0000000280    0.0031670438   -0.0000000078   -0.0000002992    0.0000001246   -0.0000001851   -0.0000000128    0.0000000037    0.0000006369    0.0000007305    0.0000000165    0.0000000085   -0.0006869089   -0.0000000038    0.0000000032    0.0000000128    0.0000000066   -0.0000001510   -0.0000001371   -0.0000000048   -0.0000000033   -0.0000000329    0.0003343484   -0.0000000005    0.0000001618   -0.0000000057   -0.0000000284    0.0000000059    0.0000000069   -0.0000003113   -0.0000004552   -0.0000002342   -0.0000000063   -0.0000000023   -0.0012154936   -0.0000002378    0.0000000038    0.0000000037    0.0000000146   -0.0000000154   -0.0000000006   -0.0000000010   -0.0000000056   -0.0001731030   -0.0000000030   -0.0000000008    0.0000000011    0.0000000249   -0.0000000188    0.0001770076    0.0000000026    0.0000000004    0.0000000020   -0.0000000011    0.0000000017    0.0000000045   -0.0021669596   -0.0000006896   -0.0000000225   -0.0000000107   -0.0000000004   -0.0000000015   -0.0000000001   -0.0000000004    0.0000000042    0.0000000002   -0.0000000021   -0.0000000037    0.0000000003   -0.0000000006   -0.0000189903    0.0000000004   -0.0000000214   -0.0000000142    0.0000000078    0.0000000015    0.0000000007    0.0000000001
  0.0001056051    0.5077651675    0.0000001086    0.0000001127    0.0000001382   -0.0000042111    0.0000003739   -0.0366083666   -0.0000000260   -0.0000000219   -0.0000001161   -0.0029831185   -0.0000000255    0.0000000036   -0.0000006067   -0.0000000038   -0.0000000249   -0.0000004896   -0.0000000394   -0.0000023482    0.0165061709    0.0000031431    0.0000000015   -0.0000002149   -0.0000000766    0.0000000199    0.0082760850    0.0000000016   -0.0000001603   -0.0000000018   -0.0000000409   -0.0062550239   -0.0000000705    0.0054906665   -0.0000000054    0.0000000066    0.0000000353   -0.0000000060    0.0000000160   -0.0000000032   -0.0000000107    0.0000000283   -0.0000000002    0.0000000029   -0.0000000014   -0.0000000603    0.0000000398    0.0000000003    0.0000005903   -0.0000000773    0.0002023049    0.0000000593    0.0000000655    0.0032669833    0.0000000089    0.0000000081    0.0000000080   -0.0000000031    0.0000000182    0.0000000002   -0.0000000065    0.0006631965    0.0000000026   -0.0000000001   -0.0000000003   -0.0000000003   -0.0000000011    0.0000000019    0.0000001274    0.0009135181    0.0000000004    0.0000000007   -0.0000000212   -0.0000000269   -0.0000000079    0.0000509180   -0.0000000010    0.0001156266   -0.0000000007   -0.0000000004
 -0.8410241810   -0.0000705479   -0.0000000391    0.0000000776   -0.0000000389    0.0243041624    0.0000003129    0.0000041687   -0.0000000225   -0.0000000045    0.0034662118    0.0000001381   -0.0000000602   -0.0000000300    0.0000005003   -0.0000000013   -0.0000000377    0.0000006307    0.0000001236    0.0173271888   -0.0000022704   -0.0233325004    0.0000000361    0.0027619209    0.0000001247   -0.0000000044   -0.0000010564   -0.0000000031    0.0000000890   -0.0000000041   -0.0000000042    0.0000009161    0.0005063322   -0.0000007789   -0.0000000008   -0.0000000001    0.0000000094   -0.0000000034    0.0000000204   -0.0000000014   -0.0000000197    0.0000000175    0.0000000010    0.0000000010   -0.0000000001    0.0000000552   -0.0000000513   -0.0000000013   -0.0042981533    0.0004663936   -0.0000000509   -0.0000000656   -0.0000000603   -0.0000004799   -0.0000000055   -0.0000000004    0.0000000141   -0.0000000073    0.0000000039   -0.0000000143    0.0000080684   -0.0000000870    0.0000000008   -0.0000000000    0.0000000015   -0.0000000009   -0.0000000029    0.0000000004   -0.0009143155   -0.0000001433   -0.0000000000   -0.0000000001    0.0000000286    0.0000000256    0.0001104578   -0.0000000078   -0.0000281561   -0.0000000106    0.0000000003    0.0000000002
  0.0000270855    0.0000079124    0.0000000511   -0.0000108128    0.0000000665    0.0000013027    0.0788824805   -0.0000003813    0.0000000759    0.0000000195   -0.0000003538   -0.0000000069    0.0000000113    0.0000000056    0.0000019391   -0.0000000006   -0.0000000050    0.0106800918    0.0000000008    0.0000007394   -0.0000000058    0.0000001478   -0.0000000087   -0.0000002192   -0.0000003612    0.0000000016   -0.0000000289    0.0000000087   -0.0039948289    0.0000000067   -0.0000000013    0.0000000364   -0.0000000397   -0.0000000242   -0.0000000064    0.0000000042    0.0000000290   -0.0006980858    0.0000000024    0.0000000084    0.0000000162   -0.0000000124    0.0000000003    0.0000000043   -0.0000000024   -0.0000001542    0.0008529945   -0.0000000009    0.0000000040   -0.0000000445   -0.0000000000   -0.0000000811   -0.0006652953    0.0000000074    0.0000000009    0.0000000024   -0.0000000023    0.0000000025   -0.0000000388    0.0002111877   -0.0000000165    0.0000000038    0.0000000004   -0.0000000011   -0.0000000014    0.0000000022   -0.0000000032    0.0000000020   -0.0000000197   -0.0000000038    0.0000000005    0.0000000021   -0.0000000395   -0.0002470835   -0.0000000113   -0.0000000014   -0.0000000080    0.0000000005   -0.0000000009    0.0000000001
  0.0000063685   -0.0000131133   -0.0000000715   -0.1591590485   -0.0000000079    0.0000003707    0.0000115497   -0.0000017854   -0.0000001356    0.0000000007   -0.0000000366    0.0000001755    0.0000000205    0.0000000183    0.0142539482   -0.0000000232    0.0000000052    0.0000015963   -0.0000000054    0.0000003390   -0.0000005249   -0.0000001905    0.0000000065   -0.0000000785   -0.0061329890    0.0000000103    0.0000000182   -0.0000000110   -0.0000003255   -0.0000000028   -0.0000000035    0.0000000000   -0.0000000285    0.0000000970    0.0000000087   -0.0000000058   -0.0006049769    0.0000000318   -0.0000000063   -0.0000000015   -0.0000000127    0.0000000160    0.0000000046   -0.0000000006   -0.0000000244   -0.0007004383    0.0000001547   -0.0000000017   -0.0000000159   -0.0000000043   -0.0000000256   -0.0007801038   -0.0000000735   -0.0000000239   -0.0000000026    0.0000000020    0.0000000003    0.0000000040    0.0001408697    0.0000000221    0.0000000020    0.0000000158    0.0000000011    0.0000000010   -0.0000000017    0.0000000035    0.0000000026   -0.0000000033   -0.0000000102   -0.0000000054    0.0000000013    0.0000000014   -0.0002068453   -0.0000000401   -0.0000000025    0.0000000182   -0.0000000006   -0.0000000002    0.0000000000    0.0000000009

# Root 4  E=0.3202444018 Ha  8.714299 eV
  0.0000000000    0.0000000000    0.0000000000    0.0000000000    0.0000000000    0.0000000000    0.0000000000    0.0000000000    0.0000000000    0.0000000000    0.0000000000    0.0000000000    0.0000000000    0.0000000000    0.0000000000    0.0000000000    0.0000000000    0.0000000000    0.0000000000    0.0000000000    0.0000000000    0.0000000000    0.0000000000    0.0000000000    0.0000000000    0.0000000000    0.0000000000    0.0000000000    0.0000000000    0.0000000000    0.0000000000    0.0000000000    0.0000000000    0.0000000000    0.0000000000    0.0000000000    0.0000000000    0.0000000000    0.0000000000    0.0000000000    0.0000000000    0.0000000000    0.0000000000    0.0000000000    0.0000000000    0.0000000000    0.0000000000    0.0000000000    0.0000000000    0.0000000000    0.0000000000    0.0000000000    0.0000000000    0.0000000000    0.0000000000    0.0000000000    0.0000000000    0.0000000000    0.0000000000    0.0000000000    0.0000000000    0.0000000000    0.0000000000    0.0000000000    0.0000000000    0.0000000000    0.0000000000    0.0000000000    0.0000000000    0.0000000000    0.0000000000    0.0000000000    0.0000000000    0.0000000000    0.0000000000    0.0000000000    0.0000000000    0.0000000000    0.0000000000    0.0000000000
  0.0000000000    0.0000000000    0.0000000000    0.0000000000    0.0000000000    0.0000000000    0.0000000000    0.0000000000    0.0000000000    0.0000000000    0.0000000000    0.0000000000    0.0000000000    0.0000000000    0.0000000000    0.0000000000    0.0000000000    0.0000000000    0.0000000000    0.0000000000    0.0000000000    0.0000000000    0.0000000000    0.0000000000    0.0000000000    0.0000000000    0.0000000000    0.0000000000    0.0000000000    0.0000000000    0.0000000000    0.0000000000    0.0000000000    0.0000000000    0.0000000000    0.0000000000    0.0000000000    0.0000000000    0.0000000000    0.0000000000    0.0000000000    0.0000000000    0.0000000000    0.0000000000    0.0000000000    0.0000000000    0.0000000000    0.0000000000    0.0000000000    0.0000000000    0.0000000000    0.0000000000    0.0000000000    0.0000000000    0.0000000000    0.0000000000    0.0000000000    0.0000000000    0.0000000000    0.0000000000    0.0000000000    0.0000000000    0.0000000000    0.0000000000    0.0000000000    0.0000000000    0.0000000000    0.0000000000    0.0000000000    0.0000000000    0.0000000000    0.0000000000    0.0000000000    0.0000000000    0.0000000000    0.0000000000    0.0000000000    0.0000000000    0.0000000000    0.0000000000
  0.0000000000    0.0000000000    0.0000000000    0.0000000000    0.0000000000    0.0000000000    0.0000000000    0.0000000000    0.0000000000    0.0000000000    0.0000000000    0.0000000000    0.0000000000    0.0000000000    0.0000000000    0.0000000000    0.0000000000    0.0000000000    0.0000000000    0.0000000000    0.0000000000    0.0000000000    0.0000000000    0.0000000000    0.0000000000    0.0000000000    0.0000000000    0.0000000000    0.0000000000    0.0000000000    0.0000000000    0.0000000000    0.0000000000    0.0000000000    0.0000000000    0.0000000000    0.0000000000    0.0000000000    0.0000000000    0.0000000000    0.0000000000    0.0000000000    0.0000000000    0.0000000000    0.0000000000    0.0000000000    0.0000000000    0.0000000000    0.0000000000    0.0000000000    0.0000000000    0.0000000000    0.0000000000    0.0000000000    0.0000000000    0.0000000000    0.0000000000    0.0000000000    0.0000000000    0.0000000000    0.0000000000    0.0000000000    0.0000000000    0.0000000000    0.0000000000    0.0000000000    0.0000000000    0.0000000000    0.0000000000    0.0000000000    0.0000000000    0.0000000000    0.0000000000    0.0000000000    0.0000000000    0.0000000000    0.0000000000    0.0000000000    0.0000000000    0.0000000000
  0.0000000000    0.0000000000    0.0000000000    0.0000000000    0.0000000000    0.0000000000    0.0000000000    0.0000000000    0.0000000000    0.0000000000    0.0000000000    0.0000000000    0.0000000000    0.0000000000    0.0000000000    0.0000000000    0.0000000000    0.0000000000    0.0000000000    0.0000000000    0.0000000000    0.0000000000    0.0000000000    0.0000000000    0.0000000000    0.0000000000    0.0000000000    0.0000000000    0.0000000000    0.0000000000    0.0000000000    0.0000000000    0.0000000000    0.0000000000    0.0000000000    0.0000000000    0.0000000000    0.0000000000    0.0000000000    0.0000000000    0.0000000000    0.0000000000    0.0000000000    0.0000000000    0.0000000000    0.0000000000    0.0000000000    0.0000000000    0.0000000000    0.0000000000    0.0000000000    0.0000000000    0.0000000000    0.0000000000    0.0000000000    0.0000000000    0.0000000000    0.0000000000    0.0000000000    0.0000000000    0.0000000000    0.0000000000    0.0000000000    0.0000000000    0.0000000000    0.0000000000    0.0000000000    0.0000000000    0.0000000000    0.0000000000    0.0000000000    0.0000000000    0.0000000000    0.0000000000    0.0000000000    0.0000000000    0.0000000000    0.0000000000    0.0000000000    0.0000000000
 -0.0000000415    0.0000000390    0.0000002605    0.0000000228    0.0029741975    0.0000000662    0.0000000510    0.0000000790   -0.0000000104   -0.0000000249    0.0000000205    0.0000000308    0.0000000091    0.0000000175    0.0000000069   -0.0002276360   -0.0011022882   -0.0000000193    0.0000000397   -0.0000000004   -0.0000000064   -0.0000000031   -0.0000000340   -0.0000000144    0.0000000003   -0.0002850623    0.0000000051    0.0000000082   -0.0000000047    0.0000000088   -0.0010878166   -0.0000000044   -0.0000000230   -0.0000000096   -0.0000000004    0.0000000054    0.0000000069    0.0000000044   -0.0000000031    0.0000000001   -0.0000000073    0.0004597967   -0.0000000009   -0.0000000001   -0.0000000032    0.0000000005    0.0000000015    0.0000235659    0.0000000027    0.0000000013   -0.0000000008   -0.0000000004    0.0000000007    0.0000000015    0.0000000022   -0.0001664957    0.0000000157    0.0007715874   -0.0000000031    0.0000000006   -0.0000000028    0.0000000002    0.0000000010   -0.0000000017   -0.0000000029    0.0000061151   -0.0000000008   -0.0000000012   -0.0000000034   -0.0000000037   -0.0000000003   -0.0000062452   -0.0000000003    0.0000000009   -0.0000000052   -0.0000000013    0.0000000012   -0.0000000005   -0.0000000003   -0.0000000003
  0.0000000265   -0.0000000050   -0.0033715802   -0.0000000305   -0.0000003205   -0.0000000830   -0.0000000006    0.0000000476    0.0000000132   -0.0000000034    0.0000000076   -0.0000000162   -0.0015666340   -0.0005061044   -0.0000000102    0.0000000032    0.0000000211   -0.0000000007   -0.0011282273    0.0000000121    0.0000000083   -0.0000000070   -0.0001766190    0.0000000194   -0.0000000066   -0.0000000123   -0.0000000250    0.0000000124   -0.0000000032    0.0000000067    0.0000000276    0.0000000125    0.0000000099    0.0000000182    0.0000000003    0.0000000024    0.0000000045   -0.0000000076    0.0000000010   -0.0000000021    0.0005105668   -0.0000000164   -0.0000000025    0.0000000001    0.0000657363   -0.0000000040    0.0000000005   -0.0000000029    0.0000000002   -0.0000000013    0.0000000044    0.0000000012   -0.0000000002    0.0000000005   -0.0000735391    0.0000000038   -0.0009649262   -0.0000000204    0.0000000012    0.0000000029    0.0000000004    0.0000000008   -0.0000000001   -0.0000000007    0.0000377780    0.0000000014    0.0000000011    0.0000000006   -0.0000000042   -0.0000000051    0.0000092886   -0.0000000003    0.0000000000    0.0000000003   -0.0000000002    0.0000000015   -0.0000000013    0.0000000001   -0.0000000001   -0.0000000002
 -0.0000004877   -0.0281701106   -0.0000004671    0.0000000672   -0.0000001444    0.0000001169   -0.0000000134    0.0002823843    0.0000000007   -0.0000000014   -0.0000000212    0.0006755138    0.0000000323   -0.0000000123    0.0000000371   -0.0000000054   -0.0000000038   -0.0000000182   -0.0000000046    0.0000000471   -0.0027582870   -0.0000000693    0.0000000505    0.0000000005   -0.0000000047   -0.0000000013   -0.0009067844    0.0000000001    0.0000000082    0.0000000035    0.0000000010    0.0010960935    0.0000000016   -0.0005263722    0.0000000003   -0.0000000006   -0.0000000054   -0.0000000009    0.0000000042    0.0000000009    0.0000000005   -0.0000000010    0.0000000003    0.0000000014    0.0000000024    0.0000000002   -0.0000000023    0.0000000011    0.0000000094   -0.0000000002    0.0001058383    0.0000000025   -0.0000000036    0.0005953963   -0.0000000031    0.0000000025    0.0000000010    0.0000000002    0.0000000010   -0.0000000008    0.0000000001    0.0000365868    0.0000000005   -0.0000000003   -0.0000000023    0.0000000030    0.0000000004   -0.0000000004   -0.0000000117   -0.0009856916    0.0000000012   -0.0000000015   -0.0000000020    0.0000000020    0.0000000001    0.0000136891   -0.0000000003    0.0000011133    0.0000000006   -0.0000000001
  0.0297487591    0.0000007387   -0.0000005334    0.0000001060    0.0000000151   -0.0029893780   -0.0000000043   -0.0000000793   -0.0000000069   -0.0000000104   -0.0003826761   -0.0000000305    0.0000000098   -0.0000000108    0.0000000530   -0.0000000039    0.0000000000   -0.0000000350   -0.0000000383   -0.0036968759    0.0000000662    0.0032642156    0.0000000185    0.0006088706   -0.0000000077    0.0000000061    0.0000000440    0.0000000015    0.0000000036   -0.0000000004    0.0000000005   -0.0000000097    0.0000188062    0.0000000137   -0.0000000011    0.0000000014   -0.0000000005   -0.0000000036    0.0000000009   -0.0000000034    0.0000000048    0.0000000002   -0.0000000002    0.0000000000   -0.0000000005    0.0000000003   -0.0000000006    0.0000000009   -0.0006695140    0.0001382738   -0.0000000015    0.0000000035   -0.0000000020   -0.0000000103   -0.0000000053    0.0000000004    0.0000000024    0.0000000023   -0.0000000001    0.0000000015   -0.0000044170   -0.0000000019    0.0000000001   -0.0000000002   -0.0000000015    0.0000000026    0.0000000004    0.0000000010    0.0009438572    0.0000000314    0.0000000007    0.0000000008   -0.0000000016    0.0000000007    0.0000021154   -0.0000000022    0.0000359167   -0.0000000008   -0.0000000005   -0.0000000005
 -0.0000000461    0.0000000166    0.0000000337    0.0000002461    0.0000003376    0.0000000874   -0.0038879325    0.0000000576   -0.0000000890    0.0000000453   -0.0000000153    0.0000000087    0.0000000036    0.0000000009    0.0000000859    0.0000000131    0.0000000092    0.0002493155    0.0000000166    0.0000000141   -0.0000000032   -0.0000000052   -0.0000000079    0.0000000026    0.0000000209    0.0000000196    0.0000000101   -0.0000000232    0.0005330716    0.0000000146   -0.0000000025   -0.0000000113    0.0000000108   -0.0000000050   -0.0000000019   -0.0000000060   -0.0000000563   -0.0037047578   -0.0000000040    0.0000000019    0.0000000012   -0.0000000048    0.0000000048    0.0000000042   -0.0000000013    0.0000000029   -0.0000288626    0.0000000006    0.0000000018    0.0000000011    0.0000000031    0.0000000050   -0.0000614852   -0.0000000009    0.0000000009    0.0000000019   -0.0000000053    0.0000000008   -0.0000002338    0.0015338190    0.0000000023   -0.0000000038   -0.0000000005    0.0000000012   -0.0000000001   -0.0000000018    0.0000000002    0.0000000011   -0.0000000024    0.0000000015    0.0000000002    0.0000000001   -0.0000000037    0.0000402978   -0.0000000023    0.0000000019    0.0000000011   -0.0000000031    0.0000000016   -0.0000000012
  0.0000000299    0.0000000138   -0.0000008657   -0.0026585652   -0.0000000753    0.0000001791   -0.0000002006    0.0000000390   -0.0000000214   -0.0000000418   -0.0000000288    0.0000000025    0.0000000212   -0.0000000078    0.0004352523    0.0000000004    0.0000000012    0.0000000776   -0.0000000097    0.0000000167   -0.0000000092   -0.0000000014    0.0000000345   -0.0000000003   -0.0007696696   -0.0000000036    0.0000000066    0.0000000150    0.0000000414   -0.0000000170    0.0000000089   -0.0000000031    0.0000000126   -0.0000000013   -0.0000000019    0.0000000043    0.0037205675    0.0000000941   -0.0000000066    0.0000000016   -0.0000000011    0.0000000146   -0.0000000023   -0.0000000016    0.0000000017    0.0000435902   -0.0000000085   -0.0000000001   -0.0000000013    0.0000000032    0.0000000025    0.0000149421   -0.0000000017    0.0000000009   -0.0000000033   -0.0000000036    0.0000000008    0.0000000095   -0.0015261796   -0.0000003014    0.0000000025   -0.0000000028    0.0000000006    0.0000000012    0.0000000015    0.0000000002   -0.0000000000    0.0000000007    0.0000000005   -0.0000000023    0.0000000001   -0.0000000001   -0.0000284687   -0.0000000001   -0.0000000016    0.0000000011    0.0000000020   -0.0000000018   -0.0000000013    0.0000000013
 -0.0000002380   -0.0000001979    0.0000015859   -0.0000000350   -0.0005175803   -0.0000000258    0.0000000959    0.0000000258   -0.0000000045    0.0000000041    0.0000001034    0.0000000510   -0.0000000090    0.0000000316   -0.0000000138    0.0015185276   -0.0009032247   -0.0000000225    0.0000000424   -0.0000000063   -0.0000000190   -0.0000000294   -0.0000000551   -0.0000000060   -0.0000000045   -0.0006343835    0.0000000045   -0.0000000076   -0.0000000119   -0.0000000101   -0.0013520310    0.0000000028   -0.0000000527   -0.0000000109    0.0000000051    0.0000000011   -0.0000000053    0.0000000028   -0.0000000016   -0.0000000047   -0.0000000883    0.0052288892   -0.0000000016   -0.0000000032   -0.0000000064   -0.0000000014    0.0000000020    0.0001209977   -0.0000000051    0.0000000033    0.0000000012    0.0000000005   -0.0000000002   -0.0000000007    0.0000000135   -0.0006380538    0.0000000364    0.0019551707   -0.0000000013    0.0000000018   -0.0000000034   -0.0000000005    0.0000000014   -0.0000000039   -0.0000000020    0.0000038434    0.0000000014   -0.0000000023   -0.0000000029   -0.0000000104    0.0000000043   -0.0000503140    0.0000000005    0.0000000007   -0.0000000041   -0.0000000044   -0.0000000026   -0.0000000042    0.0000000014    0.0000000024
  0.0000000482    0.0000000675    0.0043939290    0.0000001232    0.0000005634    0.0000000332   -0.0000000346   -0.0000000380   -0.0000000191   -0.0000000062    0.0000000340    0.0000000688    0.0008089144   -0.0009305243    0.0000000392   -0.0000000044    0.0000000034    0.0000000141    0.0011626431   -0.0000000347   -0.0000000188    0.0000000050   -0.0008165852    0.0000000180    0.0000000087    0.0000000251    0.0000000242    0.0000000105    0.0000000045    0.0000000116   -0.0000000161   -0.0000000526   -0.0000000391   -0.0000000244   -0.0000000086    0.0000000022   -0.0000000026    0.0000000000    0.0000000029    0.0000000011   -0.0052871750    0.0000001324    0.0000000002    0.0000000028   -0.0000273736    0.0000000029   -0.0000000009    0.0000000093    0.0000000028    0.0000000049   -0.0000000048   -0.0000000003   -0.0000000000    0.0000000042   -0.0001514932   -0.0000000145    0.0022117431    0.0000000567   -0.0000000011   -0.0000000073   -0.0000000021   -0.0000000021   -0.0000000019    0.0000000022   -0.0000477913    0.0000000020   -0.0000000014    0.0000000014    0.0000000097    0.0000000044   -0.0000539465   -0.0000000053   -0.0000000007   -0.0000000003    0.0000000055   -0.0000000016    0.0000000043    0.0000000055   -0.0000000018   -0.0000000013
  0.0000013992    0.0000000814    0.0000018393   -0.0000001248   -0.0000002226   -0.0000000493    0.0000000909    0.0000000710   -0.0000000203   -0.0039895897   -0.0000000001    0.0000000201   -0.0000000559    0.0000000129   -0.0000000957    0.0000000059    0.0000000039   -0.0000000532   -0.0000000011   -0.0000000316    0.0000000041    0.0000000405   -0.0000000323   -0.0000000019   -0.0000000193    0.0000000002   -0.0000000062   -0.0000000171   -0.0000000215   -0.0007699517   -0.0000000234   -0.0000000023    0.0000000006    0.0000000033   -0.0000000072    0.0004142892    0.0000000030    0.0000000003   -0.0000000471    0.0034634503   -0.0000000026    0.0000000018    0.0000000044   -0.0000440987   -0.0000000058   -0.0000000079    0.0000000068    0.0000000038    0.0000000075   -0.0000000011    0.0000000004    0.0000000073    0.0000000053    0.0000000004    0.0000000100   -0.0000000026    0.0000000002    0.0000000004   -0.0000000003    0.0000000017    0.0000000006    0.0000000007    0.0000000017   -0.0000425561   -0.0000000051    0.0000000161    0.0000001566    0.0015693614    0.0000000017   -0.0000000017    0.0000000010    0.0000000022   -0.0000000036   -0.0000000014    0.0000000001   -0.0000000015   -0.0000000000    0.0000000004    0.0000000019    0.0000238167
 -0.0000000794   -0.0000008773    0.0000028052   -0.0000002340    0.0000000139   -0.0000001356    0.0000000310    0.0000000663   -0.0040529904   -0.0000000655    0.0000000116    0.0000000089   -0.0000000847    0.0000000168   -0.0000000206    0.0000000033    0.0000000103    0.0000000520   -0.0000000050   -0.0000000104   -0.0000000287   -0.0000000023   -0.0000000600    0.0000000069   -0.0000000029    0.0000000054   -0.0000000154   -0.0010116621    0.0000000108   -0.0000000129   -0.0000000213    0.0000000117   -0.0000000001   -0.0000000087    0.0001123767   -0.0000000031    0.0000000055   -0.0000000002   -0.0034910477   -0.0000001848    0.0000000028   -0.0000000016   -0.0000777589   -0.0000000053   -0.0000000085    0.0000000011   -0.0000000038    0.0000000029   -0.0000000010    0.0000000006   -0.0000000004   -0.0000000050   -0.0000000075   -0.0000000068    0.0000000147   -0.0000000015    0.0000000013    0.0000000002    0.0000000017    0.0000000002   -0.0000000009   -0.0000000009   -0.0000481385   -0.0000000015   -0.0000000052    0.0000000126    0.0015795985   -0.0000002280   -0.0000000013   -0.0000000016    0.0000000010    0.0000000017    0.0000000030    0.0000000037   -0.0000000006    0.0000000004    0.0000000001    0.0000000000    0.0000189916    0.0000000021
 -0.0000000615   -0.0000000397    0.0000158602   -0.0000000248   -0.3393634920   -0.0000004020    0.0000002240    0.0000000576   -0.0000000329   -0.0000000060    0.0000000590    0.0000000320   -0.0000004485    0.0000002257    0.0000000034   -0.0106970343   -0.0068769425   -0.0000000017    0.0000000884   -0.0000000857   -0.0000000273   -0.0000000197   -0.0000005809    0.0000000404   -0.0000000140   -0.0153349348    0.0000000398    0.0000000070   -0.0000000038   -0.0000000310    0.0110807624   -0.0000000029   -0.0000000065   -0.0000000158   -0.0000000025    0.0000000010   -0.0000000027    0.0000000012   -0.0000000086    0.0000000111    0.0000000056    0.0006816531    0.0000000013    0.0000000007    0.0000000001   -0.0000000002    0.0000000005    0.0007690406    0.0000000006    0.0000000040   -0.0000000028   -0.0000000000   -0.0000000007    0.0000000085   -0.0000000335    0.0020426914    0.0000000034   -0.0002972470   -0.0000000005    0.0000000014    0.0000000004    0.0000000006    0.0000000008   -0.0000000006   -0.0000000015   -0.0002553986    0.0000000021    0.0000000015    0.0000000012   -0.0000000036   -0.0000000256   -0.0011246757   -0.0000000011   -0.0000000001   -0.0000000003   -0.0000000032    0.0000000015    0.0000000058    0.0000000002    0.0000000009
  0.0000005092    0.0000015794    0.9388487044    0.0000001643   -0.0000109816    0.0000006483    0.0000001124   -0.0000002167   -0.0000000301   -0.0000000404   -0.0000000652   -0.0000000466   -0.0182893172    0.0100774831    0.0000000252   -0.0000001925   -0.0000000793    0.0000000030    0.0058088606    0.0000000268    0.0000000181   -0.0000000294   -0.0252964610    0.0000000237   -0.0000000089   -0.0000003060    0.0000000114   -0.0000000229   -0.0000000048    0.0000000068    0.0000002421    0.0000000095    0.0000000058    0.0000000020    0.0000000023    0.0000000018   -0.0000000005    0.0000000041   -0.0000000083    0.0000000027    0.0001785331    0.0000000308   -0.0000000007    0.0000000002    0.0000979107   -0.0000000005    0.0000000029    0.0000000177   -0.0000000116   -0.0000000085    0.0000000020   -0.0000000014   -0.0000000013   -0.0000000007   -0.0020252709    0.0000000503    0.0004255930    0.0000000077   -0.0000000016    0.0000000014   -0.0000000003    0.0000000011    0.0000000003   -0.0000000005    0.0002169901   -0.0000000100    0.0000000063    0.0000000041   -0.0000000001   -0.0000000013   -0.0012237468   -0.0000000224    0.0000000001   -0.0000000000    0.0000000006   -0.0000000006   -0.0000000061   -0.0000000013    0.0000000003    0.0000000005

# Root 5  E=0.3291010288 Ha  8.955300 eV
  0.0000000000    0.0000000000    0.0000000000    0.0000000000    0.0000000000    0.0000000000    0.0000000000    0.0000000000    0.0000000000    0.0000000000    0.0000000000    0.0000000000    0.0000000000    0.0000000000    0.0000000000    0.0000000000    0.0000000000    0.0000000000    0.0000000000    0.0000000000    0.0000000000    0.0000000000    0.0000000000    0.0000000000    0.0000000000    0.0000000000    0.0000000000    0.0000000000    0.0000000000    0.0000000000    0.0000000000    0.0000000000    0.0000000000    0.0000000000    0.0000000000    0.0000000000    0.0000000000    0.0000000000    0.0000000000    0.0000000000    0.0000000000    0.0000000000    0.0000000000    0.0000000000    0.0000000000    0.0000000000    0.0000000000    0.0000000000    0.0000000000    0.0000000000    0.0000000000    0.0000000000    0.0000000000    0.0000000000    0.0000000000    0.0000000000    0.0000000000    0.0000000000    0.0000000000    0.0000000000    0.0000000000    0.0000000000    0.0000000000    0.0000000000    0.0000000000    0.0000000000    0.0000000000    0.0000000000    0.0000000000    0.0000000000    0.0000000000    0.0000000000    0.0000000000    0.0000000000    0.0000000000    0.0000000000    0.0000000000    0.0000000000    0.0000000000    0.0000000000
  0.0000000000    0.0000000000    0.0000000000    0.0000000000    0.0000000000    0.0000000000    0.0000000000    0.0000000000    0.0000000000    0.0000000000    0.0000000000    0.0000000000    0.0000000000    0.0000000000    0.0000000000    0.0000000000    0.0000000000    0.0000000000    0.0000000000    0.0000000000    0.0000000000    0.0000000000    0.0000000000    0.0000000000    0.0000000000    0.0000000000    0.0000000000    0.0000000000    0.0000000000    0.0000000000    0.0000000000    0.0000000000    0.0000000000    0.0000000000    0.0000000000    0.0000000000    0.0000000000    0.0000000000    0.0000000000    0.0000000000    0.0000000000    0.0000000000    0.0000000000    0.0000000000    0.0000000000    0.0000000000    0.0000000000    0.0000000000    0.0000000000    0.0000000000    0.0000000000    0.0000000000    0.0000000000    0.0000000000    0.0000000000    0.0000000000    0.0000000000    0.0000000000    0.0000000000    0.0000000000    0.0000000000    0.0000000000    0.0000000000    0.0000000000    0.0000000000    0.0000000000    0.0000000000    0.0000000000    0.0000000000    0.0000000000    0.0000000000    0.0000000000    0.0000000000    0.0000000000    0.0000000000    0.0000000000    0.0000000000    0.0000000000    0.0000000000    0.0000000000
  0.0000000000    0.0000000000    0.0000000000    0.0000000000    0.0000000000    0.0000000000    0.0000000000    0.0000000000    0.0000000000    0.0000000000    0.0000000000    0.0000000000    0.0000000000    0.0000000000    0.0000000000    0.0000000000    0.0000000000    0.0000000000    0.0000000000    0.0000000000    0.0000000000    0.0000000000    0.0000000000    0.0000000000    0.0000000000    0.0000000000    0.0000000000    0.0000000000    0.0000000000    0.0000000000    0.0000000000    0.0000000000    0.0000000000    0.0000000000    0.0000000000    0.0000000000    0.0000000000    0.0000000000    0.0000000000    0.0000000000    0.0000000000    0.0000000000    0.0000000000    0.0000000000    0.0000000000    0.0000000000    0.0000000000    0.0000000000    0.0000000000    0.0000000000    0.0000000000    0.0000000000    0.0000000000    0.0000000000    0.0000000000    0.0000000000    0.0000000000    0.0000000000    0.0000000000    0.0000000000    0.0000000000    0.0000000000    0.0000000000    0.0000000000    0.0000000000    0.0000000000    0.0000000000    0.0000000000    0.0000000000    0.0000000000    0.0000000000    0.0000000000    0.0000000000    0.0000000000    0.0000000000    0.0000000000    0.0000000000    0.0000000000    0.0000000000    0.0000000000
  0.0000000000    0.0000000000    0.0000000000    0.0000000000    0.0000000000    0.0000000000    0.0000000000    0.0000000000    0.0000000000    0.0000000000    0.0000000000    0.0000000000    0.0000000000    0.0000000000    0.0000000000    0.0000000000    0.0000000000    0.0000000000    0.0000000000    0.0000000000    0.0000000000    0.0000000000    0.0000000000    0.0000000000    0.0000000000    0.0000000000    0.0000000000    0.0000000000    0.0000000000    0.0000000000    0.0000000000    0.0000000000    0.0000000000    0.0000000000    0.0000000000    0.0000000000    0.0000000000    0.0000000000    0.0000000000    0.0000000000    0.0000000000    0.0000000000    0.0000000000    0.0000000000    0.0000000000    0.0000000000    0.0000000000    0.0000000000    0.0000000000    0.0000000000    0.0000000000    0.0000000000    0.0000000000    0.0000000000    0.0000000000    0.0000000000    0.0000000000    0.0000000000    0.0000000000    0.0000000000    0.0000000000    0.0000000000    0.0000000000    0.0000000000    0.0000000000    0.0000000000    0.0000000000    0.0000000000    0.0000000000    0.0000000000    0.0000000000    0.0000000000    0.0000000000    0.0000000000    0.0000000000    0.0000000000    0.0000000000    0.0000000000    0.0000000000    0.0000000000
  0.0000010153    0.0000002296   -0.0000000058   -0.0002206437    0.0000000022    0.0000002028   -0.0000000741   -0.0000002113   -0.0000000100   -0.0000000045    0.0000000983    0.0000001218    0.0000000090    0.0000000022   -0.0005018807    0.0000000007   -0.0000000094   -0.0000000532   -0.0000000042    0.0000000344   -0.0000000305    0.0000001142    0.0000000014   -0.0000001615   -0.0002615540   -0.0000000006    0.0000001121   -0.0000000058   -0.0000000007    0.0000000011   -0.0000000033   -0.0000000588   -0.0000001934   -0.0000001108   -0.0000000031   -0.0000000011   -0.0042910476    0.0000004674   -0.0000000028    0.0000000015    0.0000000226   -0.0000000004   -0.0000000022    0.0000000004    0.0000000009    0.0000075832    0.0000000047   -0.0000000008    0.0000000085    0.0000000136   -0.0000000144    0.0000561748    0.0000000080    0.0000000091    0.0000000022    0.0000000007   -0.0000000038    0.0000000024    0.0016996083    0.0000000819   -0.0000000173   -0.0000000096   -0.0000000003    0.0000000003    0.0000000004   -0.0000000003    0.0000000030    0.0000000005   -0.0000000113    0.0000000022   -0.0000000000    0.0000000008    0.0000175190   -0.0000000027   -0.0000000187   -0.0000000173    0.0000000067    0.0000000032   -0.0000000005   -0.0000000006
  0.0000007362    0.0000004099   -0.0000000039    0.0000001182    0.0000000028   -0.0000002776   -0.0002272992    0.0000002529    0.0000000008    0.0000000080   -0.0000001344   -0.0000001900   -0.0000000023   -0.0000000047    0.0000000410   -0.0000000034    0.0000000038    0.0000096803    0.0000000022   -0.0000000425    0.0000001094    0.0000000747   -0.0000000008    0.0000001123    0.0000000173   -0.0000000008   -0.0000001655   -0.0000000020    0.0001910637    0.0000000037    0.0000000018    0.0000001408    0.0000001431    0.0000000753   -0.0000000016   -0.0000000034   -0.0000004990    0.0043526339    0.0000000001   -0.0000000083    0.0000000102   -0.0000000195    0.0000000001   -0.0000000018   -0.0000000019   -0.0000000089    0.0000293954    0.0000000001   -0.0000000029   -0.0000000195    0.0000000319    0.0000000014    0.0000328385   -0.0000000049   -0.0000000007   -0.0000000008   -0.0000000031   -0.0000000020    0.0000005043   -0.0017013585    0.0000000110    0.0000000064    0.0000000005   -0.0000000005    0.0000000002   -0.0000000000   -0.0000000012   -0.0000000043   -0.0000000015    0.0000000079    0.0000000012    0.0000000001    0.0000000027   -0.0000061705    0.0000000148    0.0000000077   -0.0000000041   -0.0000000083    0.0000000002    0.0000000008
 -0.0000003738   -0.0000001499   -0.0000005365    0.0000000325    0.0000004254    0.0000000208    0.0000000312    0.0000000045   -0.0000258534   -0.0000000105    0.0000000052    0.0000000039    0.0000001213   -0.0000000758   -0.0000000058    0.0000000265    0.0000000539    0.0000000062   -0.0000000394    0.0000000104   -0.0000000129   -0.0000000196    0.0000001129    0.0000000008    0.0000000031    0.0000000977   -0.0000000037    0.0002484948   -0.0000000024   -0.0000000229   -0.0000000684    0.0000000027    0.0000000010   -0.0000000009    0.0000560178    0.0000000052    0.0000000112   -0.0000000119   -0.0021226100    0.0000001710   -0.0000000005    0.0000000236   -0.0001074023   -0.0000000118    0.0000000098    0.0000000014   -0.0000000006    0.0000000025    0.0000000005    0.0000000012    0.0000000009    0.0000000003   -0.0000000009    0.0000000009   -0.0000000120    0.0000000058   -0.0000000074    0.0000000151    0.0000000021    0.0000000012    0.0000000002    0.0000000010   -0.0000258016    0.0000000076   -0.0000000000   -0.0000000018   -0.0004764699    0.0000000002    0.0000000008   -0.0000000021   -0.0000000093   -0.0000000007    0.0000000002    0.0000000006   -0.0000000001    0.0000000006    0.0000000008   -0.0000000005   -0.0000159240   -0.0000000022
 -0.0000004481   -0.0000000148    0.0000005167   -0.0000000110   -0.0000005116    0.0000000184    0.0000000479   -0.0000000013   -0.0000001761    0.0008120184    0.0000000013    0.0000000045   -0.0000001171   -0.0000000465    0.0000000061   -0.0000000948   -0.0000000286    0.0000000015    0.0000000378    0.0000000095   -0.0000000045   -0.0000000080   -0.0000001186    0.0000000030   -0.0000000027   -0.0000000998   -0.0000000012   -0.0000000191   -0.0000000024    0.0002583946    0.0000000450   -0.0000000010    0.0000000006    0.0000000016   -0.0000000541   -0.0001198501    0.0000000049   -0.0000000147   -0.0000002601    0.0024151817    0.0000000101    0.0000000256   -0.0000000258   -0.0001562889   -0.0000000048    0.0000000004   -0.0000000008   -0.0000000106   -0.0000000042   -0.0000000002   -0.0000000008   -0.0000000007   -0.0000000005    0.0000000027    0.0000000062   -0.0000000158   -0.0000000012    0.0000000040    0.0000000024    0.0000000019   -0.0000000005   -0.0000000003   -0.0000000084    0.0000164963    0.0000000022   -0.0000000041   -0.0000001126   -0.0004600584    0.0000000022   -0.0000000002    0.0000000009    0.0000000083    0.0000000006    0.0000000009    0.0000000008    0.0000000002   -0.0000000003    0.0000000015   -0.0000000039    0.0000058570
 -0.0000027215    0.0000009744    0.0019561838   -0.0000000614   -0.0000005012    0.0000001004   -0.0000000095   -0.0000000657   -0.0000004249    0.0000003921    0.0000000251    0.0000000013   -0.0041470934    0.0001151405    0.0000000095   -0.0000003231   -0.0000004821   -0.0000000004   -0.0062277641    0.0000000763    0.0000000104   -0.0000001259   -0.0002166062    0.0000000140   -0.0000000019   -0.0000002225    0.0000000116   -0.0000001186    0.0000000014    0.0000001354   -0.0000003632   -0.0000000140    0.0000000088    0.0000000091   -0.0000000219   -0.0000000199    0.0000000088   -0.0000000092    0.0000000190    0.0000000053   -0.0052901241   -0.0000007119    0.0000000401    0.0000000147    0.0001754267   -0.0000000038   -0.0000000009   -0.0000000067   -0.0000000121    0.0000000051   -0.0000000002   -0.0000000001   -0.0000000006    0.0000000039   -0.0002563045    0.0000001489    0.0051515524   -0.0000005419    0.0000000007    0.0000000075    0.0000000042    0.0000000023    0.0000000059   -0.0000000026   -0.0000329452   -0.0000000051   -0.0000000105    0.0000000034   -0.0000000006    0.0000000005    0.0000026841    0.0000000035    0.0000000006    0.0000000001    0.0000000026    0.0000000016    0.0000000011   -0.0000000001    0.0000000118   -0.0000000097
 -0.0000015387    0.0000015597   -0.0000005510    0.0000000144    0.0009126872    0.0000000598    0.0000000782   -0.0000001102    0.0000004708   -0.0000004172    0.0000000186    0.0000000016   -0.0000003313   -0.0000000573   -0.0000000017   -0.0017177176   -0.0042504140    0.0000000081   -0.0000006633    0.0000000066    0.0000000266   -0.0000000829    0.0000000584    0.0000000100   -0.0000000037   -0.0012758580    0.0000000184    0.0000001493   -0.0000000037   -0.0000001121   -0.0037365022   -0.0000000121    0.0000000000    0.0000000224    0.0000000280    0.0000000283    0.0000000190   -0.0000000035   -0.0000000036   -0.0000000037   -0.0000007022   -0.0054465877   -0.0000000170   -0.0000000346    0.0000000441    0.0000000007   -0.0000000005    0.0000730035   -0.0000000078    0.0000000028   -0.0000000029   -0.0000000001    0.0000000001    0.0000000068   -0.0000000358    0.0012334006    0.0000006129   -0.0044784281    0.0000000018   -0.0000000013    0.0000000021    0.0000000040    0.0000000038   -0.0000000048   -0.0000000097    0.0000182031   -0.0000000011   -0.0000000078   -0.0000000006    0.0000000030   -0.0000000039    0.0000203038   -0.0000000001    0.0000000000    0.0000000025    0.0000000020    0.0000000001    0.0000000014   -0.0000000085    0.0000000137
  0.0000093628    0.0000011036   -0.0000000144    0.0014861488   -0.0000000052   -0.0000003009   -0.0000005316    0.0000001236   -0.0000000102   -0.0000000012    0.0000007309    0.0000004598    0.0000000133    0.0000000014   -0.0000493079   -0.0000000000   -0.0000000025   -0.0000001258    0.0000000009   -0.0000003016   -0.0000001065    0.0000002595   -0.0000000014   -0.0000001107    0.0000769143   -0.0000000039    0.0000000866   -0.0000000065    0.0000000375    0.0000000059   -0.0000000006   -0.0000002649   -0.0000004384   -0.0000001721   -0.0000000073   -0.0000000019    0.0015620612   -0.0000001702   -0.0000000028    0.0000000015    0.0000000258    0.0000000009   -0.0000000014   -0.0000000011   -0.0000000004    0.0000418178    0.0000000042   -0.0000000009    0.0000000283    0.0000000124   -0.0000000187   -0.0000146731    0.0000000232   -0.0000000005    0.0000000006   -0.0000000026    0.0000000008    0.0000000098    0.0024313887    0.0000001305   -0.0000000140   -0.0000000160   -0.0000000006   -0.0000000014    0.0000000006   -0.0000000003   -0.0000000009   -0.0000000050   -0.0000000271    0.0000000067    0.0000000001    0.0000000003   -0.0000165810   -0.0000000035   -0.0000000153   -0.0000000185    0.0000000003    0.0000000049    0.0000000007    0.0000000004
 -0.0000064070    0.0000016902    0.0000000097    0.0000002977   -0.0000000028    0.0000000451   -0.0018592402   -0.0000002914    0.0000000126   -0.0000000096    0.0000005623    0.0000007930   -0.0000000054   -0.0000000041   -0.0000000750    0.0000000069    0.0000000001   -0.0002009211    0.0000000054   -0.0000000846   -0.0000001152   -0.0000002866   -0.0000000024    0.0000000268    0.0000000384    0.0000000027    0.0000002254    0.0000000077    0.0002227134   -0.0000000068    0.0000000033   -0.0000003881   -0.0000003177   -0.0000001651    0.0000000051    0.0000000055   -0.0000001407    0.0016545952   -0.0000000061   -0.0000000062   -0.0000000282    0.0000000131    0.0000000021    0.0000000015    0.0000000007   -0.0000000223    0.0000144224    0.0000000016   -0.0000000056    0.0000000298   -0.0000000217    0.0000000247   -0.0000300961    0.0000000365   -0.0000000004    0.0000000013   -0.0000000008   -0.0000000002   -0.0000006899    0.0024331105   -0.0000000112   -0.0000000017    0.0000000017    0.0000000002   -0.0000000004    0.0000000007   -0.0000000001    0.0000000068    0.0000000047   -0.0000000271   -0.0000000009   -0.0000000003   -0.0000000036    0.0000043406   -0.0000000108   -0.0000000058    0.0000000083    0.0000000037    0.0000000003    0.0000000007
 -0.8293979584    0.0000661830   -0.0000000840    0.0000003194    0.0000000056    0.0328123177    0.0000000886   -0.0000047623   -0.0000000086   -0.0000000015    0.0007499835   -0.0000003809   -0.0000000230   -0.0000000279   -0.0000006475   -0.0000000168   -0.0000000582   -0.0000002438    0.0000001338    0.0183985712    0.0000022255   -0.0242078676    0.0000000335    0.0017710933   -0.0000000849   -0.0000000169    0.0000010814   -0.0000000061   -0.0000001034   -0.0000000042   -0.0000000155   -0.0000008188    0.0005362008    0.0000007161   -0.0000000060   -0.0000000056   -0.0000000445   -0.0000000008   -0.0000000036   -0.0000000070    0.0000000326   -0.0000000162   -0.0000000021   -0.0000000014   -0.0000000027   -0.0000000697    0.0000000338   -0.0000000024   -0.0046830603    0.0006056408    0.0000000308    0.0000000630    0.0000000485    0.0000004263   -0.0000000003   -0.0000000003    0.0000000072   -0.0000000142    0.0000000048    0.0000000025    0.0000696603    0.0000000841    0.0000000004   -0.0000000004    0.0000000018   -0.0000000007   -0.0000000012    0.0000000009   -0.0010602079    0.0000001156    0.0000000013    0.0000000003   -0.0000000243   -0.0000000187    0.0000602634    0.0000000071    0.0000016856    0.0000000132   -0.0000000002    0.0000000010
 -0.0001068745    0.5428005035    0.0000001359    0.0000004897    0.0000001783    0.0000030691    0.0000002171   -0.0317803298   -0.0000000181    0.0000000155    0.0000004350   -0.0009301699    0.0000000095    0.0000000088    0.0000004021   -0.0000000266   -0.0000000199    0.0000005785   -0.0000000045    0.0000022446    0.0180085765   -0.0000029084    0.0000000003    0.0000003690    0.0000001103    0.0000000141    0.0081346393   -0.0000000022    0.0000000749    0.0000000046   -0.0000000467   -0.0071355695    0.0000000620    0.0060270228   -0.0000000084   -0.0000000058   -0.0000000086    0.0000000283   -0.0000000048   -0.0000000215    0.0000000240   -0.0000000213   -0.0000000021   -0.0000000019   -0.0000000030    0.0000000343   -0.0000000504   -0.0000000014   -0.0000005472    0.0000000571    0.0003989851   -0.0000000483   -0.0000000692    0.0036308411    0.0000000134    0.0000000062   -0.0000000005   -0.0000000155   -0.0000000013   -0.0000000082    0.0000000014    0.0006550054    0.0000000017    0.0000000000   -0.0000000004   -0.0000000016    0.0000000047   -0.0000000008   -0.0000001201    0.0010534832    0.0000000006    0.0000000017    0.0000000209    0.0000000212    0.0000000122    0.0000744319   -0.0000000051    0.0000779717   -0.0000000011   -0.0000000001
  0.0000297486    0.0000070153    0.0000000890    0.0786725986   -0.0000005555    0.0000012626    0.0000104533   -0.0000002401    0.0000000307    0.0000000347   -0.0000004535    0.0000000117   -0.0000000047   -0.0000000002   -0.0149105250    0.0000000180   -0.0000000184    0.0000013858   -0.0000000013    0.0000010665   -0.0000000059    0.0000001833   -0.0000000004   -0.0000002429    0.0024840225   -0.0000000269   -0.0000000145    0.0000000051   -0.0000005433    0.0000000023    0.0000000213    0.0000000056   -0.0000000330   -0.0000000145   -0.0000000125    0.0000000078   -0.0001208653   -0.0000001038   -0.0000000036   -0.0000000035   -0.0000000136    0.0000000180   -0.0000000090   -0.0000000007    0.0000000405    0.0012550687    0.0000001109    0.0000000035    0.0000000190   -0.0000000546   -0.0000000001    0.0006109035   -0.0000000869   -0.0000000011    0.0000000048    0.0000000029    0.0000000004    0.0000000008    0.0000253369    0.0000000320   -0.0000000352   -0.0000000014   -0.0000000003    0.0000000008    0.0000000018   -0.0000000043    0.0000000045   -0.0000000025   -0.0000000229   -0.0000000019   -0.0000000008   -0.0000000042    0.0003042244   -0.0000000322   -0.0000000221    0.0000000031   -0.0000000094    0.0000000010   -0.0000000001   -0.0000000010
  0.0000039005   -0.0000153944    0.0000015685   -0.0000217424   -0.0000001920    0.0000003445   -0.0883065157   -0.0000017185   -0.0000000257   -0.0000000773   -0.0000000357    0.0000001855   -0.0000000364    0.0000000012    0.0000019056   -0.0000000039   -0.0000000052   -0.0123863954    0.0000000162    0.0000002095   -0.0000004472   -0.0000001389   -0.0000000311   -0.0000000424   -0.0000008476   -0.0000000120    0.0000000020   -0.0000000086    0.0025195781   -0.0000000111    0.0000000010    0.0000000136    0.0000000056    0.0000000451    0.0000000034   -0.0000000037   -0.0000000606   -0.0003915778    0.0000000031    0.0000000016    0.0000000200   -0.0000000094    0.0000000007   -0.0000000023    0.0000000026   -0.0000000873   -0.0011941918    0.0000000005   -0.0000000077    0.0000000064   -0.0000000134   -0.0000001078    0.0005928873   -0.0000000307   -0.0000000038   -0.0000000023   -0.0000000038   -0.0000000018    0.0000000138    0.0000145375    0.0000000007   -0.0000000026   -0.0000000021    0.0000000002    0.0000000026   -0.0000000031   -0.0000000028    0.0000000050   -0.0000000052   -0.0000000062   -0.0000000027   -0.0000000033   -0.0000000240    0.0002998109   -0.0000000016    0.0000000123    0.0000000025   -0.0000000062    0.0000000010   -0.0000000003

# Root 6  E=0.3452452954 Ha  9.394608 eV
  0.0000000000    0.0000000000    0.0000000000    0.0000000000    0.0000000000    0.0000000000    0.0000000000    0.0000000000    0.0000000000    0.0000000000    0.0000000000    0.0000000000    0.0000000000    0.0000000000    0.0000000000    0.0000000000    0.0000000000    0.0000000000    0.0000000000    0.0000000000    0.0000000000    0.0000000000    0.0000000000    0.0000000000    0.0000000000    0.0000000000    0.0000000000    0.0000000000    0.0000000000    0.0000000000    0.0000000000    0.0000000000    0.0000000000    0.0000000000    0.0000000000    0.0000000000    0.0000000000    0.0000000000    0.0000000000    0.0000000000    0.0000000000    0.0000000000    0.0000000000    0.0000000000    0.0000000000    0.0000000000    0.0000000000    0.0000000000    0.0000000000    0.0000000000    0.0000000000    0.0000000000    0.0000000000    0.0000000000    0.0000000000    0.0000000000    0.0000000000    0.0000000000    0.0000000000    0.0000000000    0.0000000000    0.0000000000    0.0000000000    0.0000000000    0.0000000000    0.0000000000    0.0000000000    0.0000000000    0.0000000000    0.0000000000    0.0000000000    0.0000000000    0.0000000000    0.0000000000    0.0000000000    0.0000000000    0.0000000000    0.0000000000    0.0000000000    0.0000000000
  0.0000000000    0.0000000000    0.0000000000    0.0000000000    0.0000000000    0.0000000000    0.0000000000    0.0000000000    0.0000000000    0.0000000000    0.0000000000    0.0000000000    0.0000000000    0.0000000000    0.0000000000    0.0000000000    0.0000000000    0.0000000000    0.0000000000    0.0000000000    0.0000000000    0.0000000000    0.0000000000    0.0000000000    0.0000000000    0.0000000000    0.0000000000    0.0000000000    0.0000000000    0.0000000000    0.0000000000    0.0000000000    0.0000000000    0.0000000000    0.0000000000    0.0000000000    0.0000000000    0.0000000000    0.0000000000    0.0000000000    0.0000000000    0.0000000000    0.0000000000    0.0000000000    0.0000000000    0.0000000000    0.0000000000    0.0000000000    0.0000000000    0.0000000000    0.0000000000    0.0000000000    0.0000000000    0.0000000000    0.0000000000    0.0000000000    0.0000000000    0.0000000000    0.0000000000    0.0000000000    0.0000000000    0.0000000000    0.0000000000    0.0000000000    0.0000000000    0.0000000000    0.0000000000    0.0000000000    0.0000000000    0.0000000000    0.0000000000    0.0000000000    0.0000000000    0.0000000000    0.0000000000    0.0000000000    0.0000000000    0.0000000000    0.0000000000    0.0000000000
  0.0000000000    0.0000000000    0.0000000000    0.0000000000    0.0000000000    0.0000000000    0.0000000000    0.0000000000    0.0000000000    0.0000000000    0.0000000000    0.0000000000    0.0000000000    0.0000000000    0.0000000000    0.0000000000    0.0000000000    0.0000000000    0.0000000000    0.0000000000    0.0000000000    0.0000000000    0.0000000000    0.0000000000    0.0000000000    0.0000000000    0.0000000000    0.0000000000    0.0000000000    0.0000000000    0.0000000000    0.0000000000    0.0000000000    0.0000000000    0.0000000000    0.0000000000    0.0000000000    0.0000000000    0.0000000000    0.0000000000    0.0000000000    0.0000000000    0.0000000000    0.0000000000    0.0000000000    0.0000000000    0.0000000000    0.0000000000    0.0000000000    0.0000000000    0.0000000000    0.0000000000    0.0000000000    0.0000000000    0.0000000000    0.0000000000    0.0000000000    0.0000000000    0.0000000000    0.0000000000    0.0000000000    0.0000000000    0.0000000000    0.0000000000    0.0000000000    0.0000000000    0.0000000000    0.0000000000    0.0000000000    0.0000000000    0.0000000000    0.0000000000    0.0000000000    0.0000000000    0.0000000000    0.0000000000    0.0000000000    0.0000000000    0.0000000000    0.0000000000
  0.0000000000    0.0000000000    0.0000000000    0.0000000000    0.0000000000    0.0000000000    0.0000000000    0.0000000000    0.0000000000    0.0000000000    0.0000000000    0.0000000000    0.0000000000    0.0000000000    0.0000000000    0.0000000000    0.0000000000    0.0000000000    0.0000000000    0.0000000000    0.0000000000    0.0000000000    0.0000000000    0.0000000000    0.0000000000    0.0000000000    0.0000000000    0.0000000000    0.0000000000    0.0000000000    0.0000000000    0.0000000000    0.0000000000    0.0000000000    0.0000000000    0.0000000000    0.0000000000    0.0000000000    0.0000000000    0.0000000000    0.0000000000    0.0000000000    0.0000000000    0.0000000000    0.0000000000    0.0000000000    0.0000000000    0.0000000000    0.0000000000    0.0000000000    0.0000000000    0.0000000000    0.0000000000    0.0000000000    0.0000000000    0.0000000000    0.0000000000    0.0000000000    0.0000000000    0.0000000000    0.0000000000    0.0000000000    0.0000000000    0.0000000000    0.0000000000    0.0000000000    0.0000000000    0.0000000000    0.0000000000    0.0000000000    0.0000000000    0.0000000000    0.0000000000    0.0000000000    0.0000000000    0.0000000000    0.0000000000    0.0000000000    0.0000000000    0.0000000000
 -0.0031846572    0.0000004378    0.0000000636   -0.0000000061    0.0000000183    0.0297083309   -0.0000000069   -0.0000004318    0.0000000516    0.0000000008    0.0175895380    0.0000002593   -0.0000000986   -0.0000000143    0.0000000211    0.0000000151    0.0000000188   -0.0000000014    0.0000000120   -0.0027860295   -0.0000000674   -0.0013706985   -0.0000000435   -0.0143356207    0.0000000573   -0.0000000230    0.0000002419    0.0000000213    0.0000000035   -0.0000000001   -0.0000000017   -0.0000000962   -0.0192221162   -0.0000002312    0.0000000080   -0.0000000004    0.0000000093   -0.0000000061    0.0000000069   -0.0000000009   -0.0000000745   -0.0000000033    0.0000000023   -0.0000000037   -0.0000000252    0.0000000014   -0.0000000034   -0.0000000056   -0.0000008054    0.0024832820   -0.0000000238   -0.0000000012   -0.0000000010    0.0000000176   -0.0000000073    0.0000000077   -0.0000000152   -0.0000000208    0.0000000060   -0.0000000018   -0.0016425641   -0.0000000095    0.0000000024    0.0000000000    0.0000000423   -0.0000000248   -0.0000000047   -0.0000000001    0.0000474273   -0.0000000018    0.0000000354    0.0000000074    0.0000000071   -0.0000000368   -0.0020297601   -0.0000000237    0.0004847700   -0.0000000109   -0.0000000035   -0.0000000023
  0.0000008139    0.0031901276    0.0000000265    0.0000000143   -0.0000000633   -0.0000005668    0.0000000336    0.0269541419    0.0000000075   -0.0000000407   -0.0000002431   -0.0172287582    0.0000000203   -0.0000000025    0.0000000115   -0.0000000299   -0.0000000496    0.0000000205    0.0000000170   -0.0000000507    0.0050446917    0.0000000264   -0.0000000259    0.0000002172    0.0000000125   -0.0000000402   -0.0160983511   -0.0000000003    0.0000000208   -0.0000000220    0.0000000666    0.0098325348    0.0000003120    0.0136018758    0.0000000030    0.0000000053   -0.0000000052    0.0000000183    0.0000000027    0.0000000034   -0.0000000132    0.0000000646   -0.0000000045    0.0000000012   -0.0000000090    0.0000000014   -0.0000000018   -0.0000000220    0.0000000018   -0.0000000395    0.0021226643   -0.0000000010   -0.0000000031   -0.0013687799   -0.0000000068    0.0000000137   -0.0000000126   -0.0000000172   -0.0000000023    0.0000000029    0.0000000403    0.0013118511    0.0000000069   -0.0000000006    0.0000000258   -0.0000000385   -0.0000000012    0.0000000041   -0.0000000073   -0.0000659142    0.0000000062    0.0000000384   -0.0000000089    0.0000000142    0.0000000444    0.0021436094   -0.0000000254   -0.0004027387    0.0000000014    0.0000000018
  0.0000002574   -0.0000004694   -0.0606924411   -0.0000000197    0.0000006549   -0.0000000236   -0.0000000003   -0.0000000226   -0.0000000314    0.0000000644    0.0000000592    0.0000000290    0.0106010001   -0.0040260392   -0.0000000201    0.0000000414    0.0000000760   -0.0000000094   -0.0058078729    0.0000000251   -0.0000000671    0.0000000092    0.0140816709    0.0000000143    0.0000000098    0.0000001229    0.0000000220   -0.0000000166    0.0000000006    0.0000000086   -0.0000001062    0.0000000035   -0.0000000585   -0.0000000200   -0.0000000054   -0.0000000116   -0.0000000058    0.0000000069   -0.0000000081   -0.0000000159    0.0007751410    0.0000000048    0.0000000007    0.0000000068    0.0005757155   -0.0000000185    0.0000000006   -0.0000000107   -0.0000000708   -0.0000000366    0.0000000058    0.0000000053   -0.0000000046   -0.0000000434   -0.0009628793    0.0000000254   -0.0002864773    0.0000000047   -0.0000000013    0.0000000023    0.0000000007    0.0000000172    0.0000000048   -0.0000000036   -0.0002080218   -0.0000000044   -0.0000000053    0.0000000020   -0.0000000210    0.0000000076   -0.0002230009    0.0000000048    0.0000000030    0.0000000014    0.0000000059    0.0000000024   -0.0000000451   -0.0000000178    0.0000000031    0.0000000007
 -0.0000003366   -0.0000009602    0.0000013890   -0.0000000219   -0.0551691154    0.0000000716    0.0000000022    0.0000000244   -0.0000000524    0.0000000153   -0.0000000089    0.0000000135   -0.0000003031   -0.0000001013   -0.0000000374   -0.0070105649   -0.0056626028   -0.0000000027    0.0000000685   -0.0000000196    0.0000000179   -0.0000000642   -0.0000003228   -0.0000000155   -0.0000000242   -0.0118398230    0.0000000053   -0.0000000147    0.0000000177   -0.0000000131    0.0076969973   -0.0000000137   -0.0000000018   -0.0000000843   -0.0000000036   -0.0000000068    0.0000000104   -0.0000000062   -0.0000000056   -0.0000000129   -0.0000000164    0.0011464089    0.0000000128   -0.0000000071   -0.0000000226   -0.0000000059    0.0000000014   -0.0006445730   -0.0000000436   -0.0000000030    0.0000000304   -0.0000000013    0.0000000011   -0.0000000799    0.0000000119   -0.0010047559    0.0000000073   -0.0004931274    0.0000000036   -0.0000000022    0.0000000130   -0.0000000292   -0.0000000020   -0.0000000029    0.0000000176   -0.0001494727   -0.0000000005    0.0000000026    0.0000000041   -0.0000000171    0.0000000004    0.0002695282    0.0000000066   -0.0000000001    0.0000000071    0.0000000143   -0.0000000159   -0.0000000474    0.0000000019   -0.0000000041
 -0.0000008125    0.0000000614    0.0000001230   -0.0000000248    0.0000001375    0.0000000870   -0.0000000298   -0.0000000022   -0.0526490048    0.0000008139   -0.0000001057    0.0000001147   -0.0000001143   -0.0000000624   -0.0000000135    0.0000000114    0.0000000115    0.0000000015   -0.0000000652    0.0000000388   -0.0000000520    0.0000000373   -0.0000000038    0.0000000037   -0.0000000131    0.0000000042    0.0000000260   -0.0171170231    0.0000000198    0.0000002875   -0.0000000042   -0.0000000688    0.0000000501   -0.0000000306   -0.0021104022   -0.0000000726   -0.0000000188    0.0000000039   -0.0012054836   -0.0000000642   -0.0000000147   -0.0000000080    0.0033767040    0.0000000158   -0.0000000044   -0.0000000025   -0.0000000004    0.0000000020    0.0000000013   -0.0000000029   -0.0000000010   -0.0000000019   -0.0000000018    0.0000000067   -0.0000000056    0.0000000003    0.0000000133    0.0000000025    0.0000000049   -0.0000000006   -0.0000000006   -0.0000000014   -0.0002142294   -0.0000000097    0.0000000015    0.0000000061    0.0000840370   -0.0000000267    0.0000000031    0.0000000025   -0.0000000036   -0.0000000008    0.0000000005    0.0000000016   -0.0000000003   -0.0000000007    0.0000000010    0.0000000041    0.0013636242   -0.0000000184
  0.0000001682   -0.0000011764   -0.0000000505    0.0000000277    0.0000001490    0.0000000134   -0.0000000036    0.0000000184    0.0000009929   -0.0482414377    0.0000000838   -0.0000000296   -0.0000000385   -0.0000000433   -0.0000000394    0.0000000040    0.0000000126    0.0000000494   -0.0000000382   -0.0000000443    0.0000000121   -0.0000000233    0.0000000044   -0.0000000041    0.0000000166    0.0000000341   -0.0000000059    0.0000002888   -0.0000000056   -0.0160901797    0.0000000226    0.0000000336   -0.0000000625    0.0000000078    0.0000000289    0.0034681869   -0.0000000197    0.0000000050   -0.0000000529    0.0004649338    0.0000000056   -0.0000000057   -0.0000000520   -0.0027833744   -0.0000000067   -0.0000000035   -0.0000000020    0.0000000074    0.0000000061    0.0000000054    0.0000000017   -0.0000000016    0.0000000007   -0.0000000010    0.0000000015    0.0000000031   -0.0000000004    0.0000000008    0.0000000025    0.0000000011   -0.0000000026    0.0000000011    0.0000000052    0.0002152342   -0.0000000016    0.0000000049    0.0000000090    0.0000597758    0.0000000020    0.0000000031   -0.0000000017   -0.0000000038    0.0000000016    0.0000000004   -0.0000000005   -0.0000000015    0.0000000012    0.0000000024   -0.0000000207    0.0013615645
  0.0161260332    0.0000032678   -0.0000001493    0.0000000979   -0.0000000738   -0.0056347034   -0.0000000504    0.0000000641    0.0000000738    0.0000000297    0.0769735113    0.0000009935   -0.0000000665    0.0000000124    0.0000001186   -0.0000000214   -0.0000000528    0.0000000292   -0.0000000048   -0.0154487366   -0.0000002433   -0.0098876925   -0.0000000536   -0.0042609316    0.0000000550   -0.0000000111    0.0000002176    0.0000000099    0.0000000367    0.0000000174    0.0000000504   -0.0000006074   -0.0454595010   -0.0000002167    0.0000000210    0.0000000091    0.0000000125   -0.0000000002    0.0000000159    0.0000000066    0.0000000114    0.0000000184    0.0000000088    0.0000000036   -0.0000000160    0.0000000097   -0.0000000110    0.0000000008    0.0000294914    0.0029418187   -0.0000000422   -0.0000000027   -0.0000000082    0.0000000218   -0.0000000402    0.0000000339   -0.0000000040    0.0000000117    0.0000000056   -0.0000000016   -0.0017544864    0.0000000068   -0.0000000039    0.0000000010   -0.0000000082   -0.0000000072   -0.0000000023    0.0000000005    0.0002462690    0.0000000116    0.0000000047    0.0000000080    0.0000000012   -0.0000000274   -0.0016706440   -0.0000000187    0.0008040340    0.0000000109   -0.0000000004   -0.0000000012
 -0.0000034370    0.0265888070    0.0000000933   -0.0000000628    0.0000000874   -0.0000003033    0.0000000394    0.0003339357    0.0000000116    0.0000000497    0.0000010601    0.0746392839    0.0000000533    0.0000000211   -0.0000000880    0.0000000314    0.0000001010   -0.0000000578   -0.0000000742   -0.0000001944   -0.0192266526   -0.0000001513    0.0000000119    0.0000000080   -0.0000000488    0.0000000416    0.0152557951    0.0000000084   -0.0000000400    0.0000000015   -0.0000000725   -0.0375650342   -0.0000007534   -0.0223047974   -0.0000000114   -0.0000000213   -0.0000000031   -0.0000000093   -0.0000000112   -0.0000000128    0.0000000530    0.0000000053    0.0000000064   -0.0000000070   -0.0000000039   -0.0000000046    0.0000000091   -0.0000000013   -0.0000000077    0.0000000382   -0.0025937656    0.0000000034    0.0000000089    0.0010033014    0.0000000326   -0.0000000210   -0.0000000076    0.0000000043    0.0000000007    0.0000000025   -0.0000000443   -0.0014337335   -0.0000000000   -0.0000000016   -0.0000000235    0.0000000090   -0.0000000007   -0.0000000037   -0.0000000010    0.0002634320   -0.0000000037    0.0000000079    0.0000000000   -0.0000000144   -0.0000000527   -0.0017169736    0.0000000154    0.0006907146   -0.0000000044    0.0000000018
  0.0000039584    0.0000029713   -0.0000000211   -0.0081198387   -0.0000000316    0.0000000082    0.0000003460    0.0000000197    0.0000001907    0.0000000087    0.0000000896    0.0000000002   -0.0000000289   -0.0000000345   -0.0576485682    0.0000001102   -0.0000000378   -0.0000006247    0.0000000142   -0.0000000546    0.0000000913    0.0000000394   -0.0000000117   -0.0000000682   -0.0125915735    0.0000000234    0.0000000103    0.0000000383   -0.0000001706    0.0000000117    0.0000000109   -0.0000000115   -0.0000000451    0.0000000302    0.0000000220    0.0000000087    0.0015644849   -0.0000000108    0.0000000129   -0.0000000017   -0.0000000135   -0.0000000007   -0.0000000010    0.0000000096   -0.0000001748   -0.0058986338    0.0000000525   -0.0000000079   -0.0000000049   -0.0000000039    0.0000000028    0.0063497856    0.0000000897    0.0000000085   -0.0000000065    0.0000000046    0.0000000051    0.0000000032    0.0000256688   -0.0000000052    0.0000000056    0.0000000018    0.0000000029    0.0000000024   -0.0000000032    0.0000000040   -0.0000000101   -0.0000000000    0.0000000055    0.0000000005   -0.0000000026    0.0000000020   -0.0027924269   -0.0000000328   -0.0000000094   -0.0000000096   -0.0000000009   -0.0000000022    0.0000000027    0.0000000002
  0.0000031186    0.0000051430    0.0000000044    0.0000009487   -0.0000000227    0.0000000712    0.0023336988    0.0000000133    0.0000001235   -0.0000000466   -0.0000000536   -0.0000000442   -0.0000000129    0.0000000026    0.0000009557    0.0000000077    0.0000000115    0.0533758328    0.0000000292   -0.0000001931    0.0000001405    0.0000000693    0.0000000075   -0.0000000312    0.0000002941   -0.0000000116    0.0000000543   -0.0000000197    0.0132963141   -0.0000000223    0.0000000070   -0.0000000552    0.0000000289    0.0000000281    0.0000000189    0.0000000090    0.0000000023   -0.0005186051    0.0000000174    0.0000000052   -0.0000000010    0.0000000171   -0.0000000005    0.0000000084    0.0000000001    0.0000000840   -0.0046724086    0.0000000054    0.0000000066    0.0000000010    0.0000000079   -0.0000001086   -0.0065576139   -0.0000000097    0.0000000017    0.0000000005   -0.0000000022    0.0000000066    0.0000000335   -0.0001357531   -0.0000000008   -0.0000000051   -0.0000000031    0.0000000056    0.0000000017   -0.0000000020   -0.0000000050    0.0000000080    0.0000000006    0.0000000081    0.0000000021   -0.0000000069    0.0000000509    0.0027394850   -0.0000000468   -0.0000000130    0.0000000012   -0.0000000022    0.0000000020   -0.0000000048
  0.4632187960    0.0000246799   -0.0000008937    0.0000001903    0.0000006507   -0.0283436798    0.0000002599    0.0000007494    0.0000000496    0.0000000133    0.0097938462   -0.0000000381   -0.0000000031   -0.0000000395   -0.0000001550    0.0000000164    0.0000000352    0.0000000658   -0.0000000469   -0.0114883772    0.0000003369   -0.0132549856    0.0000001145    0.0056230037   -0.0000000409    0.0000000269   -0.0000001528    0.0000000010    0.0000000078    0.0000000172   -0.0000000138    0.0000000026    0.0008955098   -0.0000000397    0.0000000045   -0.0000000038   -0.0000000021    0.0000000026    0.0000000133   -0.0000000129   -0.0000000749    0.0000000591    0.0000000078    0.0000000072    0.0000000272   -0.0000000072    0.0000000011   -0.0000000166   -0.0016973763    0.0008039294    0.0000000313    0.0000000281   -0.0000000187   -0.0000000625   -0.0000000073   -0.0000000166   -0.0000000314   -0.0000000202    0.0000000026   -0.0000000024    0.0004282406   -0.0000000186   -0.0000000013   -0.0000000072    0.0000000637   -0.0000000435   -0.0000000016   -0.0000000038   -0.0008893214   -0.0000000360    0.0000000136    0.0000000189   -0.0000000167    0.0000000195    0.0003291796   -0.0000000010    0.0000759202   -0.0000000147    0.0000000060    0.0000000105
 -0.0000026137    0.8788582688   -0.0000012570   -0.0000005847    0.0000009574   -0.0000014515   -0.0000003790    0.0155775753    0.0000000244    0.0000000517    0.0000001283    0.0022319969    0.0000001557   -0.0000000269   -0.0000000443   -0.0000000202    0.0000000196    0.0000000830   -0.0000000170    0.0000000220   -0.0065320473   -0.0000003812    0.0000000558    0.0000000667   -0.0000000430    0.0000000083   -0.0054242063    0.0000000179    0.0000000730   -0.0000000061    0.0000000578    0.0019796620   -0.0000000222   -0.0024368249    0.0000000069   -0.0000000054    0.0000000058   -0.0000000048    0.0000000072   -0.0000000126    0.0000000415   -0.0000000796   -0.0000000122   -0.0000000071    0.0000000236   -0.0000000017   -0.0000000009   -0.0000000020    0.0000000289    0.0000000604   -0.0003303337    0.0000000124   -0.0000000181   -0.0007664184    0.0000000074   -0.0000000103    0.0000000081    0.0000000144   -0.0000000029    0.0000000037   -0.0000000151   -0.0002995979    0.0000000025   -0.0000000017   -0.0000000286    0.0000000507   -0.0000000065   -0.0000000046    0.0000000138   -0.0009942383   -0.0000000249   -0.0000000236   -0.0000000085    0.0000000170    0.0000000043   -0.0002198809    0.0000000269    0.0000510594    0.0000000137    0.0000000047

# Root 7  E=0.3539157348 Ha  9.630543 eV
  0.0000000000    0.0000000000    0.0000000000    0.0000000000    0.0000000000    0.0000000000    0.0000000000    0.0000000000    0.0000000000    0.0000000000    0.0000000000    0.0000000000    0.0000000000    0.0000000000    0.0000000000    0.0000000000    0.0000000000    0.0000000000    0.0000000000    0.0000000000    0.0000000000    0.0000000000    0.0000000000    0.0000000000    0.0000000000    0.0000000000    0.0000000000    0.0000000000    0.0000000000    0.0000000000    0.0000000000    0.0000000000    0.0000000000    0.0000000000    0.0000000000    0.0000000000    0.0000000000    0.0000000000    0.0000000000    0.0000000000    0.0000000000    0.0000000000    0.0000000000    0.0000000000    0.0000000000    0.0000000000    0.0000000000    0.0000000000    0.0000000000    0.0000000000    0.0000000000    0.0000000000    0.0000000000    0.0000000000    0.0000000000    0.0000000000    0.0000000000    0.0000000000    0.0000000000    0.0000000000    0.0000000000    0.0000000000    0.0000000000    0.0000000000    0.0000000000    0.0000000000    0.0000000000    0.0000000000    0.0000000000    0.0000000000    0.0000000000    0.0000000000    0.0000000000    0.0000000000    0.0000000000    0.0000000000    0.0000000000    0.0000000000    0.0000000000    0.0000000000
  0.0000000000    0.0000000000    0.0000000000    0.0000000000    0.0000000000    0.0000000000    0.0000000000    0.0000000000    0.0000000000    0.0000000000    0.0000000000    0.0000000000    0.0000000000    0.0000000000    0.0000000000    0.0000000000    0.0000000000    0.0000000000    0.0000000000    0.0000000000    0.0000000000    0.0000000000    0.0000000000    0.0000000000    0.0000000000    0.0000000000    0.0000000000    0.0000000000    0.0000000000    0.0000000000    0.0000000000    0.0000000000    0.0000000000    0.0000000000    0.0000000000    0.0000000000    0.0000000000    0.0000000000    0.0000000000    0.0000000000    0.0000000000    0.0000000000    0.0000000000    0.0000000000    0.0000000000    0.0000000000    0.0000000000    0.0000000000    0.0000000000    0.0000000000    0.0000000000    0.0000000000    0.0000000000    0.0000000000    0.0000000000    0.0000000000    0.0000000000    0.0000000000    0.0000000000    0.0000000000    0.0000000000    0.0000000000    0.0000000000    0.0000000000    0.0000000000    0.0000000000    0.0000000000    0.0000000000    0.0000000000    0.0000000000    0.0000000000    0.0000000000    0.0000000000    0.0000000000    0.0000000000    0.0000000000    0.0000000000    0.0000000000    0.0000000000    0.0000000000
  0.0000000000    0.0000000000    0.0000000000    0.0000000000    0.0000000000    0.0000000000    0.0000000000    0.0000000000    0.0000000000    0.0000000000    0.0000000000    0.0000000000    0.0000000000    0.0000000000    0.0000000000    0.0000000000    0.0000000000    0.0000000000    0.0000000000    0.0000000000    0.0000000000    0.0000000000    0.0000000000    0.0000000000    0.0000000000    0.0000000000    0.0000000000    0.0000000000    0.0000000000    0.0000000000    0.0000000000    0.0000000000    0.0000000000    0.0000000000    0.0000000000    0.0000000000    0.0000000000    0.0000000000    0.0000000000    0.0000000000    0.0000000000    0.0000000000    0.0000000000    0.0000000000    0.0000000000    0.0000000000    0.0000000000    0.0000000000    0.0000000000    0.0000000000    0.0000000000    0.0000000000    0.0000000000    0.0000000000    0.0000000000    0.0000000000    0.0000000000    0.0000000000    0.0000000000    0.0000000000    0.0000000000    0.0000000000    0.0000000000    0.0000000000    0.0000000000    0.0000000000    0.0000000000    0.0000000000    0.0000000000    0.0000000000    0.0000000000    0.0000000000    0.0000000000    0.0000000000    0.0000000000    0.0000000000    0.0000000000    0.0000000000    0.0000000000    0.0000000000
  0.0000000000    0.0000000000    0.0000000000    0.0000000000    0.0000000000    0.0000000000    0.0000000000    0.0000000000    0.0000000000    0.0000000000    0.0000000000    0.0000000000    0.0000000000    0.0000000000    0.0000000000    0.0000000000    0.0000000000    0.0000000000    0.0000000000    0.0000000000    0.0000000000    0.0000000000    0.0000000000    0.0000000000    0.0000000000    0.0000000000    0.0000000000    0.0000000000    0.0000000000    0.0000000000    0.0000000000    0.0000000000    0.0000000000    0.0000000000    0.0000000000    0.0000000000    0.0000000000    0.0000000000    0.0000000000    0.0000000000    0.0000000000    0.0000000000    0.0000000000    0.0000000000    0.0000000000    0.0000000000    0.0000000000    0.0000000000    0.0000000000    0.0000000000    0.0000000000    0.0000000000    0.0000000000    0.0000000000    0.0000000000    0.0000000000    0.0000000000    0.0000000000    0.0000000000    0.0000000000    0.0000000000    0.0000000000    0.0000000000    0.0000000000    0.0000000000    0.0000000000    0.0000000000    0.0000000000    0.0000000000    0.0000000000    0.0000000000    0.0000000000    0.0000000000    0.0000000000    0.0000000000    0.0000000000    0.0000000000    0.0000000000    0.0000000000    0.0000000000
  0.0000000219   -0.0000000184    0.0013358301   -0.0000000519   -0.0000002523   -0.0000000674   -0.0000000184    0.0000000222    0.0000000226    0.0000000068    0.0000000521   -0.0000000233    0.0009049276    0.0004707192   -0.0000000189   -0.0000000052    0.0000000189    0.0000000063    0.0017157497   -0.0000000060    0.0000000125   -0.0000000137    0.0000030577   -0.0000000102   -0.0000000084   -0.0000000177   -0.0000000258    0.0000000048    0.0000000008    0.0000000000    0.0000000271    0.0000000127   -0.0000000339    0.0000000204    0.0000000039   -0.0000000010    0.0000000051    0.0000000036    0.0000000004   -0.0000000011   -0.0005820449   -0.0000000081   -0.0000000019   -0.0000000003   -0.0000271663   -0.0000000030   -0.0000000011   -0.0000000031   -0.0000000025    0.0000000020    0.0000000034   -0.0000000003   -0.0000000000   -0.0000000025   -0.0000536933    0.0000000011    0.0009281018   -0.0000000172    0.0000000004   -0.0000000006   -0.0000000018    0.0000000012   -0.0000000011    0.0000000002    0.0000148785   -0.0000000025    0.0000000012   -0.0000000005   -0.0000000056   -0.0000000038   -0.0000125984    0.0000000010    0.0000000007   -0.0000000002   -0.0000000035    0.0000000023   -0.0000000013   -0.0000000009   -0.0000000001    0.0000000001
 -0.0000000144    0.0000000586    0.0000005299   -0.0000000037   -0.0010218494    0.0000000335    0.0000000346    0.0000001172    0.0000000026   -0.0000000198    0.0000000269   -0.0000000045    0.0000000232    0.0000000225   -0.0000000026    0.0004947934    0.0014646878   -0.0000000165    0.0000000308    0.0000000172    0.0000000052   -0.0000000042   -0.0000000430   -0.0000000129   -0.0000000020    0.0005832227   -0.0000000350    0.0000000019   -0.0000000055    0.0000000011    0.0009613827    0.0000000135   -0.0000000238    0.0000000168   -0.0000000002    0.0000000044   -0.0000000036    0.0000000014   -0.0000000005   -0.0000000012   -0.0000000087   -0.0006213904   -0.0000000010   -0.0000000009   -0.0000000029   -0.0000000000    0.0000000022   -0.0000347655   -0.0000000013    0.0000000028    0.0000000054   -0.0000000000   -0.0000000006   -0.0000000048    0.0000000059    0.0001968973    0.0000000116   -0.0008979837    0.0000000008    0.0000000009   -0.0000000027    0.0000000006   -0.0000000005   -0.0000000006    0.0000000006    0.0000154801    0.0000000007   -0.0000000011   -0.0000000030   -0.0000000051    0.0000000005   -0.0000173834    0.0000000002    0.0000000002   -0.0000000037    0.0000000027    0.0000000002   -0.0000000021    0.0000000002    0.0000000001
 -0.0361679701    0.0000006560    0.0000000846    0.0000000567    0.0000002167    0.0019249182   -0.0000000390   -0.0000000728   -0.0000000036   -0.0000000006   -0.0000656432   -0.0000000429    0.0000000182    0.0000000036    0.0000000119    0.0000000083   -0.0000000156    0.0000000317    0.0000000350    0.0035170566    0.0000000783   -0.0039536055    0.0000000180    0.0001943258   -0.0000000041    0.0000000130    0.0000000282   -0.0000000016    0.0000000010    0.0000000002    0.0000000006   -0.0000000142   -0.0000263365    0.0000000161    0.0000000002   -0.0000000000   -0.0000000014   -0.0000000034    0.0000000012    0.0000000040   -0.0000000018    0.0000000039    0.0000000000    0.0000000000    0.0000000024    0.0000000004   -0.0000000018    0.0000000015    0.0006037016   -0.0000613430   -0.0000000013    0.0000000017   -0.0000000005   -0.0000000129   -0.0000000010    0.0000000008   -0.0000000022    0.0000000012    0.0000000006    0.0000000011    0.0000157598   -0.0000000018   -0.0000000001   -0.0000000004    0.0000000002   -0.0000000009   -0.0000000007    0.0000000001   -0.0011164580    0.0000000168   -0.0000000003    0.0000000015   -0.0000000009    0.0000000002    0.0000052467   -0.0000000013    0.0000060118   -0.0000000008    0.0000000003    0.0000000003
 -0.0000003423    0.0333118271   -0.0000002323    0.0000000361    0.0000003796    0.0000001257   -0.0000000490   -0.0029631811    0.0000000106    0.0000000038   -0.0000000109   -0.0002765425    0.0000000340    0.0000000020    0.0000000079    0.0000000057   -0.0000000014    0.0000000131   -0.0000000034    0.0000000586    0.0032429382   -0.0000000319    0.0000000473   -0.0000000270   -0.0000000031    0.0000000165    0.0016003862    0.0000000001   -0.0000000009    0.0000000011   -0.0000000021   -0.0009284403    0.0000000083    0.0005317910    0.0000000006   -0.0000000011   -0.0000000033   -0.0000000003   -0.0000000018   -0.0000000014    0.0000000012    0.0000000008   -0.0000000002    0.0000000002    0.0000000018   -0.0000000005   -0.0000000031    0.0000000018    0.0000000076   -0.0000000029   -0.0000619131    0.0000000014   -0.0000000009   -0.0005741334   -0.0000000050    0.0000000037   -0.0000000017    0.0000000021    0.0000000023   -0.0000000003    0.0000000005   -0.0000090571   -0.0000000007    0.0000000006   -0.0000000009   -0.0000000024    0.0000000010    0.0000000003   -0.0000000191    0.0011457954    0.0000000019    0.0000000009    0.0000000003   -0.0000000011   -0.0000000018   -0.0000051677   -0.0000000027   -0.0000277180   -0.0000000004   -0.0000000001
 -0.0000000367   -0.0000000487   -0.0000006735   -0.0012722367   -0.0000000334    0.0000001021   -0.0000001486    0.0000000170   -0.0000001357   -0.0000000540   -0.0000000207    0.0000000009    0.0000000168   -0.0000000152   -0.0002182732   -0.0000000048   -0.0000000044    0.0000000938   -0.0000000112    0.0000000095   -0.0000000026   -0.0000000085    0.0000000310   -0.0000000004   -0.0000423276   -0.0000000072   -0.0000000014   -0.0000000306    0.0000000122   -0.0000000232   -0.0000000011   -0.0000000005    0.0000000052   -0.0000000003   -0.0000000075    0.0000000010   -0.0039945201    0.0000000541    0.0000000005    0.0000000003    0.0000000077    0.0000000095    0.0000000088   -0.0000000020    0.0000000018   -0.0000075124   -0.0000000063   -0.0000000002   -0.0000000000    0.0000000011    0.0000000014    0.0000302682    0.0000000015    0.0000000012   -0.0000000028   -0.0000000008   -0.0000000022    0.0000000018    0.0017848279    0.0000002719   -0.0000000002   -0.0000000011    0.0000000010    0.0000000012    0.0000000006   -0.0000000000   -0.0000000017    0.0000000024   -0.0000000000   -0.0000000022   -0.0000000006   -0.0000000002   -0.0000189103   -0.0000000040   -0.0000000013    0.0000000004    0.0000000004   -0.0000000003    0.0000000029    0.0000000017
 -0.0000000037    0.0000000017    0.0000001372    0.0000003527    0.0000006476    0.0000000669    0.0001155046   -0.0000000186   -0.0000001175   -0.0000000453   -0.0000000130   -0.0000000068   -0.0000000039    0.0000000065    0.0000000763    0.0000000190    0.0000000115   -0.0004387357    0.0000000031    0.0000000126   -0.0000000018   -0.0000000098   -0.0000000097    0.0000000013    0.0000000570    0.0000000300    0.0000000028   -0.0000000281    0.0001646670   -0.0000000273   -0.0000000056   -0.0000000007    0.0000000035    0.0000000001   -0.0000000074    0.0000000024   -0.0000000778    0.0040173845   -0.0000000020   -0.0000000023   -0.0000000092   -0.0000000027    0.0000000050   -0.0000000046   -0.0000000005    0.0000000078    0.0000216530    0.0000000012    0.0000000010    0.0000000005    0.0000000019    0.0000000006    0.0000192677    0.0000000010   -0.0000000002    0.0000000020    0.0000000061    0.0000000023    0.0000003320   -0.0018113695    0.0000000002   -0.0000000022    0.0000000002    0.0000000011   -0.0000000001   -0.0000000008    0.0000000018   -0.0000000011   -0.0000000025   -0.0000000000   -0.0000000001   -0.0000000003   -0.0000000009    0.0000041206   -0.0000000008    0.0000000001    0.0000000001   -0.0000000005    0.0000000020    0.0000000032
 -0.0000002990   -0.0000002450   -0.0036164466   -0.0000001186   -0.0000011457    0.0000000060    0.0000000407    0.0000000178    0.0000000268   -0.0000000002    0.0000001284   -0.0000000739    0.0003856432    0.0008670304   -0.0000000298   -0.0000000538   -0.0000000060   -0.0000000145    0.0010902968   -0.0000000089    0.0000000191   -0.0000000301    0.0002770838   -0.0000000166   -0.0000000107   -0.0000000329   -0.0000000266    0.0000000036   -0.0000000053   -0.0000000032    0.0000000158    0.0000000652   -0.0000000529    0.0000000261    0.0000000017    0.0000000032    0.0000000005   -0.0000000065   -0.0000000052   -0.0000000111   -0.0058472601   -0.0000001090   -0.0000000016   -0.0000000018   -0.0001045649    0.0000000001    0.0000000011   -0.0000000113    0.0000000005    0.0000000052    0.0000000050   -0.0000000004   -0.0000000009   -0.0000000013   -0.0001668251    0.0000000047    0.0025785649   -0.0000000506    0.0000000020    0.0000000016   -0.0000000017    0.0000000001    0.0000000005   -0.0000000012    0.0000020595   -0.0000000005    0.0000000014   -0.0000000015   -0.0000000092   -0.0000000082    0.0000319648    0.0000000074    0.0000000007    0.0000000006   -0.0000000050   -0.0000000013   -0.0000000017   -0.0000000032    0.0000000005    0.0000000005
  0.0000001491    0.0000000535   -0.0000015565    0.0000000585   -0.0023779013    0.0000001119   -0.0000001141   -0.0000000401   -0.0000000093    0.0000000123   -0.0000001139    0.0000001027   -0.0000000208    0.0000000147    0.0000000153   -0.0003797843   -0.0008713757    0.0000000371   -0.0000000493    0.0000000105   -0.0000000288    0.0000000160    0.0000000794   -0.0000000032    0.0000000061   -0.0003698366    0.0000000164   -0.0000000024    0.0000000078    0.0000000070   -0.0012871916   -0.0000000806    0.0000000533   -0.0000000374   -0.0000000017   -0.0000000024    0.0000000040    0.0000000008    0.0000000093    0.0000000036    0.0000000752    0.0058706954    0.0000000008    0.0000000021    0.0000000052    0.0000000014   -0.0000000031    0.0000639568    0.0000000019   -0.0000000025   -0.0000000044    0.0000000003   -0.0000000005    0.0000000014   -0.0000000137   -0.0006749024   -0.0000000253    0.0022868442   -0.0000000048   -0.0000000025    0.0000000033   -0.0000000032   -0.0000000004    0.0000000016    0.0000000030   -0.0000569942   -0.0000000011    0.0000000015    0.0000000029    0.0000000071   -0.0000000029   -0.0000171003   -0.0000000004   -0.0000000006    0.0000000067    0.0000000014    0.0000000010    0.0000000047   -0.0000000001   -0.0000000008
  0.0000001904    0.0000001055    0.0000019039   -0.0000001542   -0.0000009376   -0.0000001498    0.0000000564   -0.0000000085   -0.0012440844    0.0000000724    0.0000000238    0.0000000051   -0.0000000448    0.0000000111   -0.0000001140   -0.0000000154   -0.0000000060    0.0000000399   -0.0000000072   -0.0000000023    0.0000000033    0.0000000040   -0.0000000267    0.0000000072   -0.0000000352   -0.0000000158    0.0000000012   -0.0001067729    0.0000000128    0.0000000251   -0.0000000047   -0.0000000027   -0.0000000004    0.0000000017   -0.0002468366   -0.0000000069    0.0000000061   -0.0000000013    0.0036938570    0.0000000455   -0.0000000040   -0.0000000014    0.0000243658    0.0000000006   -0.0000000047   -0.0000000145   -0.0000000036   -0.0000000015    0.0000000003   -0.0000000015    0.0000000001    0.0000000110   -0.0000000089    0.0000000017    0.0000000109   -0.0000000049    0.0000000008   -0.0000000023    0.0000000021    0.0000000030   -0.0000000005   -0.0000000005    0.0000312620   -0.0000000010    0.0000000046   -0.0000000080   -0.0018321351    0.0000001840   -0.0000000009    0.0000000006    0.0000000023    0.0000000017   -0.0000000042    0.0000000043    0.0000000001   -0.0000000004   -0.0000000011    0.0000000006    0.0000059420   -0.0000000006
 -0.0000001547   -0.0000001128    0.0000009321   -0.0000001390   -0.0000014362   -0.0000000283    0.0000002094    0.0000001031    0.0000001896   -0.0001893411    0.0000000075    0.0000000221   -0.0000000192    0.0000000068   -0.0000000882   -0.0000000219   -0.0000000082    0.0000000301   -0.0000000075    0.0000000007   -0.0000000064   -0.0000000030   -0.0000000059    0.0000000014   -0.0000000288   -0.0000000299   -0.0000000080    0.0000000301    0.0000000116   -0.0002423776   -0.0000000035    0.0000000008   -0.0000000000   -0.0000000026    0.0000000004   -0.0004091543    0.0000000062    0.0000000038    0.0000001639   -0.0036983635    0.0000000051   -0.0000000005   -0.0000000013    0.0000642476   -0.0000000026   -0.0000000086   -0.0000000054   -0.0000000017   -0.0000000017    0.0000000004    0.0000000006    0.0000000085   -0.0000000112   -0.0000000024    0.0000000083   -0.0000000056   -0.0000000011   -0.0000000022   -0.0000000014   -0.0000000001    0.0000000000   -0.0000000005    0.0000000010    0.0000649539    0.0000000046   -0.0000000080   -0.0000002431   -0.0018503519   -0.0000000003   -0.0000000012    0.0000000017    0.0000000029   -0.0000000037    0.0000000059   -0.0000000005   -0.0000000002    0.0000000006   -0.0000000011   -0.0000000010    0.0000028387
  0.0000008548   -0.0000017133    0.7134288008    0.0000001559    0.0000032713   -0.0000001440   -0.0000005655    0.0000000094   -0.0000000056    0.0000000088    0.0000000245    0.0000000121   -0.0189012346    0.0106173084   -0.0000000142    0.0000001301    0.0000000992   -0.0000000162    0.0064312006   -0.0000000372    0.0000000037   -0.0000000420   -0.0262977472    0.0000000702   -0.0000000017    0.0000001771    0.0000000174   -0.0000000196    0.0000000369    0.0000000111   -0.0000001723   -0.0000000110   -0.0000000021   -0.0000000000    0.0000000003   -0.0000000017    0.0000000012   -0.0000000011    0.0000000100   -0.0000000091    0.0000097921   -0.0000000188    0.0000000002    0.0000000027    0.0001301476   -0.0000000041    0.0000000018   -0.0000000220   -0.0000000146   -0.0000000082    0.0000000071    0.0000000007    0.0000000020    0.0000000035   -0.0022081050   -0.0000000414   -0.0000689656   -0.0000000049   -0.0000000006    0.0000000001    0.0000000022    0.0000000017    0.0000000007    0.0000000008    0.0002338129    0.0000000057   -0.0000000056   -0.0000000035   -0.0000000052   -0.0000000018   -0.0012484675    0.0000000221    0.0000000004   -0.0000000002    0.0000000028    0.0000000025   -0.0000000091   -0.0000000041    0.0000000003    0.0000000008
 -0.0000001324    0.0000011169   -0.0000190328    0.0000011492   -0.6974661154    0.0000012621   -0.0000000541   -0.0000007813    0.0000000317    0.0000000265   -0.0000000443   -0.0000000562    0.0000004043   -0.0000002527   -0.0000000865   -0.0149674044   -0.0057900234    0.0000000190   -0.0000001556   -0.0000000379   -0.0000000174    0.0000000205    0.0000005598   -0.0000000292    0.0000000244   -0.0215458503    0.0000000772    0.0000000176    0.0000000179   -0.0000000396    0.0138281375    0.0000000137    0.0000000221   -0.0000000009   -0.0000000022   -0.0000000018    0.0000000030   -0.0000000003    0.0000000049   -0.0000000069   -0.0000000043    0.0008048665   -0.0000000013   -0.0000000000    0.0000000035   -0.0000000037    0.0000000003    0.0007925264    0.0000000056    0.0000000032   -0.0000000059    0.0000000044   -0.0000000002    0.0000000108    0.0000000234    0.0021949639    0.0000000023   -0.0000916628    0.0000000002   -0.0000000001   -0.0000000016    0.0000000002    0.0000000000   -0.0000000008   -0.0000000063   -0.0002218467   -0.0000000002   -0.0000000020    0.0000000052    0.0000000007    0.0000000216   -0.0013218350   -0.0000000005   -0.0000000013   -0.0000000056   -0.0000000066    0.0000000021    0.0000000092   -0.0000000000    0.0000000010

# Root 8  E=0.3768719034 Ha  10.255212 eV
  0.0000000000    0.0000000000    0.0000000000    0.0000000000    0.0000000000    0.0000000000    0.0000000000    0.0000000000    0.0000000000    0.0000000000    0.0000000000    0.0000000000    0.0000000000    0.0000000000    0.0000000000    0.0000000000    0.0000000000    0.0000000000    0.0000000000    0.0000000000    0.0000000000    0.0000000000    0.0000000000    0.0000000000    0.0000000000    0.0000000000    0.0000000000    0.0000000000    0.0000000000    0.0000000000    0.0000000000    0.0000000000    0.0000000000    0.0000000000    0.0000000000    0.0000000000    0.0000000000    0.0000000000    0.0000000000    0.0000000000    0.0000000000    0.0000000000    0.0000000000    0.0000000000    0.0000000000    0.0000000000    0.0000000000    0.0000000000    0.0000000000    0.0000000000    0.0000000000    0.0000000000    0.0000000000    0.0000000000    0.0000000000    0.0000000000    0.0000000000    0.0000000000    0.0000000000    0.0000000000    0.0000000000    0.0000000000    0.0000000000    0.0000000000    0.0000000000    0.0000000000    0.0000000000    0.0000000000    0.0000000000    0.0000000000    0.0000000000    0.0000000000    0.0000000000    0.0000000000    0.0000000000    0.0000000000    0.0000000000    0.0000000000    0.0000000000    0.0000000000
  0.0000000000    0.0000000000    0.0000000000    0.0000000000    0.0000000000    0.0000000000    0.0000000000    0.0000000000    0.0000000000    0.0000000000    0.0000000000    0.0000000000    0.0000000000    0.0000000000    0.0000000000    0.0000000000    0.0000000000    0.0000000000    0.0000000000    0.0000000000    0.0000000000    0.0000000000    0.0000000000    0.0000000000    0.0000000000    0.0000000000    0.0000000000    0.0000000000    0.0000000000    0.0000000000    0.0000000000    0.0000000000    0.0000000000    0.0000000000    0.0000000000    0.0000000000    0.0000000000    0.0000000000    0.0000000000    0.0000000000    0.0000000000    0.0000000000    0.0000000000    0.0000000000    0.0000000000    0.0000000000    0.0000000000    0.0000000000    0.0000000000    0.0000000000    0.0000000000    0.0000000000    0.0000000000    0.0000000000    0.0000000000    0.0000000000    0.0000000000    0.0000000000    0.0000000000    0.0000000000    0.0000000000    0.0000000000    0.0000000000    0.0000000000    0.0000000000    0.0000000000    0.0000000000    0.0000000000    0.0000000000    0.0000000000    0.0000000000    0.0000000000    0.0000000000    0.0000000000    0.0000000000    0.0000000000    0.0000000000    0.0000000000    0.0000000000    0.0000000000
  0.0000000000    0.0000000000    0.0000000000    0.0000000000    0.0000000000    0.0000000000    0.0000000000    0.0000000000    0.0000000000    0.0000000000    0.0000000000    0.0000000000    0.0000000000    0.0000000000    0.0000000000    0.0000000000    0.0000000000    0.0000000000    0.0000000000    0.0000000000    0.0000000000    0.0000000000    0.0000000000    0.0000000000    0.0000000000    0.0000000000    0.0000000000    0.0000000000    0.0000000000    0.0000000000    0.0000000000    0.0000000000    0.0000000000    0.0000000000    0.0000000000    0.0000000000    0.0000000000    0.0000000000    0.0000000000    0.0000000000    0.0000000000    0.0000000000    0.0000000000    0.0000000000    0.0000000000    0.0000000000    0.0000000000    0.0000000000    0.0000000000    0.0000000000    0.0000000000    0.0000000000    0.0000000000    0.0000000000    0.0000000000    0.0000000000    0.0000000000    0.0000000000    0.0000000000    0.0000000000    0.0000000000    0.0000000000    0.0000000000    0.0000000000    0.0000000000    0.0000000000    0.0000000000    0.0000000000    0.0000000000    0.0000000000    0.0000000000    0.0000000000    0.0000000000    0.0000000000    0.0000000000    0.0000000000    0.0000000000    0.0000000000    0.0000000000    0.0000000000
  0.0000000000    0.0000000000    0.0000000000    0.0000000000    0.0000000000    0.0000000000    0.0000000000    0.0000000000    0.0000000000    0.0000000000    0.0000000000    0.0000000000    0.0000000000    0.0000000000    0.0000000000    0.0000000000    0.0000000000    0.0000000000    0.0000000000    0.0000000000    0.0000000000    0.0000000000    0.0000000000    0.0000000000    0.0000000000    0.0000000000    0.0000000000    0.0000000000    0.0000000000    0.0000000000    0.0000000000    0.0000000000    0.0000000000    0.0000000000    0.0000000000    0.0000000000    0.0000000000    0.0000000000    0.0000000000    0.0000000000    0.0000000000    0.0000000000    0.0000000000    0.0000000000    0.0000000000    0.0000000000    0.0000000000    0.0000000000    0.0000000000    0.0000000000    0.0000000000    0.0000000000    0.0000000000    0.0000000000    0.0000000000    0.0000000000    0.0000000000    0.0000000000    0.0000000000    0.0000000000    0.0000000000    0.0000000000    0.0000000000    0.0000000000    0.0000000000    0.0000000000    0.0000000000    0.0000000000    0.0000000000    0.0000000000    0.0000000000    0.0000000000    0.0000000000    0.0000000000    0.0000000000    0.0000000000    0.0000000000    0.0000000000    0.0000000000    0.0000000000
 -0.0000001210    0.0000000304    0.0000000215    0.0000002447    0.0000000492    0.0000000509    0.0024644675   -0.0000001935    0.0000000252    0.0000000876    0.0000000385    0.0000000840    0.0000000021   -0.0000000023   -0.0000000137   -0.0000000081    0.0000000014   -0.0003230326   -0.0000000026    0.0000000040   -0.0000000182   -0.0000000148    0.0000000017   -0.0000000336    0.0000000327   -0.0000000024    0.0000000778   -0.0000000031    0.0000893487    0.0000000100    0.0000000060   -0.0000000459   -0.0000000369   -0.0000000830    0.0000000016    0.0000000012    0.0000000455    0.0025854455    0.0000000022   -0.0000000008   -0.0000000011    0.0000000002    0.0000000009   -0.0000000023    0.0000000010   -0.0000000046   -0.0000285244   -0.0000000041    0.0000000006    0.0000000046   -0.0000000078    0.0000000026   -0.0000381527    0.0000000090   -0.0000000005   -0.0000000015   -0.0000000021    0.0000000014    0.0000000704   -0.0004598837   -0.0000000026   -0.0000000077   -0.0000000002    0.0000000027   -0.0000000006   -0.0000000016   -0.0000000019    0.0000000062    0.0000000002    0.0000000012    0.0000000005    0.0000000004    0.0000000010    0.0000019601   -0.0000000046   -0.0000000111    0.0000000002    0.0000000031   -0.0000000011   -0.0000000001
  0.0000000102   -0.0000000019   -0.0000000291   -0.0039225274   -0.0000000011   -0.0000001669   -0.0000003656    0.0000000437   -0.0000000490    0.0000000091   -0.0000000889   -0.0000000375   -0.0000000023    0.0000000008   -0.0003349091   -0.0000000002   -0.0000000027   -0.0000000181   -0.0000000031   -0.0000000232    0.0000000152    0.0000000115    0.0000000017    0.0000000765   -0.0000959533   -0.0000000006   -0.0000000349   -0.0000000117    0.0000000327    0.0000000057   -0.0000000014    0.0000000158    0.0000001055    0.0000000263    0.0000000038    0.0000000004   -0.0026477437   -0.0000000631   -0.0000000006    0.0000000005   -0.0000000015    0.0000000034   -0.0000000007    0.0000000001   -0.0000000019    0.0000230066    0.0000000072   -0.0000000009    0.0000000015   -0.0000000145    0.0000000048   -0.0000103086    0.0000000050   -0.0000000022    0.0000000013   -0.0000000005    0.0000000026    0.0000000010    0.0002602656    0.0000000440    0.0000000093    0.0000000013    0.0000000019   -0.0000000002    0.0000000011   -0.0000000007   -0.0000000059    0.0000000029   -0.0000000012   -0.0000000006    0.0000000004    0.0000000009   -0.0000103610   -0.0000000007    0.0000000114    0.0000000047   -0.0000000039   -0.0000000001   -0.0000000009    0.0000000005
  0.0000000849    0.0000000452   -0.0000000333   -0.0000003751    0.0000003446   -0.0000000017   -0.0000001785    0.0000000032    0.0000001169   -0.0002227502    0.0000000011   -0.0000000030    0.0000000187    0.0000000027    0.0000000279    0.0000000318    0.0000000364   -0.0000000078   -0.0000000159   -0.0000000049    0.0000000034    0.0000000080    0.0000000459   -0.0000000021   -0.0000000417    0.0000000508   -0.0000000036    0.0000000319    0.0000000142    0.0001217775   -0.0000000584   -0.0000000019    0.0000000001    0.0000000017   -0.0000000065    0.0001920886    0.0000000028    0.0000000011   -0.0000000315    0.0024162909   -0.0000000013   -0.0000000021    0.0000000028   -0.0000371459    0.0000000022    0.0000000032    0.0000000021    0.0000000047   -0.0000000021   -0.0000000003   -0.0000000013   -0.0000000050    0.0000000034    0.0000000009   -0.0000000047    0.0000000025    0.0000000001    0.0000000007   -0.0000000023   -0.0000000038    0.0000000002   -0.0000000003    0.0000000034   -0.0000118025   -0.0000000027    0.0000000021    0.0000000385    0.0004360164    0.0000000013   -0.0000000008    0.0000000003   -0.0000000026   -0.0000000011   -0.0000000015    0.0000000002   -0.0000000003   -0.0000000005    0.0000000014    0.0000000008    0.0000003454
  0.0000000087    0.0000000035    0.0000005217   -0.0000005569   -0.0000000929   -0.0000000042    0.0000000867   -0.0000000062    0.0013398067    0.0000000065    0.0000000039   -0.0000000015   -0.0000000802   -0.0000000113    0.0000000266   -0.0000000012   -0.0000000139    0.0000000127    0.0000000202   -0.0000000004   -0.0000000017    0.0000000004   -0.0000000663   -0.0000000027   -0.0000000439   -0.0000000351   -0.0000000032    0.0000021290   -0.0000000226   -0.0000000185    0.0000000127   -0.0000000003    0.0000000009   -0.0000000001    0.0001280954   -0.0000000092    0.0000000038   -0.0000000006   -0.0023940803   -0.0000001374    0.0000000012   -0.0000000001   -0.0000446934   -0.0000000015   -0.0000000015    0.0000000030   -0.0000000012    0.0000000004    0.0000000007    0.0000000001    0.0000000009   -0.0000000043   -0.0000000014    0.0000000002    0.0000000002   -0.0000000036    0.0000000030   -0.0000000037    0.0000000035   -0.0000000016    0.0000000002    0.0000000006   -0.0000204846    0.0000000027   -0.0000000026    0.0000000014    0.0003942656   -0.0000000590    0.0000000007   -0.0000000016    0.0000000016    0.0000000003   -0.0000000005   -0.0000000017   -0.0000000007   -0.0000000000    0.0000000005   -0.0000000004   -0.0000103338    0.0000000002
 -0.0000002998    0.0000003123    0.0000003283    0.0000000398   -0.0001454436   -0.0000000196    0.0000003432    0.0000000240   -0.0000000389    0.0000003466    0.0000000046   -0.0000000029    0.0000000200   -0.0000000373   -0.0000000080   -0.0001643020   -0.0004827751    0.0000000190   -0.0000000046    0.0000000068    0.0000000209   -0.0000000049    0.0000000122   -0.0000000004    0.0000000106   -0.0002867026   -0.0000000014   -0.0000000352   -0.0000000227    0.0000000898   -0.0010352149    0.0000000007   -0.0000000015    0.0000000030    0.0000000010   -0.0000000253    0.0000000057   -0.0000000016   -0.0000000041    0.0000000086   -0.0000000060   -0.0007455048    0.0000000048    0.0000000117    0.0000000172   -0.0000000008   -0.0000000012    0.0000481352   -0.0000000028   -0.0000000001   -0.0000000020    0.0000000015   -0.0000000014   -0.0000000006   -0.0000000063    0.0004037236   -0.0000000240   -0.0014222977   -0.0000000047    0.0000000052   -0.0000000007    0.0000000005   -0.0000000011   -0.0000000005   -0.0000000050    0.0000132164   -0.0000000012   -0.0000000024   -0.0000000006   -0.0000000004   -0.0000000062   -0.0000169218    0.0000000001    0.0000000004   -0.0000000001   -0.0000000007   -0.0000000008    0.0000000005    0.0000000022   -0.0000000074
 -0.0000004245    0.0000002066    0.0010005170   -0.0000008113   -0.0000002007   -0.0000000405   -0.0000000783    0.0000000204    0.0000005040   -0.0000000609    0.0000000054   -0.0000000029    0.0002732808    0.0002116676    0.0000000307    0.0000000157    0.0000000091   -0.0000000052   -0.0007330042    0.0000000166    0.0000000147   -0.0000000114    0.0002490668   -0.0000000067   -0.0000000390   -0.0000000038    0.0000000021    0.0000001141    0.0000000086   -0.0000000371    0.0000000097   -0.0000000022   -0.0000000013    0.0000000043    0.0000000252    0.0000000011   -0.0000000006   -0.0000000079   -0.0000000044    0.0000000049   -0.0006327363    0.0000000106   -0.0000000127   -0.0000000061    0.0000470123    0.0000000010    0.0000000004    0.0000000113   -0.0000000041   -0.0000000005   -0.0000000015   -0.0000000027    0.0000000015    0.0000000008   -0.0000987763   -0.0000000033    0.0016577900    0.0000000261    0.0000000028    0.0000000004   -0.0000000003    0.0000000008    0.0000000013    0.0000000009   -0.0000118091    0.0000000038   -0.0000000033   -0.0000000003   -0.0000000011   -0.0000000003    0.0000130008   -0.0000000040    0.0000000006   -0.0000000001   -0.0000000010   -0.0000000006   -0.0000000012    0.0000000000   -0.0000000076    0.0000000021
 -0.0000014628   -0.0000005186   -0.0000000430    0.0000015825    0.0000000894    0.0000000270    0.0031930516    0.0000000600   -0.0000000036   -0.0000000178    0.0000001215    0.0000004213   -0.0000000044   -0.0000000044   -0.0000000599   -0.0000000146    0.0000000017    0.0001975835   -0.0000000022   -0.0000000102   -0.0000001301   -0.0000000707   -0.0000000036    0.0000000115    0.0000000534    0.0000000025    0.0000000953    0.0000000045   -0.0004163883   -0.0000000233    0.0000000030   -0.0000002088   -0.0000000858   -0.0000001120    0.0000000031    0.0000000021    0.0000000071   -0.0007028993    0.0000000011    0.0000000018    0.0000000072    0.0000000032    0.0000000009    0.0000000010   -0.0000000015   -0.0000000080   -0.0000421765   -0.0000000049   -0.0000000032    0.0000000094   -0.0000000097    0.0000000021   -0.0000511961    0.0000000061    0.0000000018   -0.0000000007   -0.0000000054   -0.0000000002    0.0000001436   -0.0010382401   -0.0000000057   -0.0000000067    0.0000000024    0.0000000070    0.0000000007   -0.0000000021   -0.0000000094    0.0000000097    0.0000000012    0.0000000018    0.0000000006    0.0000000014   -0.0000000011    0.0000121516   -0.0000000037   -0.0000000073    0.0000000023    0.0000000023   -0.0000000027    0.0000000016
  0.0000004595    0.0000000341    0.0000001594    0.0003239326   -0.0000000416   -0.0000001825    0.0000005386    0.0000000524    0.0000000442   -0.0000000322    0.0000004298    0.0000001078    0.0000000060    0.0000000007   -0.0001687704    0.0000000077    0.0000000021    0.0000000372    0.0000000015   -0.0000001153   -0.0000000322   -0.0000000312    0.0000000058   -0.0000000257    0.0002400228   -0.0000000002    0.0000000043   -0.0000000147   -0.0000000032    0.0000000034    0.0000000025   -0.0000000674   -0.0000002440   -0.0000000487   -0.0000000016   -0.0000000019   -0.0007161842   -0.0000000286   -0.0000000003   -0.0000000026    0.0000000008   -0.0000000114   -0.0000000001   -0.0000000010    0.0000000038   -0.0000407717   -0.0000000039    0.0000000024    0.0000000015    0.0000000133   -0.0000000089   -0.0000074745   -0.0000000032    0.0000000006   -0.0000000026    0.0000000011    0.0000000007   -0.0000000019   -0.0010383619   -0.0000001818   -0.0000000077   -0.0000000045   -0.0000000052   -0.0000000045   -0.0000000017    0.0000000010    0.0000000106   -0.0000000084    0.0000000020    0.0000000022   -0.0000000017   -0.0000000010    0.0000127407    0.0000000033   -0.0000000091   -0.0000000060    0.0000000038    0.0000000028    0.0000000034   -0.0000000012
  0.0000012746    0.0811062148   -0.0000001368    0.0000015700    0.0000001174    0.0000000684   -0.0000001660   -0.0048494988    0.0000000083    0.0000000690    0.0000000098    0.0000195870   -0.0000000128    0.0000000002   -0.0000001000   -0.0000000106   -0.0000000026   -0.0000003094   -0.0000000069    0.0000000147    0.0022554594    0.0000000304   -0.0000000032    0.0000000043    0.0000000063    0.0000000106    0.0013543036    0.0000000010   -0.0000001056    0.0000000117   -0.0000000016   -0.0012343985   -0.0000000113    0.0012105445   -0.0000000008    0.0000000015    0.0000000081   -0.0000000089   -0.0000000031   -0.0000000029   -0.0000000007    0.0000000026    0.0000000006    0.0000000002   -0.0000000029   -0.0000000104    0.0000000205   -0.0000000071    0.0000000176   -0.0000000050    0.0001596061    0.0000000148    0.0000000279    0.0011800650    0.0000000049   -0.0000000001    0.0000000017   -0.0000000004    0.0000000015   -0.0000000055   -0.0000000012    0.0002128152    0.0000000008    0.0000000006    0.0000000006   -0.0000000021    0.0000000019    0.0000000022    0.0000000053    0.0005041249    0.0000000012    0.0000000016   -0.0000000064   -0.0000000147   -0.0000000004    0.0000157761   -0.0000000012    0.0000058693   -0.0000000002    0.0000000002
 -0.1587658514   -0.0000005585   -0.0000003676    0.0000027662    0.0000000445    0.0052999149   -0.0000000526   -0.0000000116   -0.0000000860    0.0000000161    0.0003761323   -0.0000000233   -0.0000000203    0.0000000067    0.0000003002   -0.0000000043    0.0000000002    0.0000000860    0.0000000054    0.0017667542   -0.0000000027   -0.0035562172   -0.0000000029    0.0006992058    0.0000001326    0.0000000012    0.0000000002   -0.0000000064    0.0000000005    0.0000000038    0.0000000004    0.0000000112    0.0001856016   -0.0000000104   -0.0000000014    0.0000000015    0.0000000043   -0.0000000019    0.0000000016    0.0000000053   -0.0000000010    0.0000000020   -0.0000000003    0.0000000011   -0.0000000054    0.0000000280   -0.0000000099   -0.0000000052   -0.0014969435    0.0001987892   -0.0000000009   -0.0000000310   -0.0000000176   -0.0000000226    0.0000000017   -0.0000000012    0.0000000042   -0.0000000019    0.0000000037   -0.0000000023    0.0000271912   -0.0000000053    0.0000000007   -0.0000000002    0.0000000023   -0.0000000016   -0.0000000012    0.0000000030   -0.0005151132   -0.0000000142    0.0000000017    0.0000000009    0.0000000131    0.0000000057    0.0000293329   -0.0000000004    0.0000149042   -0.0000000002   -0.0000000001    0.0000000003
  0.0000015013    0.0000081965   -0.0000008359    0.0000182376   -0.0000001254    0.0000000322   -0.3694988810    0.0000003544   -0.0000002684    0.0000000957   -0.0000000031   -0.0000000191    0.0000000314   -0.0000000239   -0.0000007839   -0.0000000126    0.0000000046   -0.0172226441   -0.0000000117    0.0000001181    0.0000000886   -0.0000000468    0.0000000288    0.0000000033    0.0000009820    0.0000000103    0.0000000372   -0.0000000335    0.0276120027   -0.0000000015    0.0000000030    0.0000000156    0.0000000060   -0.0000000170    0.0000000001    0.0000000007    0.0000000098    0.0003194312   -0.0000000001   -0.0000000031    0.0000000025   -0.0000000040   -0.0000000018   -0.0000000015   -0.0000000005   -0.0000000628    0.0023132358   -0.0000000043   -0.0000000074   -0.0000000027    0.0000000045    0.0000000629    0.0022263700    0.0000000105    0.0000000009    0.0000000006    0.0000000006    0.0000000012    0.0000000870   -0.0005408045    0.0000000019   -0.0000000005    0.0000000009    0.0000000022   -0.0000000028    0.0000000014   -0.0000000010    0.0000000050   -0.0000000027   -0.0000000060    0.0000000022    0.0000000019   -0.0000000035   -0.0001050147   -0.0000000018   -0.0000000045   -0.0000000003    0.0000000010    0.0000000005   -0.0000000013
  0.0000003643    0.0000002444   -0.0000001351    0.9102036526    0.0000009902   -0.0000005844   -0.0000147779   -0.0000001715    0.0000004828   -0.0000001942    0.0000000577    0.0000000093    0.0000000021   -0.0000000277   -0.0279801264    0.0000000743    0.0000000037   -0.0000005478   -0.0000000052   -0.0000000433   -0.0000000714   -0.0000000804   -0.0000000143    0.0000001990    0.0379329836   -0.0000000166    0.0000000018    0.0000000241    0.0000007416   -0.0000000202   -0.0000000218    0.0000000061   -0.0000000146   -0.0000000044   -0.0000000008   -0.0000000055    0.0004201588    0.0000000020    0.0000000035   -0.0000000020   -0.0000000006    0.0000000028    0.0000000080    0.0000000044   -0.0000000826   -0.0027312752    0.0000000562   -0.0000000032   -0.0000000059    0.0000000048   -0.0000000037    0.0024186911    0.0000000614   -0.0000000006   -0.0000000025   -0.0000000025   -0.0000000008    0.0000000016    0.0004620303    0.0000000845    0.0000000065    0.0000000039   -0.0000000026   -0.0000000005   -0.0000000027    0.0000000018    0.0000000023   -0.0000000037   -0.0000000080    0.0000000035    0.0000000010    0.0000000034   -0.0001357192   -0.0000000029    0.0000000007    0.0000000017    0.0000000017   -0.0000000005   -0.0000000022    0.0000000027

# Root 9  E=0.3291010288 Ha  8.955300 eV
  0.0000000000    0.0000000000    0.0000000000    0.0000000000    0.0000000000    0.0000000000    0.0000000000    0.0000000000    0.0000000000    0.0000000000    0.0000000000    0.0000000000    0.0000000000    0.0000000000    0.0000000000    0.0000000000    0.0000000000    0.0000000000    0.0000000000    0.0000000000    0.0000000000    0.0000000000    0.0000000000    0.0000000000    0.0000000000    0.0000000000    0.0000000000    0.0000000000    0.0000000000    0.0000000000    0.0000000000    0.0000000000    0.0000000000    0.0000000000    0.0000000000    0.0000000000    0.0000000000    0.0000000000    0.0000000000    0.0000000000    0.0000000000    0.0000000000    0.0000000000    0.0000000000    0.0000000000    0.0000000000    0.0000000000    0.0000000000    0.0000000000    0.0000000000    0.0000000000    0.0000000000    0.0000000000    0.0000000000    0.0000000000    0.0000000000    0.0000000000    0.0000000000    0.0000000000    0.0000000000    0.0000000000    0.0000000000    0.0000000000    0.0000000000    0.0000000000    0.0000000000    0.0000000000    0.0000000000    0.0000000000    0.0000000000    0.0000000000    0.0000000000    0.0000000000    0.0000000000    0.0000000000    0.0000000000    0.0000000000    0.0000000000    0.0000000000    0.0000000000
  0.0000000000    0.0000000000    0.0000000000    0.0000000000    0.0000000000    0.0000000000    0.0000000000    0.0000000000    0.0000000000    0.0000000000    0.0000000000    0.0000000000    0.0000000000    0.0000000000    0.0000000000    0.0000000000    0.0000000000    0.0000000000    0.0000000000    0.0000000000    0.0000000000    0.0000000000    0.0000000000    0.0000000000    0.0000000000    0.0000000000    0.0000000000    0.0000000000    0.0000000000    0.0000000000    0.0000000000    0.0000000000    0.0000000000    0.0000000000    0.0000000000    0.0000000000    0.0000000000    0.0000000000    0.0000000000    0.0000000000    0.0000000000    0.0000000000    0.0000000000    0.0000000000    0.0000000000    0.0000000000    0.0000000000    0.0000000000    0.0000000000    0.0000000000    0.0000000000    0.0000000000    0.0000000000    0.0000000000    0.0000000000    0.0000000000    0.0000000000    0.0000000000    0.0000000000    0.0000000000    0.0000000000    0.0000000000    0.0000000000    0.0000000000    0.0000000000    0.0000000000    0.0000000000    0.0000000000    0.0000000000    0.0000000000    0.0000000000    0.0000000000    0.0000000000    0.0000000000    0.0000000000    0.0000000000    0.0000000000    0.0000000000    0.0000000000    0.0000000000
  0.0000000000    0.0000000000    0.0000000000    0.0000000000    0.0000000000    0.0000000000    0.0000000000    0.0000000000    0.0000000000    0.0000000000    0.0000000000    0.0000000000    0.0000000000    0.0000000000    0.0000000000    0.0000000000    0.0000000000    0.0000000000    0.0000000000    0.0000000000    0.0000000000    0.0000000000    0.0000000000    0.0000000000    0.0000000000    0.0000000000    0.0000000000    0.0000000000    0.0000000000    0.0000000000    0.0000000000    0.0000000000    0.0000000000    0.0000000000    0.0000000000    0.0000000000    0.0000000000    0.0000000000    0.0000000000    0.0000000000    0.0000000000    0.0000000000    0.0000000000    0.0000000000    0.0000000000    0.0000000000    0.0000000000    0.0000000000    0.0000000000    0.0000000000    0.0000000000    0.0000000000    0.0000000000    0.0000000000    0.0000000000    0.0000000000    0.0000000000    0.0000000000    0.0000000000    0.0000000000    0.0000000000    0.0000000000    0.0000000000    0.0000000000    0.0000000000    0.0000000000    0.0000000000    0.0000000000    0.0000000000    0.0000000000    0.0000000000    0.0000000000    0.0000000000    0.0000000000    0.0000000000    0.0000000000    0.0000000000    0.0000000000    0.0000000000    0.0000000000
  0.0000000000    0.0000000000    0.0000000000    0.0000000000    0.0000000000    0.0000000000    0.0000000000    0.0000000000    0.0000000000    0.0000000000    0.0000000000    0.0000000000    0.0000000000    0.0000000000    0.0000000000    0.0000000000    0.0000000000    0.0000000000    0.0000000000    0.0000000000    0.0000000000    0.0000000000    0.0000000000    0.0000000000    0.0000000000    0.0000000000    0.0000000000    0.0000000000    0.0000000000    0.0000000000    0.0000000000    0.0000000000    0.0000000000    0.0000000000    0.0000000000    0.0000000000    0.0000000000    0.0000000000    0.0000000000    0.0000000000    0.0000000000    0.0000000000    0.0000000000    0.0000000000    0.0000000000    0.0000000000    0.0000000000    0.0000000000    0.0000000000    0.0000000000    0.0000000000    0.0000000000    0.0000000000    0.0000000000    0.0000000000    0.0000000000    0.0000000000    0.0000000000    0.0000000000    0.0000000000    0.0000000000    0.0000000000    0.0000000000    0.0000000000    0.0000000000    0.0000000000    0.0000000000    0.0000000000    0.0000000000    0.0000000000    0.0000000000    0.0000000000    0.0000000000    0.0000000000    0.0000000000    0.0000000000    0.0000000000    0.0000000000    0.0000000000    0.0000000000
  0.0000000485   -0.0052269638    0.0000000373   -0.0000000295    0.0000000873    0.0000008342    0.0000000118    0.0193574488    0.0000000024    0.0000000526    0.0000004656   -0.0110132865    0.0000000163   -0.0000000137   -0.0000000200   -0.0000000188    0.0000000621    0.0000000047   -0.0000000052   -0.0000000726    0.0022939808    0.0000000274   -0.0000000174   -0.0000004040   -0.0000000033   -0.0000000070   -0.0101667496   -0.0000000010    0.0000000200    0.0000000140    0.0000000084    0.0049031674   -0.0000004934    0.0103373813    0.0000000037   -0.0000000139   -0.0000000110    0.0000000327    0.0000000043   -0.0000000146   -0.0000000144    0.0000000080    0.0000000001   -0.0000000017   -0.0000000039   -0.0000000011    0.0000000043   -0.0000000130   -0.0000000159    0.0000000558    0.0011241121    0.0000000041   -0.0000000004   -0.0010196385   -0.0000000004   -0.0000000118   -0.0000000119   -0.0000000236    0.0000000066   -0.0000000081   -0.0000000449    0.0009063593    0.0000000049   -0.0000000012    0.0000000163   -0.0000000217   -0.0000000002    0.0000000018   -0.0000000056   -0.0001798305    0.0000000079    0.0000000249   -0.0000000048    0.0000000087   -0.0000000504    0.0015685340    0.0000000006   -0.0002172097    0.0000000000    0.0000000000
 -0.0115305551   -0.0000009662   -0.0000000903   -0.0000000401   -0.0000000037    0.0226717249    0.0000000083    0.0000006629   -0.0000000440    0.0000000061    0.0120283729   -0.0000004202    0.0000000169    0.0000000384    0.0000000026    0.0000000145    0.0000000102   -0.0000000106   -0.0000000269    0.0009688973    0.0000000849   -0.0022798976   -0.0000000137   -0.0103954465    0.0000000323   -0.0000000178   -0.0000003944   -0.0000000174    0.0000000011    0.0000000008   -0.0000000035    0.0000002831   -0.0130285417    0.0000003143   -0.0000000096    0.0000000011   -0.0000000371    0.0000000147   -0.0000000128    0.0000000018   -0.0000000149    0.0000000205    0.0000000006    0.0000000009   -0.0000000115   -0.0000000048   -0.0000000008   -0.0000000041   -0.0001602337    0.0015867092    0.0000000587    0.0000000007    0.0000000036   -0.0000000405    0.0000000196   -0.0000000027   -0.0000000176   -0.0000000079    0.0000000109   -0.0000000066   -0.0010965670    0.0000000290    0.0000000005    0.0000000008    0.0000000246   -0.0000000171   -0.0000000028   -0.0000000004    0.0002464073    0.0000000019    0.0000000237    0.0000000086    0.0000000052   -0.0000000249   -0.0014098137    0.0000000563    0.0003159081   -0.0000000202   -0.0000000009   -0.0000000005
  0.0000002783   -0.0000000171   -0.0000017959    0.0000000001   -0.0406585837   -0.0000000852   -0.0000000005   -0.0000000544    0.0000000537   -0.0000000255   -0.0000000172    0.0000000041    0.0000003378   -0.0000000848   -0.0000000069   -0.0019904229   -0.0041701454    0.0000000198   -0.0000001250   -0.0000000634    0.0000000382    0.0000000124    0.0000003965    0.0000000206   -0.0000000096   -0.0080551405    0.0000000359    0.0000000162    0.0000000104   -0.0000000205    0.0073578001   -0.0000000135    0.0000000169   -0.0000000252    0.0000000049   -0.0000000011    0.0000000037   -0.0000000094    0.0000000026    0.0000000315    0.0000000109    0.0003430415   -0.0000000007   -0.0000000052    0.0000000095   -0.0000000015   -0.0000000009   -0.0002391618   -0.0000000298   -0.0000000029    0.0000000225   -0.0000000018   -0.0000000005   -0.0000000401   -0.0000000204   -0.0006063639   -0.0000000266   -0.0001769696    0.0000000009   -0.0000000032    0.0000000073   -0.0000000142   -0.0000000021    0.0000000017   -0.0000000004   -0.0000648962   -0.0000000046    0.0000000028    0.0000000033   -0.0000000083   -0.0000000046    0.0000770359    0.0000000029   -0.0000000019    0.0000000086    0.0000000007   -0.0000000139   -0.0000000264   -0.0000000017   -0.0000000031
  0.0000002882    0.0000003186   -0.0482353869   -0.0000000184   -0.0000012784   -0.0000001586   -0.0000000238    0.0000000378    0.0000000038   -0.0000000300    0.0000000414   -0.0000000018    0.0098921008    0.0020064061   -0.0000000006   -0.0000001567   -0.0000001020    0.0000000058   -0.0026220520   -0.0000000324    0.0000000078    0.0000000166    0.0107029018    0.0000000231    0.0000000038   -0.0000002721   -0.0000000044    0.0000000112    0.0000000059   -0.0000000125    0.0000001807   -0.0000000041   -0.0000000233    0.0000000121   -0.0000000077    0.0000000026    0.0000000007    0.0000000013   -0.0000000129    0.0000000025    0.0000732218    0.0000000310   -0.0000000057   -0.0000000011    0.0003233188   -0.0000000097   -0.0000000010   -0.0000000229   -0.0000000380   -0.0000000262    0.0000000063    0.0000000032   -0.0000000036   -0.0000000243   -0.0005272135   -0.0000000255   -0.0003916027   -0.0000000059   -0.0000000017    0.0000000011    0.0000000026    0.0000000064    0.0000000007    0.0000000005   -0.0000825126   -0.0000000063    0.0000000013   -0.0000000020   -0.0000000115   -0.0000000012   -0.0000586844    0.0000000103    0.0000000010   -0.0000000003   -0.0000000036    0.0000000066   -0.0000000253   -0.0000000157    0.0000000003    0.0000000019
 -0.0000000322    0.0000014348    0.0000000911   -0.0000000407   -0.0000000253    0.0000000379   -0.0000000465    0.0000000686   -0.0000014250   -0.0379737648   -0.0000000836    0.0000000521   -0.0000000256    0.0000000184   -0.0000000142   -0.0000000125   -0.0000000118    0.0000000165   -0.0000000327    0.0000000324    0.0000000179    0.0000000143   -0.0000000174    0.0000000024    0.0000000055   -0.0000000016    0.0000000119   -0.0000004532    0.0000000085   -0.0122867067   -0.0000000273   -0.0000000380    0.0000000550    0.0000000043   -0.0000000366    0.0023961111    0.0000000138    0.0000000153    0.0000000404   -0.0003631183   -0.0000000325   -0.0000000368    0.0000000868   -0.0013432612    0.0000000029   -0.0000000032   -0.0000000046   -0.0000000055   -0.0000000007   -0.0000000031   -0.0000000026    0.0000000028    0.0000000006    0.0000000068   -0.0000000020   -0.0000000006    0.0000000239   -0.0000000288   -0.0000000062    0.0000000042    0.0000000025   -0.0000000017   -0.0000000038    0.0002147658   -0.0000000007    0.0000000098    0.0000000483    0.0004197033    0.0000000027   -0.0000000013   -0.0000000011   -0.0000000018    0.0000000005    0.0000000018    0.0000000048   -0.0000000046   -0.0000000019    0.0000000023    0.0000000358    0.0008461172
  0.0000000503   -0.0000001482    0.0000000834   -0.0000001177   -0.0000000837   -0.0000001336   -0.0000000056    0.0000000055   -0.0449483601   -0.0000012784    0.0000000210   -0.0000000520   -0.0000000149    0.0000000179   -0.0000000216   -0.0000000147   -0.0000000041    0.0000000169   -0.0000000180   -0.0000000318    0.0000000175   -0.0000000347    0.0000000149    0.0000000178   -0.0000000263   -0.0000000370   -0.0000000142   -0.0134324352    0.0000000029   -0.0000003998   -0.0000000126    0.0000000400   -0.0000000041    0.0000000227   -0.0021540142    0.0000001048    0.0000000024   -0.0000000051   -0.0001518205   -0.0000000083   -0.0000000238   -0.0000000141    0.0016479468   -0.0000000608    0.0000000099    0.0000000002   -0.0000000015   -0.0000000021    0.0000000006    0.0000000055    0.0000000038    0.0000000013   -0.0000000005   -0.0000000009    0.0000000060    0.0000000058    0.0000000328   -0.0000000138    0.0000000058    0.0000000023   -0.0000000008    0.0000000033   -0.0002510189    0.0000000073   -0.0000000119    0.0000000000    0.0004630558   -0.0000000490   -0.0000000023    0.0000000031   -0.0000000035   -0.0000000002    0.0000000010   -0.0000000003   -0.0000000032    0.0000000054    0.0000000025    0.0000000004    0.0008534774    0.0000000299
  0.0000029762   -0.0048116158    0.0000001014   -0.0000001172    0.0000000174   -0.0000001232    0.0000001227   -0.0095155758    0.0000000106    0.0000000798    0.0000021025   -0.0466613736    0.0000000904    0.0000000368   -0.0000000458    0.0000000099    0.0000000909   -0.0000000633   -0.0000000485   -0.0000005311    0.0123420280    0.0000000596   -0.0000000090   -0.0000001746   -0.0000000086   -0.0000000308   -0.0097608866    0.0000000147   -0.0000000122    0.0000000238    0.0000000548    0.0260934801   -0.0000012216    0.0137822948   -0.0000000013   -0.0000000030    0.0000000078   -0.0000000158    0.0000000002   -0.0000000095    0.0000000292    0.0000000131   -0.0000000047   -0.0000000002    0.0000000007   -0.0000000033    0.0000000080   -0.0000000083    0.0000000071    0.0000000704    0.0018221036    0.0000000066    0.0000000112   -0.0007436243    0.0000000277   -0.0000000118   -0.0000000132   -0.0000000027    0.0000000086   -0.0000000183   -0.0000000657    0.0010828108    0.0000000037    0.0000000004   -0.0000000040   -0.0000000099    0.0000000008   -0.0000000025   -0.0000000109   -0.0004721537    0.0000000050    0.0000000025   -0.0000000039    0.0000000056   -0.0000000479    0.0012882929    0.0000000156   -0.0004963912   -0.0000000007   -0.0000000001
  0.0152605744    0.0000066881   -0.0000000312    0.0000000762   -0.0000000068    0.0179046283   -0.0000001115   -0.0000001439    0.0000000687   -0.0000000064   -0.0490600881    0.0000018088   -0.0000000075   -0.0000000539   -0.0000000168    0.0000000168   -0.0000000946    0.0000001176    0.0000001916    0.0141870620   -0.0000003728    0.0062012145    0.0000000310    0.0009394184    0.0000000150   -0.0000000002    0.0000004353    0.0000000179    0.0000000111    0.0000000084   -0.0000000017   -0.0000010054    0.0302333760   -0.0000004425    0.0000000035    0.0000000015   -0.0000000075    0.0000000073    0.0000000110    0.0000000035    0.0000000095    0.0000000045   -0.0000000025   -0.0000000002    0.0000000186   -0.0000000002   -0.0000000037    0.0000000099   -0.0000940402   -0.0020540850   -0.0000000703   -0.0000000009   -0.0000000102    0.0000000664    0.0000000000    0.0000000189   -0.0000000071    0.0000000044   -0.0000000148    0.0000000095    0.0012693962   -0.0000000254    0.0000000014   -0.0000000034    0.0000000000   -0.0000000092   -0.0000000003    0.0000000006   -0.0004320736   -0.0000000184   -0.0000000095   -0.0000000104    0.0000000015    0.0000000232    0.0012182574   -0.0000000330   -0.0006059079    0.0000000259   -0.0000000002   -0.0000000025
 -0.0000073232   -0.0000004405   -0.0000000504   -0.0000002449    0.0000000063    0.0000004129   -0.0214621460   -0.0000003589   -0.0000000316    0.0000001298    0.0000000098   -0.0000000622    0.0000000171   -0.0000000042   -0.0000015417   -0.0000000065    0.0000000293    0.0331229053    0.0000000115   -0.0000001066    0.0000000371   -0.0000001222    0.0000000048    0.0000000161   -0.0000003340    0.0000000059    0.0000000730   -0.0000000164    0.0102454059    0.0000000061   -0.0000000141   -0.0000000171    0.0000000115    0.0000000246   -0.0000000001   -0.0000000156   -0.0000000103    0.0004042845   -0.0000000153   -0.0000000190    0.0000000036   -0.0000000136    0.0000000004    0.0000000012    0.0000000021   -0.0000001547   -0.0026652468    0.0000000015   -0.0000000258    0.0000000078   -0.0000000057    0.0000001756   -0.0043361479    0.0000000031    0.0000000048    0.0000000056   -0.0000000040   -0.0000000034   -0.0000000892    0.0004653925   -0.0000000017    0.0000000090   -0.0000000005    0.0000000017   -0.0000000021   -0.0000000045    0.0000000066    0.0000000026   -0.0000000048    0.0000000119    0.0000000021   -0.0000000019   -0.0000000763    0.0017979778   -0.0000000291   -0.0000000011   -0.0000000001   -0.0000000027    0.0000000015   -0.0000000021
 -0.0000105735    0.0000007104   -0.0000000603   -0.0404498681    0.0000000007    0.0000004598    0.0000000900   -0.0000001974   -0.0000001024    0.0000001050    0.0000001043   -0.0000000069    0.0000000287    0.0000000054   -0.0373118638    0.0000000872   -0.0000000164    0.0000013098   -0.0000000203   -0.0000000428    0.0000000426   -0.0000001519    0.0000000051   -0.0000000108   -0.0101800224    0.0000000186    0.0000000352   -0.0000000303    0.0000003232    0.0000000189   -0.0000000007   -0.0000000237   -0.0000000225    0.0000000261   -0.0000000066   -0.0000000028    0.0001213156    0.0000000346   -0.0000000133    0.0000000077    0.0000000020   -0.0000000085   -0.0000000010    0.0000000037   -0.0000001066   -0.0034447110   -0.0000001082   -0.0000000029   -0.0000000513    0.0000000072   -0.0000000042    0.0042694478   -0.0000001447    0.0000000165   -0.0000000051   -0.0000000001    0.0000000052   -0.0000000023   -0.0006035504   -0.0000001008    0.0000000034    0.0000000054    0.0000000008   -0.0000000007    0.0000000035    0.0000000049   -0.0000000070   -0.0000000006   -0.0000000024    0.0000000025   -0.0000000005    0.0000000018   -0.0018795476    0.0000000629    0.0000000053   -0.0000000068   -0.0000000055   -0.0000000006    0.0000000024    0.0000000000
  0.0000091438   -0.9797845733   -0.0000011823    0.0000020150    0.0000001934    0.0000000615   -0.0000026955   -0.0657161555    0.0000000274    0.0000000546    0.0000002162    0.0023268058    0.0000000668    0.0000000375   -0.0000002415    0.0000000293    0.0000000368    0.0000000088   -0.0000000448   -0.0000001348   -0.0085875917   -0.0000002795    0.0000000236    0.0000001041    0.0000000983    0.0000000393    0.0061753789    0.0000000043    0.0000002069    0.0000000011   -0.0000000710   -0.0009514466   -0.0000000120    0.0034197199    0.0000000031    0.0000000066    0.0000000119   -0.0000000106    0.0000000047   -0.0000000111   -0.0000000104    0.0000000124    0.0000000018   -0.0000000027   -0.0000000083   -0.0000000091    0.0000000109    0.0000000040   -0.0000000860   -0.0000000056   -0.0003989559    0.0000000153    0.0000000051   -0.0000639677    0.0000000159    0.0000000004   -0.0000000121   -0.0000000132    0.0000000019   -0.0000000008    0.0000000049    0.0003841688   -0.0000000015    0.0000000031    0.0000000117   -0.0000000253    0.0000000032    0.0000000010   -0.0000000289    0.0005780189    0.0000000130    0.0000000075   -0.0000000017   -0.0000000002   -0.0000000034    0.0004575762   -0.0000000139   -0.0001240976   -0.0000000060   -0.0000000018
  0.0438369665    0.0000228060   -0.0000001420    0.0000062198    0.0000014753    0.1422204976   -0.0000025614    0.0000000437    0.0000000389    0.0000000117   -0.0091061404   -0.0000000043   -0.0000000769   -0.0000000162   -0.0000002472    0.0000000621   -0.0000000265   -0.0000000832    0.0000000954    0.0065565842   -0.0000001706    0.0146632547   -0.0000000354   -0.0073556176    0.0000002599    0.0000000331   -0.0000001656   -0.0000000161    0.0000001273   -0.0000000042   -0.0000000338    0.0000000611    0.0006383874   -0.0000000437    0.0000000036   -0.0000000110   -0.0000000036   -0.0000000054    0.0000000052    0.0000000011    0.0000000108   -0.0000000127    0.0000000058   -0.0000000025   -0.0000000106   -0.0000000326   -0.0000000063   -0.0000000059    0.0008900425   -0.0011724057   -0.0000000077    0.0000000194    0.0000000090    0.0000000304   -0.0000000151    0.0000000020    0.0000000300    0.0000000255    0.0000000058   -0.0000000039   -0.0007329399   -0.0000000061   -0.0000000031    0.0000000061   -0.0000000466    0.0000000273    0.0000000017    0.0000000017    0.0003853405   -0.0000000113   -0.0000000066   -0.0000000011   -0.0000000014   -0.0000000100   -0.0004411743   -0.0000000151   -0.0004213981    0.0000000096   -0.0000000024   -0.0000000048

# Root 10  E=0.3359452626 Ha  9.141541 eV
  0.0000000000    0.0000000000    0.0000000000    0.0000000000    0.0000000000    0.0000000000    0.0000000000    0.0000000000    0.0000000000    0.0000000000    0.0000000000    0.0000000000    0.0000000000    0.0000000000    0.0000000000    0.0000000000    0.0000000000    0.0000000000    0.0000000000    0.0000000000    0.0000000000    0.0000000000    0.0000000000    0.0000000000    0.0000000000    0.0000000000    0.0000000000    0.0000000000    0.0000000000    0.0000000000    0.0000000000    0.0000000000    0.0000000000    0.0000000000    0.0000000000    0.0000000000    0.0000000000    0.0000000000    0.0000000000    0.0000000000    0.0000000000    0.0000000000    0.0000000000    0.0000000000    0.0000000000    0.0000000000    0.0000000000    0.0000000000    0.0000000000    0.0000000000    0.0000000000    0.0000000000    0.0000000000    0.0000000000    0.0000000000    0.0000000000    0.0000000000    0.0000000000    0.0000000000    0.0000000000    0.0000000000    0.0000000000    0.0000000000    0.0000000000    0.0000000000    0.0000000000    0.0000000000    0.0000000000    0.0000000000    0.0000000000    0.0000000000    0.0000000000    0.0000000000    0.0000000000    0.0000000000    0.0000000000    0.0000000000    0.0000000000    0.0000000000    0.0000000000
  0.0000000000    0.0000000000    0.0000000000    0.0000000000    0.0000000000    0.0000000000    0.0000000000    0.0000000000    0.0000000000    0.0000000000    0.0000000000    0.0000000000    0.0000000000    0.0000000000    0.0000000000    0.0000000000    0.0000000000    0.0000000000    0.0000000000    0.0000000000    0.0000000000    0.0000000000    0.0000000000    0.0000000000    0.0000000000    0.0000000000    0.0000000000    0.0000000000    0.0000000000    0.0000000000    0.0000000000    0.0000000000    0.0000000000    0.0000000000    0.0000000000    0.0000000000    0.0000000000    0.0000000000    0.0000000000    0.0000000000    0.0000000000    0.0000000000    0.0000000000    0.0000000000    0.0000000000    0.0000000000    0.0000000000    0.0000000000    0.0000000000    0.0000000000    0.0000000000    0.0000000000    0.0000000000    0.0000000000    0.0000000000    0.0000000000    0.0000000000    0.0000000000    0.0000000000    0.0000000000    0.0000000000    0.0000000000    0.0000000000    0.0000000000    0.0000000000    0.0000000000    0.0000000000    0.0000000000    0.0000000000    0.0000000000    0.0000000000    0.0000000000    0.0000000000    0.0000000000    0.0000000000    0.0000000000    0.0000000000    0.0000000000    0.0000000000    0.0000000000
  0.0000000000    0.0000000000    0.0000000000    0.0000000000    0.0000000000    0.0000000000    0.0000000000    0.0000000000    0.0000000000    0.0000000000    0.0000000000    0.0000000000    0.0000000000    0.0000000000    0.0000000000    0.0000000000    0.0000000000    0.0000000000    0.0000000000    0.0000000000    0.0000000000    0.0000000000    0.0000000000    0.0000000000    0.0000000000    0.0000000000    0.0000000000    0.0000000000    0.0000000000    0.0000000000    0.0000000000    0.0000000000    0.0000000000    0.0000000000    0.0000000000    0.0000000000    0.0000000000    0.0000000000    0.0000000000    0.0000000000    0.0000000000    0.0000000000    0.0000000000    0.0000000000    0.0000000000    0.0000000000    0.0000000000    0.0000000000    0.0000000000    0.0000000000    0.0000000000    0.0000000000    0.0000000000    0.0000000000    0.0000000000    0.0000000000    0.0000000000    0.0000000000    0.0000000000    0.0000000000    0.0000000000    0.0000000000    0.0000000000    0.0000000000    0.0000000000    0.0000000000    0.0000000000    0.0000000000    0.0000000000    0.0000000000    0.0000000000    0.0000000000    0.0000000000    0.0000000000    0.0000000000    0.0000000000    0.0000000000    0.0000000000    0.0000000000    0.0000000000
  0.0000000000    0.0000000000    0.0000000000    0.0000000000    0.0000000000    0.0000000000    0.0000000000    0.0000000000    0.0000000000    0.0000000000    0.0000000000    0.0000000000    0.0000000000    0.0000000000    0.0000000000    0.0000000000    0.0000000000    0.0000000000    0.0000000000    0.0000000000    0.0000000000    0.0000000000    0.0000000000    0.0000000000    0.0000000000    0.0000000000    0.0000000000    0.0000000000    0.0000000000    0.0000000000    0.0000000000    0.0000000000    0.0000000000    0.0000000000    0.0000000000    0.0000000000    0.0000000000    0.0000000000    0.0000000000    0.0000000000    0.0000000000    0.0000000000    0.0000000000    0.0000000000    0.0000000000    0.0000000000    0.0000000000    0.0000000000    0.0000000000    0.0000000000    0.0000000000    0.0000000000    0.0000000000    0.0000000000    0.0000000000    0.0000000000    0.0000000000    0.0000000000    0.0000000000    0.0000000000    0.0000000000    0.0000000000    0.0000000000    0.0000000000    0.0000000000    0.0000000000    0.0000000000    0.0000000000    0.0000000000    0.0000000000    0.0000000000    0.0000000000    0.0000000000    0.0000000000    0.0000000000    0.0000000000    0.0000000000    0.0000000000    0.0000000000    0.0000000000
 -0.0000001503    0.0000000358   -0.0000000570    0.0013305641   -0.0000000238    0.0000000181   -0.0000002619   -0.0000000378   -0.0000000933   -0.0000000189   -0.0000000093    0.0000000208   -0.0000000088    0.0000000049    0.0004095847    0.0000000022   -0.0000000010   -0.0000000172   -0.0000000041    0.0000000095   -0.0000000015   -0.0000000165    0.0000000011    0.0000000098    0.0000809087    0.0000000004    0.0000000233   -0.0000000169    0.0000000217    0.0000000028   -0.0000000016   -0.0000000110    0.0000000120   -0.0000000190    0.0000000027    0.0000000028    0.0025914903   -0.0000000447   -0.0000000049    0.0000000021   -0.0000000011    0.0000000000   -0.0000000023    0.0000000016   -0.0000000070   -0.0000443543    0.0000000039    0.0000000016    0.0000000011   -0.0000000041   -0.0000000026    0.0000169143    0.0000000047    0.0000000019    0.0000000022    0.0000000003    0.0000000018    0.0000000003   -0.0002870066   -0.0000000431    0.0000000005   -0.0000000017    0.0000000038   -0.0000000005    0.0000000018    0.0000000006   -0.0000000082    0.0000000025    0.0000000018    0.0000000002    0.0000000015   -0.0000000004    0.0000022955   -0.0000000008    0.0000000020   -0.0000000032   -0.0000000007   -0.0000000000    0.0000000007    0.0000000010
 -0.0000001122    0.0000000773    0.0000000003    0.0000005557    0.0000000387   -0.0000000295   -0.0013825676   -0.0000000579   -0.0000000047    0.0000000639   -0.0000000223    0.0000000101    0.0000000001   -0.0000000003   -0.0000000391   -0.0000000041    0.0000000008    0.0004938453    0.0000000004    0.0000000053    0.0000000072   -0.0000000107    0.0000000008    0.0000000194    0.0000000551    0.0000000001    0.0000000185   -0.0000000084   -0.0000383385    0.0000000100    0.0000000023   -0.0000000155    0.0000000260   -0.0000000063    0.0000000029    0.0000000002    0.0000000674   -0.0025045170    0.0000000008   -0.0000000035   -0.0000000002    0.0000000021    0.0000000006   -0.0000000017   -0.0000000000   -0.0000000049    0.0000580962   -0.0000000038    0.0000000006   -0.0000000036   -0.0000000003    0.0000000025    0.0000521937    0.0000000005    0.0000000005   -0.0000000014    0.0000000004    0.0000000004   -0.0000000609    0.0002945031    0.0000000017   -0.0000000012   -0.0000000002    0.0000000016    0.0000000005   -0.0000000012   -0.0000000034    0.0000000075   -0.0000000007   -0.0000000011    0.0000000001    0.0000000012   -0.0000000000    0.0000084101    0.0000000031   -0.0000000007   -0.0000000008    0.0000000003   -0.0000000008    0.0000000001
  0.0000000584    0.0000000115    0.0000001068    0.0000001981    0.0000000343   -0.0000000072    0.0000003120   -0.0000000002   -0.0001341169   -0.0000000630   -0.0000000005    0.0000000010   -0.0000000125    0.0000000017   -0.0000000183    0.0000000071    0.0000000002    0.0000000257   -0.0000000080    0.0000000002    0.0000000016    0.0000000035   -0.0000000022    0.0000000008    0.0000000190    0.0000000157    0.0000000005    0.0000461385   -0.0000000387   -0.0000000271   -0.0000000215   -0.0000000008    0.0000000010    0.0000000001   -0.0001746269   -0.0000000048   -0.0000000005    0.0000000041    0.0023947590    0.0000000129   -0.0000000033   -0.0000000101    0.0000371164    0.0000000010    0.0000000021   -0.0000000019   -0.0000000022    0.0000000024   -0.0000000012   -0.0000000002   -0.0000000005    0.0000000019   -0.0000000042    0.0000000008    0.0000000003    0.0000000036    0.0000000047   -0.0000000052   -0.0000000054   -0.0000000007   -0.0000000004   -0.0000000006    0.0000203983    0.0000000018    0.0000000019   -0.0000000027   -0.0005204328    0.0000000491    0.0000000001    0.0000000006    0.0000000001   -0.0000000005   -0.0000000013   -0.0000000014    0.0000000004    0.0000000000   -0.0000000006    0.0000000008    0.0000048096    0.0000000010
  0.0000000634    0.0000000000    0.0000001248   -0.0000001473   -0.0000000145    0.0000000115    0.0000004677    0.0000000039    0.0000000265    0.0005527786   -0.0000000015    0.0000000010   -0.0000000223   -0.0000000027    0.0000000175    0.0000000113   -0.0000000059    0.0000000253   -0.0000000073   -0.0000000008   -0.0000000013    0.0000000029   -0.0000000185   -0.0000000008   -0.0000000298    0.0000000081   -0.0000000008    0.0000000210   -0.0000000377   -0.0000372301   -0.0000000137    0.0000000010   -0.0000000005   -0.0000000002   -0.0000000032   -0.0002741011    0.0000000012    0.0000000044    0.0000001186   -0.0024335465   -0.0000000061   -0.0000000049    0.0000000009    0.0000066754   -0.0000000001    0.0000000015   -0.0000000019    0.0000000038    0.0000000015   -0.0000000002    0.0000000001   -0.0000000032   -0.0000000042   -0.0000000011    0.0000000011    0.0000000031    0.0000000043   -0.0000000033   -0.0000000005    0.0000000033   -0.0000000002    0.0000000004    0.0000000031   -0.0000035899    0.0000000022   -0.0000000024   -0.0000000699   -0.0005309556    0.0000000001   -0.0000000003   -0.0000000002    0.0000000002   -0.0000000020   -0.0000000004   -0.0000000002   -0.0000000000    0.0000000007   -0.0000000009   -0.0000000010    0.0000016719
  0.0000004620   -0.0000001401    0.0006250014   -0.0000006322   -0.0000002758   -0.0000000897   -0.0000000417    0.0000000340    0.0000001092    0.0000000767   -0.0000000007    0.0000000012   -0.0001756346   -0.0003086999    0.0000000327    0.0000000323    0.0000000118   -0.0000000085    0.0003202036   -0.0000000013   -0.0000000016    0.0000000215   -0.0002010063    0.0000000015   -0.0000000359    0.0000000143   -0.0000000005    0.0000000200    0.0000000089    0.0000000225    0.0000000111    0.0000000031    0.0000000016   -0.0000000021    0.0000000018   -0.0000000057    0.0000000002    0.0000000006   -0.0000000075    0.0000000021    0.0003743021    0.0000000181   -0.0000000024    0.0000000028   -0.0000430928    0.0000000030    0.0000000015    0.0000000146    0.0000000033    0.0000000028   -0.0000000011   -0.0000000015    0.0000000015   -0.0000000002    0.0000693516   -0.0000000019   -0.0013778983    0.0000000338    0.0000000042   -0.0000000033   -0.0000000006   -0.0000000005    0.0000000005   -0.0000000009    0.0000097075    0.0000000082   -0.0000000018   -0.0000000028    0.0000000002   -0.0000000002   -0.0000083832   -0.0000000044    0.0000000003   -0.0000000000   -0.0000000007   -0.0000000009    0.0000000005   -0.0000000001   -0.0000000008   -0.0000000017
  0.0000002571   -0.0000002317    0.0000002781    0.0000001278    0.0008269226   -0.0000000503    0.0000006482    0.0000000595    0.0000001260    0.0000000049   -0.0000000003    0.0000000038    0.0000000192   -0.0000000201   -0.0000000115    0.0000156668    0.0001730369    0.0000000289    0.0000000152    0.0000000001   -0.0000000091    0.0000000136   -0.0000000060   -0.0000000022    0.0000000140    0.0001900199    0.0000000020    0.0000000286   -0.0000000322    0.0000000014    0.0007926023    0.0000000035    0.0000000006   -0.0000000038    0.0000000038   -0.0000000047   -0.0000000015    0.0000000000    0.0000000007    0.0000000087    0.0000000063    0.0004755507   -0.0000000034    0.0000000021    0.0000000137   -0.0000000012   -0.0000000016   -0.0000127123    0.0000000020    0.0000000010   -0.0000000014    0.0000000014   -0.0000000017   -0.0000000001   -0.0000000066   -0.0003398195   -0.0000000338    0.0012136211   -0.0000000019    0.0000000044   -0.0000000001   -0.0000000005    0.0000000009   -0.0000000004   -0.0000000082   -0.0000022408   -0.0000000050   -0.0000000002    0.0000000000   -0.0000000005   -0.0000000060    0.0000140367   -0.0000000001    0.0000000006   -0.0000000012   -0.0000000012    0.0000000001   -0.0000000008   -0.0000000022   -0.0000000014
 -0.0000025814    0.0000006111   -0.0000001386   -0.0026870138    0.0000000429    0.0000001237   -0.0000012953   -0.0000000427    0.0000000343    0.0000000178   -0.0000000524    0.0000000939   -0.0000000123    0.0000000054    0.0001846892   -0.0000000023   -0.0000000001   -0.0000000678   -0.0000000027    0.0000000664    0.0000000051   -0.0000000940    0.0000000007    0.0000000104   -0.0003020353   -0.0000000006    0.0000000401    0.0000000234    0.0000000445   -0.0000000047    0.0000000007   -0.0000000667    0.0000000324   -0.0000000167    0.0000000027    0.0000000017   -0.0005509480    0.0000000261    0.0000000010    0.0000000016    0.0000000008    0.0000000004    0.0000000009    0.0000000010   -0.0000000050    0.0000025999    0.0000000073   -0.0000000024   -0.0000000101   -0.0000000013   -0.0000000026   -0.0000377509    0.0000000055    0.0000000042    0.0000000020   -0.0000000010    0.0000000005   -0.0000000024   -0.0009466342   -0.0000001570    0.0000000008   -0.0000000027    0.0000000073    0.0000000025    0.0000000022   -0.0000000009   -0.0000000105    0.0000000100    0.0000000045    0.0000000002    0.0000000014    0.0000000008    0.0000136613   -0.0000000028    0.0000000021   -0.0000000017   -0.0000000011    0.0000000009   -0.0000000025    0.0000000020
  0.0000019612   -0.0000010788    0.0000000663   -0.0000013466   -0.0000001355   -0.0000001124   -0.0029279180    0.0000001033    0.0000000382   -0.0000000461    0.0000000909   -0.0000000565    0.0000000062   -0.0000000032    0.0000000697    0.0000000095   -0.0000000021   -0.0001434838   -0.0000000004   -0.0000000617   -0.0000000360    0.0000000624    0.0000000004   -0.0000000073   -0.0000000509    0.0000000026   -0.0000000448   -0.0000000005    0.0002117922    0.0000000158   -0.0000000044    0.0000000502   -0.0000000598   -0.0000000030   -0.0000000030   -0.0000000009    0.0000000028   -0.0005824922   -0.0000000017   -0.0000000005    0.0000000025   -0.0000000005   -0.0000000010   -0.0000000001    0.0000000029    0.0000000079    0.0000270764    0.0000000052    0.0000000054    0.0000000039   -0.0000000005   -0.0000000018    0.0000290779   -0.0000000076   -0.0000000012    0.0000000026    0.0000000006   -0.0000000001    0.0000002018   -0.0009509750   -0.0000000028    0.0000000009   -0.0000000040   -0.0000000053   -0.0000000010    0.0000000016    0.0000000089   -0.0000000115    0.0000000012    0.0000000052   -0.0000000010   -0.0000000010    0.0000000013    0.0000060898   -0.0000000032   -0.0000000001    0.0000000019   -0.0000000001    0.0000000016   -0.0000000033
  0.1079868759   -0.0000016356   -0.0000001813    0.0000015940    0.0000001187   -0.0012654504   -0.0000008901    0.0000000525   -0.0000001040   -0.0000000031   -0.0003135624   -0.0000000074   -0.0000000059    0.0000000047    0.0000000371   -0.0000000055    0.0000000059   -0.0000000911   -0.0000000082   -0.0007921618   -0.0000000476    0.0020055514    0.0000000055   -0.0005016510    0.0000000217    0.0000000005   -0.0000000284   -0.0000000123   -0.0000000113    0.0000000017    0.0000000055    0.0000000257   -0.0001005553   -0.0000000230    0.0000000025   -0.0000000001    0.0000000128   -0.0000000031   -0.0000000028    0.0000000013   -0.0000000010    0.0000000011   -0.0000000006    0.0000000007   -0.0000000067    0.0000000055    0.0000000033   -0.0000000031    0.0011908219   -0.0001427918   -0.0000000037   -0.0000000065    0.0000000077   -0.0000000254    0.0000000032   -0.0000000016   -0.0000000002    0.0000000015    0.0000000010   -0.0000000060   -0.0000213651   -0.0000000050    0.0000000003    0.0000000002    0.0000000023   -0.0000000016   -0.0000000009    0.0000000002    0.0004748247   -0.0000000095    0.0000000019    0.0000000013    0.0000000015   -0.0000000053   -0.0000239106    0.0000000001   -0.0000078335    0.0000000011    0.0000000001    0.0000000001
  0.0000030211   -0.0524894674   -0.0000001000    0.0000007943    0.0000002457    0.0000000214   -0.0000014444    0.0044733472   -0.0000000255    0.0000000736   -0.0000000067    0.0000754061   -0.0000000043    0.0000000012    0.0000000811   -0.0000000105    0.0000000110   -0.0000000779   -0.0000000028   -0.0000000438   -0.0011634693    0.0000000628    0.0000000036   -0.0000000194    0.0000000114   -0.0000000085   -0.0007980093   -0.0000000016    0.0000000133    0.0000000082    0.0000000126    0.0007768095   -0.0000000047   -0.0008154141    0.0000000016    0.0000000005    0.0000000029   -0.0000000124    0.0000000002    0.0000000006   -0.0000000004    0.0000000023    0.0000000007   -0.0000000007   -0.0000000025    0.0000000093    0.0000000024   -0.0000000068    0.0000000309   -0.0000000052   -0.0001174734   -0.0000000096    0.0000000036   -0.0009748848   -0.0000000015   -0.0000000050    0.0000000003    0.0000000022    0.0000000034   -0.0000000043   -0.0000000004   -0.0001937840   -0.0000000005    0.0000000010    0.0000000017   -0.0000000027   -0.0000000009    0.0000000015    0.0000000122   -0.0004660304    0.0000000014    0.0000000017    0.0000000031   -0.0000000033   -0.0000000010   -0.0000083484   -0.0000000000   -0.0000091566   -0.0000000003    0.0000000001
 -0.0000007269    0.0000021629   -0.0000005088    0.6838980493   -0.0000000968    0.0000002454    0.0000058236    0.0000006151   -0.0000000898    0.0000001113    0.0000000156    0.0000000030    0.0000000025   -0.0000000181   -0.0308158800    0.0000000640   -0.0000000048    0.0000002690    0.0000000003   -0.0000000657    0.0000000347    0.0000000012   -0.0000000088    0.0000001586    0.0381407861   -0.0000000438   -0.0000000213   -0.0000000132   -0.0000005120    0.0000000123   -0.0000000047   -0.0000000149   -0.0000000054   -0.0000000085    0.0000000049    0.0000000011   -0.0001822456   -0.0000000065   -0.0000000020    0.0000000012    0.0000000050    0.0000000001    0.0000000026   -0.0000000007   -0.0000000844   -0.0026677435   -0.0000000496    0.0000000016    0.0000000005    0.0000000002   -0.0000000037    0.0025203958   -0.0000000430    0.0000000001   -0.0000000012    0.0000000017   -0.0000000001   -0.0000000002   -0.0000421172   -0.0000000001    0.0000000058    0.0000000018    0.0000000028    0.0000000009   -0.0000000013    0.0000000028   -0.0000000040    0.0000000009    0.0000000023   -0.0000000003    0.0000000023    0.0000000013   -0.0001337363    0.0000000029   -0.0000000001   -0.0000000012   -0.0000000006    0.0000000006    0.0000000007    0.0000000001
 -0.0000004507   -0.0000001383   -0.0000001423   -0.0000224994   -0.0000002731   -0.0000015092   -0.7166287613    0.0000000536    0.0000003547   -0.0000003800    0.0000000290   -0.0000000101   -0.0000000039   -0.0000000080    0.0000007558   -0.0000000043   -0.0000000126   -0.0274409980   -0.0000000102    0.0000000905   -0.0000000329   -0.0000000200   -0.0000000062    0.0000000647   -0.0000009707    0.0000000157    0.0000000866    0.0000000212    0.0357374338   -0.0000000348   -0.0000000123    0.0000000161   -0.0000000042    0.0000000081   -0.0000000047   -0.0000000022   -0.0000000184   -0.0000039310   -0.0000000031    0.0000000008    0.0000000002    0.0000000017    0.0000000049    0.0000000051   -0.0000000031    0.0000000656    0.0025818368   -0.0000000002    0.0000000003   -0.0000000012   -0.0000000025   -0.0000000595    0.0027737841    0.0000000031   -0.0000000012    0.0000000015    0.0000000027    0.0000000016    0.0000000064   -0.0000442585    0.0000000024    0.0000000043   -0.0000000003   -0.0000000022   -0.0000000014    0.0000000027    0.0000000016   -0.0000000021   -0.0000000018    0.0000000002    0.0000000012    0.0000000011    0.0000000027   -0.0001162602   -0.0000000003    0.0000000017    0.0000000016    0.0000000013   -0.0000000019    0.0000000015

# Root 11  E=0.3452452954 Ha  9.394608 eV
  0.0000000000    0.0000000000    0.0000000000    0.0000000000    0.0000000000    0.0000000000    0.0000000000    0.0000000000    0.0000000000    0.0000000000    0.0000000000    0.0000000000    0.0000000000    0.0000000000    0.0000000000    0.0000000000    0.0000000000    0.0000000000    0.0000000000    0.0000000000    0.0000000000    0.0000000000    0.0000000000    0.0000000000    0.0000000000    0.0000000000    0.0000000000    0.0000000000    0.0000000000    0.0000000000    0.0000000000    0.0000000000    0.0000000000    0.0000000000    0.0000000000    0.0000000000    0.0000000000    0.0000000000    0.0000000000    0.0000000000    0.0000000000    0.0000000000    0.0000000000    0.0000000000    0.0000000000    0.0000000000    0.0000000000    0.0000000000    0.0000000000    0.0000000000    0.0000000000    0.0000000000    0.0000000000    0.0000000000    0.0000000000    0.0000000000    0.0000000000    0.0000000000    0.0000000000    0.0000000000    0.0000000000    0.0000000000    0.0000000000    0.0000000000    0.0000000000    0.0000000000    0.0000000000    0.0000000000    0.0000000000    0.0000000000    0.0000000000    0.0000000000    0.0000000000    0.0000000000    0.0000000000    0.0000000000    0.0000000000    0.0000000000    0.0000000000    0.0000000000
  0.0000000000    0.0000000000    0.0000000000    0.0000000000    0.0000000000    0.0000000000    0.0000000000    0.0000000000    0.0000000000    0.0000000000    0.0000000000    0.0000000000    0.0000000000    0.0000000000    0.0000000000    0.0000000000    0.0000000000    0.0000000000    0.0000000000    0.0000000000    0.0000000000    0.0000000000    0.0000000000    0.0000000000    0.0000000000    0.0000000000    0.0000000000    0.0000000000    0.0000000000    0.0000000000    0.0000000000    0.0000000000    0.0000000000    0.0000000000    0.0000000000    0.0000000000    0.0000000000    0.0000000000    0.0000000000    0.0000000000    0.0000000000    0.0000000000    0.0000000000    0.0000000000    0.0000000000    0.0000000000    0.0000000000    0.0000000000    0.0000000000    0.0000000000    0.0000000000    0.0000000000    0.0000000000    0.0000000000    0.0000000000    0.0000000000    0.0000000000    0.0000000000    0.0000000000    0.0000000000    0.0000000000    0.0000000000    0.0000000000    0.0000000000    0.0000000000    0.0000000000    0.0000000000    0.0000000000    0.0000000000    0.0000000000    0.0000000000    0.0000000000    0.0000000000    0.0000000000    0.0000000000    0.0000000000    0.0000000000    0.0000000000    0.0000000000    0.0000000000
  0.0000000000    0.0000000000    0.0000000000    0.0000000000    0.0000000000    0.0000000000    0.0000000000    0.0000000000    0.0000000000    0.0000000000    0.0000000000    0.0000000000    0.0000000000    0.0000000000    0.0000000000    0.0000000000    0.0000000000    0.0000000000    0.0000000000    0.0000000000    0.0000000000    0.0000000000    0.0000000000    0.0000000000    0.0000000000    0.0000000000    0.0000000000    0.0000000000    0.0000000000    0.0000000000    0.0000000000    0.0000000000    0.0000000000    0.0000000000    0.0000000000    0.0000000000    0.0000000000    0.0000000000    0.0000000000    0.0000000000    0.0000000000    0.0000000000    0.0000000000    0.0000000000    0.0000000000    0.0000000000    0.0000000000    0.0000000000    0.0000000000    0.0000000000    0.0000000000    0.0000000000    0.0000000000    0.0000000000    0.0000000000    0.0000000000    0.0000000000    0.0000000000    0.0000000000    0.0000000000    0.0000000000    0.0000000000    0.0000000000    0.0000000000    0.0000000000    0.0000000000    0.0000000000    0.0000000000    0.0000000000    0.0000000000    0.0000000000    0.0000000000    0.0000000000    0.0000000000    0.0000000000    0.0000000000    0.0000000000    0.0000000000    0.0000000000    0.0000000000
  0.0000000000    0.0000000000    0.0000000000    0.0000000000    0.0000000000    0.0000000000    0.0000000000    0.0000000000    0.0000000000    0.0000000000    0.0000000000    0.0000000000    0.0000000000    0.0000000000    0.0000000000    0.0000000000    0.0000000000    0.0000000000    0.0000000000    0.0000000000    0.0000000000    0.0000000000    0.0000000000    0.0000000000    0.0000000000    0.0000000000    0.0000000000    0.0000000000    0.0000000000    0.0000000000    0.0000000000    0.0000000000    0.0000000000    0.0000000000    0.0000000000    0.0000000000    0.0000000000    0.0000000000    0.0000000000    0.0000000000    0.0000000000    0.0000000000    0.0000000000    0.0000000000    0.0000000000    0.0000000000    0.0000000000    0.0000000000    0.0000000000    0.0000000000    0.0000000000    0.0000000000    0.0000000000    0.0000000000    0.0000000000    0.0000000000    0.0000000000    0.0000000000    0.0000000000    0.0000000000    0.0000000000    0.0000000000    0.0000000000    0.0000000000    0.0000000000    0.0000000000    0.0000000000    0.0000000000    0.0000000000    0.0000000000    0.0000000000    0.0000000000    0.0000000000    0.0000000000    0.0000000000    0.0000000000    0.0000000000    0.0000000000    0.0000000000    0.0000000000
 -0.0000008607    0.0031037832    0.0000000305    0.0000000061    0.0000000954    0.0000002330   -0.0000000158    0.0017428225    0.0000000197    0.0000000378   -0.0000000093    0.0002680322   -0.0000000037   -0.0000000135   -0.0000000013   -0.0000000275    0.0000000103    0.0000000103   -0.0000000011    0.0000000763    0.0003620225   -0.0000001270    0.0000000018    0.0000000082    0.0000000135    0.0000000131    0.0003090186    0.0000000007   -0.0000000188   -0.0000000001    0.0000000093    0.0000321565    0.0000000434   -0.0004505712    0.0000000012   -0.0000000049    0.0000000228    0.0000000030   -0.0000000000   -0.0000000052   -0.0000000030   -0.0000000084   -0.0000000005    0.0000000002   -0.0000000008   -0.0000000004   -0.0000000021    0.0000000016    0.0000000047    0.0000000001    0.0000435283    0.0000000008   -0.0000000024    0.0000509724   -0.0000000023   -0.0000000000    0.0000000009    0.0000000000   -0.0000000053   -0.0000000020    0.0000000060   -0.0001259297   -0.0000000009    0.0000000016    0.0000000017    0.0000000003    0.0000000002    0.0000000003    0.0000000003   -0.0005631750    0.0000000002   -0.0000000031    0.0000000004   -0.0000000005    0.0000000047   -0.0000779187   -0.0000000014    0.0000101068   -0.0000000000    0.0000000003
  0.0044412398    0.0000006592   -0.0000000619    0.0000000362    0.0000000088   -0.0054910827   -0.0000000031   -0.0000004245   -0.0000000188   -0.0000000029   -0.0007622560    0.0000000389   -0.0000000063    0.0000000008   -0.0000000063   -0.0000000007   -0.0000000060    0.0000000017   -0.0000000116   -0.0004217810    0.0000000704    0.0010768910    0.0000000140    0.0004115795    0.0000000176    0.0000000063    0.0000000924   -0.0000000051   -0.0000000100    0.0000000013    0.0000000050   -0.0000000368    0.0004469216   -0.0000000043   -0.0000000004   -0.0000000002   -0.0000000002   -0.0000000145   -0.0000000054   -0.0000000020    0.0000000097   -0.0000000019    0.0000000009    0.0000000005   -0.0000000003    0.0000000013   -0.0000000007    0.0000000004    0.0001277713   -0.0001555943   -0.0000000079   -0.0000000002   -0.0000000013   -0.0000000026   -0.0000000022    0.0000000012    0.0000000040    0.0000000030   -0.0000000008    0.0000000058   -0.0000485656   -0.0000000003    0.0000000005    0.0000000000    0.0000000010   -0.0000000011    0.0000000002    0.0000000003    0.0006094267    0.0000000093   -0.0000000019   -0.0000000002   -0.0000000002   -0.0000000005    0.0000033590   -0.0000000029   -0.0000112468    0.0000000015   -0.0000000001    0.0000000003
 -0.0000000958   -0.0000000353    0.0000002843    0.0000000008    0.0022155804   -0.0000003206    0.0000000036   -0.0000001256    0.0000000484    0.0000000024   -0.0000000034    0.0000000035   -0.0000001065   -0.0000000545    0.0000000015    0.0010705552    0.0033081475    0.0000000000   -0.0000001369    0.0000000202    0.0000000013    0.0000000155   -0.0000000405    0.0000000294    0.0000000014    0.0011122382    0.0000000050   -0.0000000162   -0.0000000056   -0.0000000180    0.0011707628   -0.0000000051    0.0000000033    0.0000000002    0.0000000000    0.0000000015    0.0000000010   -0.0000000024    0.0000000226    0.0000000013   -0.0000000766    0.0040401284   -0.0000000012   -0.0000000010    0.0000000036   -0.0000000001    0.0000000010   -0.0000122437   -0.0000000018   -0.0000000004   -0.0000000003    0.0000000003    0.0000000003   -0.0000000012   -0.0000000025   -0.0004072115    0.0000000593    0.0013723697   -0.0000000001   -0.0000000000   -0.0000000020   -0.0000000007   -0.0000000006   -0.0000000022    0.0000000019   -0.0000385318   -0.0000000005   -0.0000000002    0.0000000001    0.0000000012    0.0000000011   -0.0000130314    0.0000000001   -0.0000000003    0.0000000005    0.0000000010    0.0000000017    0.0000000010    0.0000000016    0.0000000025
  0.0000002603    0.0000000441    0.0037585153   -0.0000000100    0.0000000921   -0.0000004906   -0.0000000094    0.0000000655    0.0000000948   -0.0000000033   -0.0000000047    0.0000000015    0.0031106103    0.0001324053   -0.0000000058   -0.0000000523   -0.0000001036   -0.0000000000    0.0043952732   -0.0000000248    0.0000000136    0.0000000082   -0.0002799598    0.0000000315   -0.0000000002   -0.0000000263   -0.0000000176   -0.0000000222   -0.0000000008   -0.0000000137   -0.0000000909   -0.0000000043    0.0000000050    0.0000000012    0.0000000124   -0.0000000033    0.0000000021   -0.0000000012   -0.0000000035   -0.0000000023    0.0039484579   -0.0000001330    0.0000000016    0.0000000000   -0.0000217438    0.0000000003   -0.0000000005    0.0000000058    0.0000000025   -0.0000000021   -0.0000000002   -0.0000000015    0.0000000002   -0.0000000002    0.0001610992    0.0000000245   -0.0015795774   -0.0000000635   -0.0000000001    0.0000000001   -0.0000000019   -0.0000000019    0.0000000004   -0.0000000000   -0.0000136908   -0.0000000014   -0.0000000004    0.0000000025   -0.0000000034   -0.0000000016    0.0000262444   -0.0000000024    0.0000000001   -0.0000000000   -0.0000000012    0.0000000004    0.0000000011    0.0000000018    0.0000000029    0.0000000011
 -0.0000004467    0.0000004350    0.0000000384   -0.0000000024    0.0000000823    0.0000000375    0.0000000855    0.0000002120    0.0000003483    0.0013694799    0.0000000012   -0.0000000018    0.0000000274   -0.0000000255    0.0000000011   -0.0000000337    0.0000000058   -0.0000000047    0.0000000154    0.0000000185    0.0000000160   -0.0000000233    0.0000000056   -0.0000000064    0.0000000048   -0.0000000001   -0.0000000110    0.0000000432   -0.0000000100    0.0005204198    0.0000000008   -0.0000000086   -0.0000000010    0.0000000077    0.0000000117    0.0002742929    0.0000000082    0.0000000073   -0.0000000942    0.0028064093    0.0000000077   -0.0000000089   -0.0000000108   -0.0000379194   -0.0000000020   -0.0000000008    0.0000000021    0.0000000103   -0.0000000003    0.0000000001   -0.0000000010   -0.0000000000    0.0000000028   -0.0000000011    0.0000000028    0.0000000053   -0.0000000159   -0.0000000016   -0.0000000017   -0.0000000022    0.0000000002    0.0000000010   -0.0000000025   -0.0000661233   -0.0000000039    0.0000000169    0.0000001862    0.0019130716   -0.0000000039    0.0000000007    0.0000000017   -0.0000000026    0.0000000002   -0.0000000010   -0.0000000003   -0.0000000007   -0.0000000004    0.0000000008    0.0000000009    0.0000009917
 -0.0000002790    0.0000000498    0.0000002227    0.0000000011    0.0000000110   -0.0000007895    0.0000000481   -0.0000000573    0.0036361503   -0.0000000128   -0.0000000024    0.0000000003   -0.0000000022   -0.0000000630   -0.0000000019   -0.0000000187    0.0000000313   -0.0000000023   -0.0000000093    0.0000000071   -0.0000000053    0.0000000004   -0.0000000098    0.0000000384    0.0000000159   -0.0000000008    0.0000000042    0.0004285196   -0.0000000026    0.0000000108    0.0000000126    0.0000000031   -0.0000000011   -0.0000000036    0.0002919015   -0.0000000009   -0.0000000067   -0.0000000068   -0.0028121149   -0.0000000869   -0.0000000088    0.0000000289   -0.0000334648   -0.0000000037   -0.0000000093   -0.0000000006    0.0000000011    0.0000000034   -0.0000000024   -0.0000000016    0.0000000005    0.0000000001    0.0000000016    0.0000000012    0.0000000003   -0.0000000040    0.0000000038    0.0000000197    0.0000000021    0.0000000019   -0.0000000013    0.0000000001   -0.0000309909   -0.0000000016    0.0000000001    0.0000000128    0.0018950569   -0.0000002814   -0.0000000002   -0.0000000034    0.0000000033   -0.0000000017    0.0000000014   -0.0000000003   -0.0000000007   -0.0000000004   -0.0000000002   -0.0000000005    0.0000049203   -0.0000000022
 -0.0000181231   -0.2209821587   -0.0000000380   -0.0000000402   -0.0000000288    0.0000024544   -0.0000000569    0.0190115549   -0.0000000308    0.0000000468   -0.0000000152    0.0020784407   -0.0000000379   -0.0000000405    0.0000000166    0.0000000017    0.0000000039   -0.0000000045   -0.0000000039    0.0000006148   -0.0093943645   -0.0000007608   -0.0000000003   -0.0000000183   -0.0000000066   -0.0000000055   -0.0038862818   -0.0000000027    0.0000000175    0.0000000032    0.0000000404    0.0019435912    0.0000000977   -0.0022774957    0.0000000010   -0.0000000053    0.0000000020    0.0000000126   -0.0000000028   -0.0000000030    0.0000000109   -0.0000000137    0.0000000011    0.0000000012    0.0000000003    0.0000000004   -0.0000000056    0.0000000022   -0.0000000522    0.0000000162    0.0000277918    0.0000000021   -0.0000000107    0.0004001494   -0.0000000087    0.0000000028    0.0000000028    0.0000000017   -0.0000000109   -0.0000000025    0.0000000125   -0.0001158791    0.0000000002    0.0000000018    0.0000000038   -0.0000000006   -0.0000000032    0.0000000007    0.0000000074   -0.0018639440   -0.0000000026   -0.0000000037   -0.0000000015    0.0000000019    0.0000000100   -0.0000689071    0.0000000032    0.0000560339   -0.0000000001   -0.0000000002
 -0.3257024076   -0.0000142881   -0.0000000060   -0.0000000634   -0.0000001144    0.0117897033    0.0000000437    0.0000013718    0.0000001026   -0.0000000230    0.0016622350   -0.0000001275    0.0000000267    0.0000000180   -0.0000000273    0.0000000028   -0.0000000117    0.0000000665    0.0000000849    0.0094214386   -0.0000005532   -0.0122029004    0.0000000280    0.0006512387   -0.0000000009   -0.0000000167   -0.0000003459    0.0000000007   -0.0000000103   -0.0000000038   -0.0000000088    0.0000003019   -0.0006923765   -0.0000001599    0.0000000049    0.0000000006   -0.0000000108   -0.0000000156    0.0000000043    0.0000000019    0.0000000109   -0.0000000123   -0.0000000014   -0.0000000003   -0.0000000013    0.0000000032    0.0000000019   -0.0000000018    0.0002143156    0.0000839724    0.0000000120   -0.0000000085    0.0000000048   -0.0000000434    0.0000000060   -0.0000000055   -0.0000000083   -0.0000000088   -0.0000000003   -0.0000000079   -0.0000196655   -0.0000000075   -0.0000000001   -0.0000000005   -0.0000000031    0.0000000028    0.0000000010   -0.0000000030   -0.0018235014   -0.0000000210    0.0000000051    0.0000000029    0.0000000016   -0.0000000011   -0.0000587685   -0.0000000005    0.0000012582   -0.0000000068    0.0000000014   -0.0000000001
  0.0000018145    0.0000022368    0.0000000388    0.0000001476    0.0000000391    0.0000015349    0.0031745565   -0.0000001749   -0.0000000642    0.0000001021    0.0000000514   -0.0000000214   -0.0000000048   -0.0000000087    0.0000001241   -0.0000000096   -0.0000000025   -0.0006988144   -0.0000000014   -0.0000000849    0.0000000412    0.0000000643   -0.0000000001   -0.0000000306    0.0000000132    0.0000000046    0.0000000041    0.0000000010   -0.0003827874    0.0000000181    0.0000000006   -0.0000000168   -0.0000000029   -0.0000000087   -0.0000000010   -0.0000000078    0.0000000320   -0.0032066406   -0.0000000045   -0.0000000170    0.0000000038   -0.0000000020    0.0000000012    0.0000000018   -0.0000000009    0.0000000086    0.0000141905   -0.0000000023    0.0000000172    0.0000000046    0.0000000069   -0.0000000117    0.0000872431    0.0000000046   -0.0000000003   -0.0000000008    0.0000000009   -0.0000000015   -0.0000002564    0.0018178463    0.0000000055   -0.0000000057   -0.0000000002    0.0000000010    0.0000000005   -0.0000000013    0.0000000001   -0.0000000007    0.0000000048    0.0000000003    0.0000000000   -0.0000000001    0.0000000038   -0.0000255494    0.0000000029    0.0000000014    0.0000000021    0.0000000000   -0.0000000009   -0.0000000007
  0.0000029549   -0.0000032738   -0.0000002890    0.0069022004    0.0000000334    0.0000026803   -0.0000000504    0.0000001167   -0.0000001264    0.0000000440   -0.0000000098   -0.0000000145   -0.0000000057    0.0000000096    0.0012000911   -0.0000000007   -0.0000000051   -0.0000001076   -0.0000000053    0.0000001231   -0.0000000856    0.0000000031    0.0000000114   -0.0000000856    0.0002432309    0.0000000005   -0.0000000245    0.0000000071   -0.0000000167    0.0000000082   -0.0000000009    0.0000000074   -0.0000000033   -0.0000000154   -0.0000000051   -0.0000000006    0.0032162819    0.0000000044    0.0000000078    0.0000000024    0.0000000062   -0.0000000008    0.0000000017    0.0000000005    0.0000000036    0.0000799207    0.0000000042   -0.0000000006    0.0000000017    0.0000000072   -0.0000000030   -0.0001498020    0.0000000098   -0.0000000146   -0.0000000012    0.0000000002    0.0000000020   -0.0000000013   -0.0018154637   -0.0000003785    0.0000000071   -0.0000000020    0.0000000014    0.0000000003   -0.0000000007   -0.0000000005   -0.0000000035    0.0000000033    0.0000000001   -0.0000000027   -0.0000000005    0.0000000001    0.0000469476   -0.0000000038   -0.0000000013    0.0000000029    0.0000000036    0.0000000010   -0.0000000020    0.0000000001
 -0.0000024463    0.1375032222   -0.0000003100    0.0000010930    0.0000009203    0.0000157060   -0.0000000217   -0.2850444904    0.0000000437    0.0000000294    0.0000000495   -0.0079816833    0.0000000025    0.0000000390    0.0000000061   -0.0000000112    0.0000000403    0.0000000069   -0.0000000122   -0.0000004304    0.0009343513   -0.0000001819    0.0000000385   -0.0000005983    0.0000000630    0.0000000518    0.0138240666    0.0000000027   -0.0000000358    0.0000000052   -0.0000000044    0.0105113840    0.0000001113   -0.0025362908    0.0000000009    0.0000000009    0.0000000072   -0.0000000055    0.0000000053    0.0000000059   -0.0000000065    0.0000000010   -0.0000000009    0.0000000028   -0.0000000002   -0.0000000103    0.0000000022   -0.0000000061   -0.0000000067   -0.0000000085    0.0017561207    0.0000000039   -0.0000000010    0.0008169897    0.0000000053   -0.0000000052    0.0000000046   -0.0000000021   -0.0000000019   -0.0000000025    0.0000000029   -0.0008766273   -0.0000000035    0.0000000004   -0.0000000009   -0.0000000035   -0.0000000005    0.0000000021    0.0000000027    0.0001154317   -0.0000000009    0.0000000045    0.0000000001   -0.0000000026    0.0000000108   -0.0005537353   -0.0000000215   -0.0011247117    0.0000000004    0.0000000000
 -0.0366595462    0.0000000273   -0.0000002553   -0.0000002554    0.0000009199    0.8610978733   -0.0000011425   -0.0000110594    0.0000000807    0.0000000351   -0.0013455587   -0.0000001316    0.0000000860   -0.0000000991    0.0000000339    0.0000000546   -0.0000000072   -0.0000000345   -0.0000000632   -0.0056165586   -0.0000001927   -0.0056329398   -0.0000000597   -0.0246895636    0.0000001021   -0.0000000130    0.0000004085    0.0000000026    0.0000000652    0.0000000011   -0.0000000145    0.0000001879    0.0041984671    0.0000000186    0.0000000008   -0.0000000021    0.0000000133    0.0000000041   -0.0000000028   -0.0000000057    0.0000000047   -0.0000000094   -0.0000000010    0.0000000010   -0.0000000004    0.0000000003    0.0000000081   -0.0000000021   -0.0007302235   -0.0011374643    0.0000000227    0.0000000001    0.0000000023    0.0000000065    0.0000000051   -0.0000000007    0.0000000014   -0.0000000036   -0.0000000104    0.0000000055   -0.0009081432   -0.0000000063   -0.0000000002   -0.0000000000   -0.0000000035    0.0000000001   -0.0000000001   -0.0000000002   -0.0000950495   -0.0000000061   -0.0000000013    0.0000000026   -0.0000000003   -0.0000000051   -0.0002498574    0.0000000000   -0.0011660780   -0.0000000187   -0.0000000002    0.0000000004

# Root 12  E=0.3531507179 Ha  9.609725 eV
  0.0000000000    0.0000000000    0.0000000000    0.0000000000    0.0000000000    0.0000000000    0.0000000000    0.0000000000    0.0000000000    0.0000000000    0.0000000000    0.0000000000    0.0000000000    0.0000000000    0.0000000000    0.0000000000    0.0000000000    0.0000000000    0.0000000000    0.0000000000    0.0000000000    0.0000000000    0.0000000000    0.0000000000    0.0000000000    0.0000000000    0.0000000000    0.0000000000    0.0000000000    0.0000000000    0.0000000000    0.0000000000    0.0000000000    0.0000000000    0.0000000000    0.0000000000    0.0000000000    0.0000000000    0.0000000000    0.0000000000    0.0000000000    0.0000000000    0.0000000000    0.0000000000    0.0000000000    0.0000000000    0.0000000000    0.0000000000    0.0000000000    0.0000000000    0.0000000000    0.0000000000    0.0000000000    0.0000000000    0.0000000000    0.0000000000    0.0000000000    0.0000000000    0.0000000000    0.0000000000    0.0000000000    0.0000000000    0.0000000000    0.0000000000    0.0000000000    0.0000000000    0.0000000000    0.0000000000    0.0000000000    0.0000000000    0.0000000000    0.0000000000    0.0000000000    0.0000000000    0.0000000000    0.0000000000    0.0000000000    0.0000000000    0.0000000000    0.0000000000
  0.0000000000    0.0000000000    0.0000000000    0.0000000000    0.0000000000    0.0000000000    0.0000000000    0.0000000000    0.0000000000    0.0000000000    0.0000000000    0.0000000000    0.0000000000    0.0000000000    0.0000000000    0.0000000000    0.0000000000    0.0000000000    0.0000000000    0.0000000000    0.0000000000    0.0000000000    0.0000000000    0.0000000000    0.0000000000    0.0000000000    0.0000000000    0.0000000000    0.0000000000    0.0000000000    0.0000000000    0.0000000000    0.0000000000    0.0000000000    0.0000000000    0.0000000000    0.0000000000    0.0000000000    0.0000000000    0.0000000000    0.0000000000    0.0000000000    0.0000000000    0.0000000000    0.0000000000    0.0000000000    0.0000000000    0.0000000000    0.0000000000    0.0000000000    0.0000000000    0.0000000000    0.0000000000    0.0000000000    0.0000000000    0.0000000000    0.0000000000    0.0000000000    0.0000000000    0.0000000000    0.0000000000    0.0000000000    0.0000000000    0.0000000000    0.0000000000    0.0000000000    0.0000000000    0.0000000000    0.0000000000    0.0000000000    0.0000000000    0.0000000000    0.0000000000    0.0000000000    0.0000000000    0.0000000000    0.0000000000    0.0000000000    0.0000000000    0.0000000000
  0.0000000000    0.0000000000    0.0000000000    0.0000000000    0.0000000000    0.0000000000    0.0000000000    0.0000000000    0.0000000000    0.0000000000    0.0000000000    0.0000000000    0.0000000000    0.0000000000    0.0000000000    0.0000000000    0.0000000000    0.0000000000    0.0000000000    0.0000000000    0.0000000000    0.0000000000    0.0000000000    0.0000000000    0.0000000000    0.0000000000    0.0000000000    0.0000000000    0.0000000000    0.0000000000    0.0000000000    0.0000000000    0.0000000000    0.0000000000    0.0000000000    0.0000000000    0.0000000000    0.0000000000    0.0000000000    0.0000000000    0.0000000000    0.0000000000    0.0000000000    0.0000000000    0.0000000000    0.0000000000    0.0000000000    0.0000000000    0.0000000000    0.0000000000    0.0000000000    0.0000000000    0.0000000000    0.0000000000    0.0000000000    0.0000000000    0.0000000000    0.0000000000    0.0000000000    0.0000000000    0.0000000000    0.0000000000    0.0000000000    0.0000000000    0.0000000000    0.0000000000    0.0000000000    0.0000000000    0.0000000000    0.0000000000    0.0000000000    0.0000000000    0.0000000000    0.0000000000    0.0000000000    0.0000000000    0.0000000000    0.0000000000    0.0000000000    0.0000000000
  0.0000000000    0.0000000000    0.0000000000    0.0000000000    0.0000000000    0.0000000000    0.0000000000    0.0000000000    0.0000000000    0.0000000000    0.0000000000    0.0000000000    0.0000000000    0.0000000000    0.0000000000    0.0000000000    0.0000000000    0.0000000000    0.0000000000    0.0000000000    0.0000000000    0.0000000000    0.0000000000    0.0000000000    0.0000000000    0.0000000000    0.0000000000    0.0000000000    0.0000000000    0.0000000000    0.0000000000    0.0000000000    0.0000000000    0.0000000000    0.0000000000    0.0000000000    0.0000000000    0.0000000000    0.0000000000    0.0000000000    0.0000000000    0.0000000000    0.0000000000    0.0000000000    0.0000000000    0.0000000000    0.0000000000    0.0000000000    0.0000000000    0.0000000000    0.0000000000    0.0000000000    0.0000000000    0.0000000000    0.0000000000    0.0000000000    0.0000000000    0.0000000000    0.0000000000    0.0000000000    0.0000000000    0.0000000000    0.0000000000    0.0000000000    0.0000000000    0.0000000000    0.0000000000    0.0000000000    0.0000000000    0.0000000000    0.0000000000    0.0000000000    0.0000000000    0.0000000000    0.0000000000    0.0000000000    0.0000000000    0.0000000000    0.0000000000    0.0000000000
  0.0424732718    0.0000109588    0.0000000449   -0.0000000068    0.0000000049   -0.0052610599    0.0000000025   -0.0000009666    0.0000000141    0.0000000068   -0.0012785234    0.0000000237    0.0000000143   -0.0000000022    0.0000000106   -0.0000000050    0.0000000143   -0.0000000257   -0.0000000271   -0.0044887037    0.0000013100    0.0060533967   -0.0000000123    0.0003607732   -0.0000000048   -0.0000000012    0.0000007951    0.0000000037   -0.0000000046   -0.0000000003   -0.0000000037   -0.0000005798    0.0010053669    0.0000001970    0.0000000009   -0.0000000006    0.0000000426    0.0000000178    0.0000000092    0.0000000001   -0.0000000121    0.0000000017    0.0000000009    0.0000000005    0.0000000013   -0.0000000011    0.0000000006   -0.0000000000   -0.0002189106   -0.0001800562   -0.0000000244    0.0000000008    0.0000000003   -0.0000000720   -0.0000000015   -0.0000000019    0.0000000076    0.0000000026   -0.0000000151   -0.0000000095    0.0000880983   -0.0000000592   -0.0000000008    0.0000000003   -0.0000000042    0.0000000033   -0.0000000003    0.0000000002   -0.0002700242   -0.0000002102   -0.0000000019   -0.0000000009    0.0000000002    0.0000000020    0.0001066988   -0.0000000272   -0.0000237321    0.0000000007    0.0000000001   -0.0000000003
 -0.0000111749   -0.0393217790   -0.0000000124   -0.0000000071   -0.0000000503   -0.0000002103   -0.0000000021    0.0029519348   -0.0000000009   -0.0000000125   -0.0000002121    0.0014870959    0.0000000029    0.0000000076   -0.0000000019    0.0000000108   -0.0000000032    0.0000000016   -0.0000000015    0.0000015280   -0.0050850492   -0.0000015644   -0.0000000031    0.0000002647    0.0000000029   -0.0000000113   -0.0012849959   -0.0000000001    0.0000000072   -0.0000000013   -0.0000000034    0.0008975155    0.0000002353   -0.0018069112    0.0000000010    0.0000000024   -0.0000000322   -0.0000000474    0.0000000045    0.0000000059   -0.0000000108    0.0000000166    0.0000000003    0.0000000011    0.0000000015   -0.0000000004    0.0000000001    0.0000000013    0.0000000693   -0.0000000419   -0.0000777671   -0.0000000005   -0.0000000009    0.0003966552    0.0000000024   -0.0000000014    0.0000000016    0.0000000057    0.0000000092    0.0000000166   -0.0000000003   -0.0000054841   -0.0000000001   -0.0000000005   -0.0000000024    0.0000000041   -0.0000000011   -0.0000000004    0.0000002235    0.0002515149   -0.0000000013   -0.0000000029   -0.0000000000   -0.0000000006    0.0000000114   -0.0001088440   -0.0000000046    0.0000442139    0.0000000005   -0.0000000002
  0.0000001505    0.0000002971    0.0031848704   -0.0000000003    0.0000006205   -0.0000000763   -0.0000000024   -0.0000001086   -0.0000000287    0.0000000124   -0.0000000083   -0.0000000017    0.0027002118    0.0015644126    0.0000000018    0.0000000432   -0.0000001657   -0.0000000024    0.0052857658   -0.0000000381   -0.0000000011   -0.0000000011   -0.0005344820    0.0000000106   -0.0000000023    0.0000000316    0.0000000070    0.0000000019    0.0000000004   -0.0000000054   -0.0000004025   -0.0000000001    0.0000000022    0.0000000028   -0.0000000046   -0.0000000006    0.0000000099   -0.0000000060    0.0000000214    0.0000000074    0.0022470247    0.0000002048   -0.0000000031   -0.0000000012   -0.0001413882    0.0000000039    0.0000000001    0.0000000304    0.0000000024   -0.0000000001   -0.0000000007   -0.0000000006    0.0000000010    0.0000000038    0.0001806054    0.0000000482   -0.0022228502   -0.0000001929   -0.0000000004   -0.0000000002   -0.0000000024   -0.0000000004   -0.0000000022   -0.0000000008    0.0000188910    0.0000000048    0.0000000033   -0.0000000049    0.0000000005   -0.0000000002    0.0000213059   -0.0000000061   -0.0000000005    0.0000000001   -0.0000000005   -0.0000000001    0.0000000012    0.0000000007   -0.0000000008    0.0000000007
 -0.0000004172   -0.0000004343    0.0000007833   -0.0000000101    0.0034389497    0.0000000626    0.0000000021   -0.0000001038   -0.0000000062    0.0000000140    0.0000000042    0.0000000017   -0.0000001287    0.0000002349    0.0000000056    0.0023686869    0.0036206827   -0.0000000021   -0.0000002670    0.0000000039   -0.0000000203   -0.0000000247   -0.0000001197   -0.0000000027    0.0000000033    0.0017236922    0.0000000020   -0.0000000020   -0.0000000014    0.0000000046    0.0025224530   -0.0000000037    0.0000000045   -0.0000000022    0.0000000007   -0.0000000044    0.0000000094   -0.0000000095   -0.0000000148   -0.0000000246    0.0000001254    0.0022794694    0.0000000014    0.0000000015    0.0000000268    0.0000000009   -0.0000000002   -0.0000234697   -0.0000000012    0.0000000013   -0.0000000006   -0.0000000004   -0.0000000003    0.0000000015    0.0000000072   -0.0004365803    0.0000002715    0.0019195003   -0.0000000002   -0.0000000014    0.0000000000    0.0000000009    0.0000000015    0.0000000026    0.0000000032   -0.0000108306    0.0000000007    0.0000000034    0.0000000040    0.0000000038    0.0000000103   -0.0000345537   -0.0000000003   -0.0000000003   -0.0000000011   -0.0000000004    0.0000000009    0.0000000011    0.0000000002   -0.0000000011
 -0.0000025152    0.0000013265   -0.0000001314    0.0000000456    0.0000000097    0.0000003342   -0.0000000051   -0.0000000995    0.0022190831    0.0000005146    0.0000000141   -0.0000000157    0.0000000748    0.0000000500    0.0000000070   -0.0000000169   -0.0000000447   -0.0000000004    0.0000000824    0.0000000731    0.0000000728   -0.0000000938    0.0000000138   -0.0000000083    0.0000000023   -0.0000000051    0.0000000299    0.0007028277   -0.0000000037    0.0000001799   -0.0000000194   -0.0000000217   -0.0000000004    0.0000000240   -0.0000453137    0.0000000615   -0.0000000085   -0.0000000142    0.0022801517    0.0000012646    0.0000000310   -0.0000000415   -0.0002130528    0.0000000178    0.0000000067    0.0000000005    0.0000000003    0.0000000022   -0.0000000117    0.0000000019   -0.0000000002   -0.0000000013    0.0000000002    0.0000000098    0.0000000041    0.0000000099   -0.0000000464   -0.0000000284    0.0000000028    0.0000000035    0.0000000002    0.0000000012    0.0000089289   -0.0000000010   -0.0000000062    0.0000000071    0.0010132236    0.0000000641    0.0000000003   -0.0000000010   -0.0000000000    0.0000000000    0.0000000005   -0.0000000003    0.0000000006    0.0000000000   -0.0000000007    0.0000000008   -0.0000633741   -0.0000000140
 -0.0000009766    0.0000007813    0.0000000167    0.0000000275   -0.0000000282   -0.0000000291   -0.0000000098   -0.0000002715    0.0000006735    0.0019713809    0.0000000052   -0.0000000018   -0.0000000379   -0.0000000296    0.0000000056    0.0000000206    0.0000000484   -0.0000000039   -0.0000000301   -0.0000000044    0.0000000265   -0.0000000092   -0.0000000058    0.0000000098   -0.0000000022    0.0000000088    0.0000000252    0.0000001342   -0.0000000048    0.0005911690    0.0000000365   -0.0000000052    0.0000000040    0.0000000035    0.0000000775   -0.0002720538    0.0000000109    0.0000000057   -0.0000011006   -0.0023587141   -0.0000000104    0.0000000397   -0.0000000740    0.0003090220   -0.0000000050    0.0000000012    0.0000000002   -0.0000000056   -0.0000000016    0.0000000006    0.0000000007   -0.0000000005    0.0000000002    0.0000000047   -0.0000000030   -0.0000000138    0.0000000230    0.0000000403   -0.0000000015   -0.0000000016   -0.0000000004    0.0000000014   -0.0000000126   -0.0000433472   -0.0000000020    0.0000000033    0.0000002975    0.0010120092   -0.0000000019    0.0000000021    0.0000000002    0.0000000002   -0.0000000001   -0.0000000003    0.0000000002    0.0000000003    0.0000000003   -0.0000000009   -0.0000000185   -0.0000688728
  0.7636196743    0.0000976845    0.0000001376   -0.0000000000   -0.0000000060   -0.0329026195    0.0000000118   -0.0000062056    0.0000000168   -0.0000000179   -0.0070785270    0.0000005974    0.0000000682    0.0000000386    0.0000000472    0.0000000028    0.0000000694   -0.0000001250   -0.0000001957   -0.0252374086    0.0000042940    0.0321106790   -0.0000000451   -0.0017146754    0.0000000091   -0.0000000029    0.0000024014    0.0000000082   -0.0000000094   -0.0000000001   -0.0000000262   -0.0000022842    0.0019259336    0.0000013304   -0.0000000025    0.0000000041   -0.0000000268   -0.0000000257    0.0000000133    0.0000000178   -0.0000000162    0.0000000195   -0.0000000004    0.0000000004    0.0000000005    0.0000000032   -0.0000000025    0.0000000003    0.0033223106   -0.0006279874    0.0000000542   -0.0000000040   -0.0000000033    0.0000006635    0.0000000065   -0.0000000095    0.0000000058    0.0000000070   -0.0000000239   -0.0000000141    0.0000909718    0.0000000091   -0.0000000009    0.0000000003   -0.0000000042    0.0000000056   -0.0000000019   -0.0000000014   -0.0011174290   -0.0000007333   -0.0000000018   -0.0000000019    0.0000000005    0.0000000006    0.0000716076    0.0000000034   -0.0000408479    0.0000000173   -0.0000000001   -0.0000000015
  0.0001513957    0.5359222519    0.0000000186    0.0000000664    0.0000002147   -0.0000053747    0.0000000704   -0.0340225082   -0.0000000096    0.0000000326    0.0000007714   -0.0075316102   -0.0000000252    0.0000000061    0.0000000168   -0.0000000095   -0.0000000193    0.0000000126    0.0000000021   -0.0000049822    0.0254797058    0.0000062200    0.0000000154   -0.0000006028    0.0000000044    0.0000000381    0.0103980059   -0.0000000010   -0.0000000152    0.0000000057   -0.0000000222   -0.0072332449   -0.0000006891    0.0089041123   -0.0000000034   -0.0000000005    0.0000000106   -0.0000000069   -0.0000000125   -0.0000000180   -0.0000000135    0.0000000125   -0.0000000006   -0.0000000005   -0.0000000008    0.0000000028   -0.0000000037    0.0000000013    0.0000009885   -0.0000000932    0.0003511404   -0.0000000018   -0.0000000058    0.0020460891   -0.0000000004    0.0000000082   -0.0000000023    0.0000000006   -0.0000000133   -0.0000000247   -0.0000000037    0.0002046913    0.0000000014    0.0000000010    0.0000000049   -0.0000000060    0.0000000032    0.0000000038   -0.0000007444   -0.0010756949    0.0000000019    0.0000000011    0.0000000004    0.0000000008   -0.0000000155    0.0001533492    0.0000000012   -0.0000199678   -0.0000000007   -0.0000000003
  0.0000018794    0.0000073294    0.0000001293   -0.0057644203   -0.0000000488   -0.0000010676   -0.0000005736    0.0000000200    0.0000000371   -0.0000000182    0.0000000606   -0.0000000324   -0.0000000099   -0.0000000018    0.0037264929   -0.0000000134   -0.0000000029   -0.0000006750   -0.0000000159   -0.0000004327    0.0000001580    0.0000002082   -0.0000000031    0.0000000421    0.0005102137   -0.0000000065    0.0000000421    0.0000000097   -0.0000001538   -0.0000000025   -0.0000000116   -0.0000000418    0.0000000096    0.0000000239   -0.0000000005   -0.0000000006   -0.0030968171   -0.0000014788    0.0000000224    0.0000000049   -0.0000000089    0.0000000001   -0.0000000013   -0.0000000014    0.0000000125    0.0003439604    0.0000000509   -0.0000000005    0.0000000370   -0.0000000006    0.0000000073   -0.0003152426    0.0000000720    0.0000000199   -0.0000000002    0.0000000012    0.0000000130   -0.0000000087   -0.0017241731   -0.0000003047    0.0000000013   -0.0000000005   -0.0000000012   -0.0000000000    0.0000000007   -0.0000000009    0.0000000010   -0.0000000007    0.0000000100    0.0000000056   -0.0000000006    0.0000000005    0.0001544207   -0.0000000264    0.0000000065   -0.0000000006    0.0000000001    0.0000000000   -0.0000000008   -0.0000000007
 -0.0000000926   -0.0000102248   -0.0000000060   -0.0000001725   -0.0000000433   -0.0000001222   -0.0044102014    0.0000007622    0.0000000196   -0.0000000397   -0.0000000552    0.0000000477   -0.0000000039    0.0000000042    0.0000008738    0.0000000007   -0.0000000155   -0.0036178646   -0.0000000174    0.0000002528   -0.0000002867   -0.0000001146    0.0000000025   -0.0000000183    0.0000000694   -0.0000000067   -0.0000000914    0.0000000059   -0.0004112840    0.0000000000   -0.0000000151    0.0000000576   -0.0000000009   -0.0000000265   -0.0000000030    0.0000000029    0.0000014616    0.0030996096   -0.0000000043   -0.0000000064   -0.0000000094    0.0000000025   -0.0000000022    0.0000000006    0.0000000007    0.0000000987    0.0003494615    0.0000000011   -0.0000000213   -0.0000000014   -0.0000000135   -0.0000000854    0.0003229904   -0.0000000367   -0.0000000007    0.0000000020    0.0000000097   -0.0000000064   -0.0000002773    0.0017376047    0.0000000010    0.0000000028   -0.0000000003   -0.0000000003   -0.0000000008    0.0000000002    0.0000000036   -0.0000000053   -0.0000000078   -0.0000000126    0.0000000009    0.0000000001    0.0000000274   -0.0001422801   -0.0000000011    0.0000000026   -0.0000000001    0.0000000005   -0.0000000002   -0.0000000001
 -0.0278831310    0.0000235623    0.0000003058    0.0000013854    0.0000002089   -0.2435903754   -0.0000001638   -0.0000265236    0.0000001021    0.0000000662   -0.0034575596   -0.0000013971   -0.0000000117   -0.0000000141    0.0000000157   -0.0000000004   -0.0000000858    0.0000000955    0.0000001812    0.0151265755    0.0000022264    0.0069709201    0.0000000083    0.0097829792    0.0000000444    0.0000000163    0.0000008832    0.0000000112    0.0000000220    0.0000000080    0.0000000096    0.0000018178   -0.0024217712   -0.0000011630   -0.0000000036    0.0000000020   -0.0000000010    0.0000000080   -0.0000000070   -0.0000000046    0.0000000083   -0.0000000101   -0.0000000007    0.0000000025    0.0000000020   -0.0000000160    0.0000000079    0.0000000029    0.0002146340   -0.0003424835    0.0000004641    0.0000000019    0.0000000007    0.0000002325   -0.0000000139    0.0000000134    0.0000000053    0.0000000027   -0.0000000060    0.0000000020   -0.0006472610   -0.0000003225   -0.0000000003    0.0000000006   -0.0000000093    0.0000000040    0.0000000017   -0.0000000003    0.0000366632   -0.0000000054   -0.0000000067    0.0000000013   -0.0000000018   -0.0000000118   -0.0005507706   -0.0000002516    0.0001819410   -0.0000002150   -0.0000000005    0.0000000000
 -0.0000019882   -0.0263493414    0.0000002493    0.0000006021   -0.0000003026    0.0001028382   -0.0000012598    0.2452914507   -0.0000000685   -0.0000000474   -0.0000012490    0.0010311605   -0.0000000684    0.0000000258    0.0000000391   -0.0000000704    0.0000000269    0.0000000211   -0.0000000183    0.0000023729    0.0115403908    0.0000008700    0.0000000101   -0.0000025314    0.0000000318   -0.0000000084   -0.0097790698   -0.0000000082    0.0000001004   -0.0000000065    0.0000000115   -0.0020008478    0.0000003475   -0.0030598118    0.0000000042   -0.0000000083   -0.0000000027    0.0000000110    0.0000000102    0.0000000066   -0.0000000128    0.0000000148    0.0000000048   -0.0000000030    0.0000000007   -0.0000000057    0.0000000190   -0.0000000008   -0.0000002011   -0.0000003837    0.0003419745    0.0000000001    0.0000000037    0.0002823494   -0.0000000047    0.0000000016    0.0000000039   -0.0000000038   -0.0000000035   -0.0000000005   -0.0000004231   -0.0005114463   -0.0000000020    0.0000000010    0.0000000026   -0.0000000068   -0.0000000015    0.0000000018   -0.0000000356    0.0000814018   -0.0000000008    0.0000000074    0.0000000002   -0.0000000063   -0.0000002357   -0.0005592520   -0.0000002318    0.0001530392   -0.0000000006    0.0000000006

# Root 13  E=0.3539157348 Ha  9.630543 eV
  0.0000000000    0.0000000000    0.0000000000    0.0000000000    0.0000000000    0.0000000000    0.0000000000    0.0000000000    0.0000000000    0.0000000000    0.0000000000    0.0000000000    0.0000000000    0.0000000000    0.0000000000    0.0000000000    0.0000000000    0.0000000000    0.0000000000    0.0000000000    0.0000000000    0.0000000000    0.0000000000    0.0000000000    0.0000000000    0.0000000000    0.0000000000    0.0000000000    0.0000000000    0.0000000000    0.0000000000    0.0000000000    0.0000000000    0.0000000000    0.0000000000    0.0000000000    0.0000000000    0.0000000000    0.0000000000    0.0000000000    0.0000000000    0.0000000000    0.0000000000    0.0000000000    0.0000000000    0.0000000000    0.0000000000    0.0000000000    0.0000000000    0.0000000000    0.0000000000    0.0000000000    0.0000000000    0.0000000000    0.0000000000    0.0000000000    0.0000000000    0.0000000000    0.0000000000    0.0000000000    0.0000000000    0.0000000000    0.0000000000    0.0000000000    0.0000000000    0.0000000000    0.0000000000    0.0000000000    0.0000000000    0.0000000000    0.0000000000    0.0000000000    0.0000000000    0.0000000000    0.0000000000    0.0000000000    0.0000000000    0.0000000000    0.0000000000    0.0000000000
  0.0000000000    0.0000000000    0.0000000000    0.0000000000    0.0000000000    0.0000000000    0.0000000000    0.0000000000    0.0000000000    0.0000000000    0.0000000000    0.0000000000    0.0000000000    0.0000000000    0.0000000000    0.0000000000    0.0000000000    0.0000000000    0.0000000000    0.0000000000    0.0000000000    0.0000000000    0.0000000000    0.0000000000    0.0000000000    0.0000000000    0.0000000000    0.0000000000    0.0000000000    0.0000000000    0.0000000000    0.0000000000    0.0000000000    0.0000000000    0.0000000000    0.0000000000    0.0000000000    0.0000000000    0.0000000000    0.0000000000    0.0000000000    0.0000000000    0.0000000000    0.0000000000    0.0000000000    0.0000000000    0.0000000000    0.0000000000    0.0000000000    0.0000000000    0.0000000000    0.0000000000    0.0000000000    0.0000000000    0.0000000000    0.0000000000    0.0000000000    0.0000000000    0.0000000000    0.0000000000    0.0000000000    0.0000000000    0.0000000000    0.0000000000    0.0000000000    0.0000000000    0.0000000000    0.0000000000    0.0000000000    0.0000000000    0.0000000000    0.0000000000    0.0000000000    0.0000000000    0.0000000000    0.0000000000    0.0000000000    0.0000000000    0.0000000000    0.0000000000
  0.0000000000    0.0000000000    0.0000000000    0.0000000000    0.0000000000    0.0000000000    0.0000000000    0.0000000000    0.0000000000    0.0000000000    0.0000000000    0.0000000000    0.0000000000    0.0000000000    0.0000000000    0.0000000000    0.0000000000    0.0000000000    0.0000000000    0.0000000000    0.0000000000    0.0000000000    0.0000000000    0.0000000000    0.0000000000    0.0000000000    0.0000000000    0.0000000000    0.0000000000    0.0000000000    0.0000000000    0.0000000000    0.0000000000    0.0000000000    0.0000000000    0.0000000000    0.0000000000    0.0000000000    0.0000000000    0.0000000000    0.0000000000    0.0000000000    0.0000000000    0.0000000000    0.0000000000    0.0000000000    0.0000000000    0.0000000000    0.0000000000    0.0000000000    0.0000000000    0.0000000000    0.0000000000    0.0000000000    0.0000000000    0.0000000000    0.0000000000    0.0000000000    0.0000000000    0.0000000000    0.0000000000    0.0000000000    0.0000000000    0.0000000000    0.0000000000    0.0000000000    0.0000000000    0.0000000000    0.0000000000    0.0000000000    0.0000000000    0.0000000000    0.0000000000    0.0000000000    0.0000000000    0.0000000000    0.0000000000    0.0000000000    0.0000000000    0.0000000000
  0.0000000000    0.0000000000    0.0000000000    0.0000000000    0.0000000000    0.0000000000    0.0000000000    0.0000000000    0.0000000000    0.0000000000    0.0000000000    0.0000000000    0.0000000000    0.0000000000    0.0000000000    0.0000000000    0.0000000000    0.0000000000    0.0000000000    0.0000000000    0.0000000000    0.0000000000    0.0000000000    0.0000000000    0.0000000000    0.0000000000    0.0000000000    0.0000000000    0.0000000000    0.0000000000    0.0000000000    0.0000000000    0.0000000000    0.0000000000    0.0000000000    0.0000000000    0.0000000000    0.0000000000    0.0000000000    0.0000000000    0.0000000000    0.0000000000    0.0000000000    0.0000000000    0.0000000000    0.0000000000    0.0000000000    0.0000000000    0.0000000000    0.0000000000    0.0000000000    0.0000000000    0.0000000000    0.0000000000    0.0000000000    0.0000000000    0.0000000000    0.0000000000    0.0000000000    0.0000000000    0.0000000000    0.0000000000    0.0000000000    0.0000000000    0.0000000000    0.0000000000    0.0000000000    0.0000000000    0.0000000000    0.0000000000    0.0000000000    0.0000000000    0.0000000000    0.0000000000    0.0000000000    0.0000000000    0.0000000000    0.0000000000    0.0000000000    0.0000000000
  0.0000081039   -0.0519842811   -0.0000000264   -0.0000000095   -0.0000000594   -0.0000011885    0.0000000040    0.0050223673   -0.0000000083   -0.0000000151   -0.0000002733   -0.0000181969   -0.0000000024   -0.0000000066    0.0000000020    0.0000000111    0.0000000098   -0.0000000033    0.0000000038   -0.0000008746   -0.0062770859    0.0000011480   -0.0000000010    0.0000001069   -0.0000000117   -0.0000000112   -0.0037299236    0.0000000007    0.0000000090    0.0000000009    0.0000000125    0.0027175379    0.0000002353   -0.0011656166    0.0000000018   -0.0000000018    0.0000000311    0.0000000151   -0.0000000009   -0.0000000055    0.0000000035   -0.0000000180   -0.0000000000   -0.0000000011    0.0000000012   -0.0000000005    0.0000000021   -0.0000000009   -0.0000000420   -0.0000000383    0.0001280349   -0.0000000002    0.0000000013    0.0003741023    0.0000000003    0.0000000001   -0.0000000002   -0.0000000083   -0.0000000102   -0.0000000038    0.0000000187    0.0002444694    0.0000000013   -0.0000000013   -0.0000000027    0.0000000023   -0.0000000003   -0.0000000014   -0.0000000402    0.0009342742   -0.0000000016    0.0000000022   -0.0000000002    0.0000000015    0.0000000259    0.0000896185   -0.0000000049    0.0000023216    0.0000000007    0.0000000003
  0.0552030925   -0.0000077529    0.0000000431   -0.0000000052    0.0000000039   -0.0008971895   -0.0000000098    0.0000006542    0.0000000084   -0.0000000000    0.0006824086    0.0000003372    0.0000000100   -0.0000000055    0.0000000160    0.0000000068    0.0000000175   -0.0000000385   -0.0000000633   -0.0074030129   -0.0000010242    0.0076510738   -0.0000000175   -0.0009924660    0.0000000036    0.0000000031   -0.0000002169    0.0000000027    0.0000000098    0.0000000005    0.0000000031    0.0000001467   -0.0009510982   -0.0000003796   -0.0000000009    0.0000000017   -0.0000000086   -0.0000000238   -0.0000000039   -0.0000000042    0.0000000260   -0.0000000134   -0.0000000003    0.0000000004   -0.0000000019   -0.0000000017    0.0000000002   -0.0000000005   -0.0003023677    0.0001501854   -0.0000000210    0.0000000001    0.0000000001    0.0000000804    0.0000000022    0.0000000019   -0.0000000082   -0.0000000008    0.0000000047    0.0000000098   -0.0000057216   -0.0000000063   -0.0000000005    0.0000000003   -0.0000000041    0.0000000032    0.0000000002   -0.0000000006   -0.0010077607    0.0000000268    0.0000000014   -0.0000000010   -0.0000000001   -0.0000000016   -0.0000465701   -0.0000000249    0.0000214006    0.0000000103   -0.0000000006   -0.0000000008
 -0.0000004171   -0.0000001712    0.0000006772    0.0000000039   -0.0019275913    0.0000001620   -0.0000000012    0.0000000532   -0.0000000288    0.0000000019   -0.0000000016    0.0000000049    0.0000005895    0.0000003607    0.0000000001    0.0000303700    0.0013076703   -0.0000000018    0.0000011506    0.0000000237   -0.0000000052   -0.0000000173   -0.0000001204   -0.0000000153   -0.0000000003    0.0001487856    0.0000000053    0.0000000109    0.0000000027    0.0000000008    0.0019743609   -0.0000000028    0.0000000024   -0.0000000011   -0.0000000081    0.0000000033    0.0000000028   -0.0000000113    0.0000000207    0.0000000073    0.0000005474   -0.0003389997   -0.0000000019   -0.0000000005   -0.0000000313   -0.0000000007    0.0000000001   -0.0001514269   -0.0000000037    0.0000000010    0.0000000004   -0.0000000003   -0.0000000006   -0.0000000035    0.0000000398   -0.0002937895   -0.0000004820    0.0011613110    0.0000000003   -0.0000000005    0.0000000028    0.0000000002   -0.0000000019   -0.0000000011    0.0000000036   -0.0000216285    0.0000000009   -0.0000000010   -0.0000000006   -0.0000000006    0.0000000065    0.0000255178    0.0000000002    0.0000000001    0.0000000010    0.0000000008   -0.0000000022   -0.0000000030   -0.0000000022   -0.0000000007
  0.0000007278    0.0000002886   -0.0029654412    0.0000000047    0.0000008085    0.0000001780    0.0000000033   -0.0000000467   -0.0000000282   -0.0000000079    0.0000000058   -0.0000000063    0.0008842085   -0.0011215355    0.0000000050    0.0000005150    0.0000008034   -0.0000000016    0.0018921400   -0.0000000408    0.0000000170    0.0000000288    0.0004674008   -0.0000000160   -0.0000000023    0.0000003916    0.0000000126    0.0000000055    0.0000000021    0.0000000097    0.0000005093    0.0000000096   -0.0000000040   -0.0000000013    0.0000000008   -0.0000000010    0.0000000072   -0.0000000030   -0.0000000079   -0.0000000144   -0.0002422527    0.0000005142    0.0000000022    0.0000000026   -0.0001361158    0.0000000032    0.0000000010   -0.0000000026    0.0000000037    0.0000000012   -0.0000000006    0.0000000008   -0.0000000012   -0.0000000000   -0.0000167465   -0.0000000926   -0.0014391046    0.0000003989    0.0000000002   -0.0000000006    0.0000000003    0.0000000003    0.0000000016    0.0000000014   -0.0000300143    0.0000000014   -0.0000000015    0.0000000032   -0.0000000019   -0.0000000011   -0.0000401956   -0.0000000066   -0.0000000006    0.0000000005    0.0000000026   -0.0000000007   -0.0000000021   -0.0000000001    0.0000000003   -0.0000000013
 -0.0000011813    0.0000019311   -0.0000000949    0.0000000088    0.0000000092    0.0000000615   -0.0000000282   -0.0000002086    0.0000004566   -0.0014461745   -0.0000000085   -0.0000000042    0.0000000569    0.0000000645   -0.0000000045   -0.0000000046   -0.0000000170    0.0000000055    0.0000000380    0.0000000594    0.0000000696   -0.0000000643    0.0000000061    0.0000000053   -0.0000000012    0.0000000058    0.0000000411    0.0000001615    0.0000000058   -0.0006291680    0.0000000005   -0.0000000282    0.0000000050    0.0000000205    0.0000000003   -0.0002956581    0.0000000083    0.0000000100    0.0000005450   -0.0053546944    0.0000000272   -0.0000000342   -0.0000000487   -0.0000567531    0.0000000082   -0.0000000006   -0.0000000020    0.0000000011   -0.0000000083    0.0000000018    0.0000000020    0.0000000010   -0.0000000015    0.0000000083    0.0000000032    0.0000000034   -0.0000000289   -0.0000000154   -0.0000000002   -0.0000000044    0.0000000002    0.0000000013    0.0000000008    0.0000011518   -0.0000000015   -0.0000000030    0.0000001729   -0.0006280318    0.0000000056   -0.0000000022   -0.0000000011    0.0000000013   -0.0000000002    0.0000000008   -0.0000000001    0.0000000011    0.0000000011   -0.0000000014   -0.0000000176    0.0000621680
 -0.0000010792    0.0000001095   -0.0000000340   -0.0000000052   -0.0000000585    0.0000003888   -0.0000000174    0.0000000384   -0.0025421708    0.0000005204    0.0000000052   -0.0000000036   -0.0000000412    0.0000000079   -0.0000000002    0.0000000337    0.0000000379    0.0000000050   -0.0000000184    0.0000000226   -0.0000000118   -0.0000000434   -0.0000000078   -0.0000000106   -0.0000000090    0.0000000007   -0.0000000120   -0.0004627399    0.0000000023    0.0000001594    0.0000000155    0.0000000069    0.0000000015   -0.0000000058   -0.0002933938   -0.0000000555   -0.0000000038    0.0000000005    0.0052554677   -0.0000002126   -0.0000000275    0.0000000492    0.0003519593    0.0000000685   -0.0000000026   -0.0000000005   -0.0000000008   -0.0000000084   -0.0000000067    0.0000000012   -0.0000000002    0.0000000000   -0.0000000019   -0.0000000022   -0.0000000006   -0.0000000116    0.0000000153    0.0000000294   -0.0000000003    0.0000000001    0.0000000010   -0.0000000013    0.0000624759   -0.0000000094    0.0000000023   -0.0000000082   -0.0006162142    0.0000003229   -0.0000000035    0.0000000053   -0.0000000007    0.0000000005   -0.0000000006    0.0000000002    0.0000000015    0.0000000001   -0.0000000010    0.0000000010    0.0000735303   -0.0000000160
  0.0001554975   -0.5028802902   -0.0000000990   -0.0000000740   -0.0000001513   -0.0000073566   -0.0000000402    0.0349603316    0.0000000202   -0.0000000203   -0.0000015456   -0.0022790379   -0.0000000091   -0.0000000373   -0.0000000062    0.0000000215    0.0000000224    0.0000000026    0.0000000036   -0.0000051614   -0.0227016505    0.0000064831    0.0000000097   -0.0000003491   -0.0000000004   -0.0000000167   -0.0122744891    0.0000000006    0.0000000163   -0.0000000061    0.0000000515    0.0110391606    0.0000004712   -0.0070466204    0.0000000079   -0.0000000022   -0.0000000068    0.0000000108   -0.0000000184   -0.0000000052    0.0000000168   -0.0000000182   -0.0000000011   -0.0000000011    0.0000000034    0.0000000040   -0.0000000002    0.0000000022    0.0000006530   -0.0000001245   -0.0002423213   -0.0000000046    0.0000000039   -0.0031499686   -0.0000000129    0.0000000001   -0.0000000026   -0.0000000055   -0.0000000167   -0.0000000057    0.0000000174   -0.0000999690   -0.0000000009   -0.0000000012   -0.0000000063    0.0000000063    0.0000000023   -0.0000000058   -0.0000001934    0.0032875706   -0.0000000018   -0.0000000019    0.0000000010   -0.0000000008    0.0000000163   -0.0000633011   -0.0000000075   -0.0000756946    0.0000000013    0.0000000008
 -0.7620669815    0.0001085862   -0.0000000828   -0.0000000281    0.0000000068    0.0298536099   -0.0000000222   -0.0000070449   -0.0000000356    0.0000000080   -0.0025380333   -0.0000017192   -0.0000000155   -0.0000000061   -0.0000000255   -0.0000000124   -0.0000000444    0.0000001390    0.0000002131    0.0246675151    0.0000052811   -0.0309301839    0.0000000204    0.0028626047   -0.0000000217   -0.0000000151    0.0000020500   -0.0000000046    0.0000000082   -0.0000000000    0.0000000039   -0.0000013706    0.0028772205    0.0000018152   -0.0000000012   -0.0000000015   -0.0000000165   -0.0000000088    0.0000000105    0.0000000176   -0.0000000024    0.0000000014    0.0000000022    0.0000000007   -0.0000000014    0.0000000014   -0.0000000014   -0.0000000026   -0.0046586306    0.0005209709    0.0000000746   -0.0000000017   -0.0000000063    0.0000003662    0.0000000009   -0.0000000075    0.0000000029   -0.0000000013   -0.0000000073   -0.0000000140    0.0000459359    0.0000000421    0.0000000010    0.0000000007    0.0000000091   -0.0000000056    0.0000000006    0.0000000045    0.0033369958   -0.0000001267    0.0000000003   -0.0000000000    0.0000000003    0.0000000025    0.0000850565    0.0000000310    0.0000018190   -0.0000000067    0.0000000001    0.0000000004
 -0.0000010339    0.0000058978    0.0000000862   -0.0000012504   -0.0000000353   -0.0000010086    0.0037447106    0.0000001092    0.0000000088   -0.0000000430    0.0000000574   -0.0000000255   -0.0000000138   -0.0000000128    0.0000008699   -0.0000000015   -0.0000000056    0.0026687136   -0.0000000069   -0.0000002973    0.0000001345    0.0000001144   -0.0000000032    0.0000000539    0.0000001285   -0.0000000080    0.0000000043   -0.0000000024    0.0005543943   -0.0000000082   -0.0000000088    0.0000000101    0.0000000024   -0.0000000189   -0.0000000032    0.0000000009   -0.0000005658    0.0066527616    0.0000000030   -0.0000000097    0.0000000042   -0.0000000156   -0.0000000014   -0.0000000012   -0.0000000024    0.0000000797   -0.0002006839    0.0000000023    0.0000000208   -0.0000000036    0.0000000114   -0.0000000751   -0.0002810902    0.0000000129   -0.0000000004    0.0000000028    0.0000000006   -0.0000000098   -0.0000004396    0.0003075517   -0.0000000045   -0.0000000059    0.0000000005   -0.0000000008    0.0000000001    0.0000000006   -0.0000000014   -0.0000000021    0.0000000057    0.0000000028    0.0000000014   -0.0000000005    0.0000000366    0.0001033351    0.0000000005   -0.0000000063   -0.0000000014   -0.0000000028    0.0000000005    0.0000000014
  0.0000023023   -0.0000084963    0.0000002148    0.0021433877    0.0000000323   -0.0000008888   -0.0000009904    0.0000002479    0.0000000310   -0.0000000202   -0.0000000894    0.0000000448   -0.0000000138   -0.0000000279   -0.0035860400    0.0000000061   -0.0000000068   -0.0000008379   -0.0000000231    0.0000002570   -0.0000001782    0.0000000002   -0.0000000050   -0.0000000122   -0.0001934867    0.0000000005   -0.0000000552   -0.0000000092   -0.0000001067   -0.0000000030   -0.0000000030    0.0000000539   -0.0000000065   -0.0000000264    0.0000000011   -0.0000000010   -0.0066145727    0.0000004725    0.0000000075   -0.0000000003    0.0000000089   -0.0000000015   -0.0000000009   -0.0000000009   -0.0000000126   -0.0004264958    0.0000000834   -0.0000000006   -0.0000000105   -0.0000000084   -0.0000000092    0.0003411180    0.0000000806   -0.0000000223    0.0000000002    0.0000000017    0.0000000095   -0.0000000046   -0.0003027268    0.0000003339   -0.0000000082    0.0000000011   -0.0000000011   -0.0000000014    0.0000000006    0.0000000004   -0.0000000006    0.0000000001   -0.0000000020   -0.0000000061   -0.0000000005    0.0000000013   -0.0001050320   -0.0000000331   -0.0000000072   -0.0000000014   -0.0000000022    0.0000000002    0.0000000003    0.0000000003
 -0.0000092623   -0.0708807888    0.0000000797    0.0000007795   -0.0000005434   -0.0000634755    0.0000000132    0.0968010281   -0.0000000109    0.0000000212   -0.0000005512    0.0055241652    0.0000000016    0.0000000095    0.0000000166    0.0000000254    0.0000000190    0.0000000295   -0.0000000250    0.0000028870   -0.0104415506    0.0000013999   -0.0000000247    0.0000025639    0.0000000479   -0.0000000409   -0.0027873473    0.0000000006    0.0000000178    0.0000000049   -0.0000000099   -0.0073048329   -0.0000005692    0.0051482083   -0.0000000039    0.0000000100   -0.0000000075    0.0000000174    0.0000000044    0.0000000059   -0.0000000079   -0.0000000129   -0.0000000032    0.0000000013    0.0000000003   -0.0000000139    0.0000000014    0.0000000043    0.0000000472   -0.0000000297   -0.0019758959   -0.0000000019   -0.0000000004   -0.0009885566    0.0000000066   -0.0000000107    0.0000000005    0.0000000012   -0.0000000036   -0.0000000009   -0.0000001051    0.0014345451    0.0000000049   -0.0000000009    0.0000000006    0.0000000078   -0.0000000012   -0.0000000003    0.0000000095    0.0000330204    0.0000000030   -0.0000000107   -0.0000000028    0.0000000043   -0.0000000983    0.0011053115    0.0000000650    0.0008974813   -0.0000000009   -0.0000000013
 -0.0076483966   -0.0000039597   -0.0000000397    0.0000003525   -0.0000003641   -0.3763457241   -0.0000006589    0.0000608685   -0.0000000982   -0.0000000446    0.0062018599    0.0000003840   -0.0000000429    0.0000000366    0.0000000394   -0.0000000015    0.0000000261   -0.0000000305   -0.0000000850   -0.0129164023    0.0000024110   -0.0050733585    0.0000000119    0.0088840624   -0.0000000239    0.0000000000   -0.0000023087   -0.0000000084    0.0000000438   -0.0000000054   -0.0000000004   -0.0000006656   -0.0010962745   -0.0000005469    0.0000000054   -0.0000000026   -0.0000000038    0.0000000139   -0.0000000074   -0.0000000047   -0.0000000127   -0.0000000056    0.0000000010   -0.0000000040   -0.0000000051   -0.0000000068    0.0000000118    0.0000000018    0.0008467411    0.0017021658    0.0000000170   -0.0000000016    0.0000000024    0.0000000445    0.0000000073   -0.0000000012   -0.0000000085   -0.0000000030    0.0000000009   -0.0000000047    0.0019503341   -0.0000000771    0.0000000003   -0.0000000006    0.0000000141   -0.0000000052   -0.0000000001   -0.0000000008    0.0001523586    0.0000000213    0.0000000102   -0.0000000067   -0.0000000006    0.0000000180    0.0011126346   -0.0000000916    0.0009510963    0.0000000609    0.0000000002   -0.0000000012

# Root 14  E=0.3652209579 Ha  9.938174 eV
  0.0000000000    0.0000000000    0.0000000000    0.0000000000    0.0000000000    0.0000000000    0.0000000000    0.0000000000    0.0000000000    0.0000000000    0.0000000000    0.0000000000    0.0000000000    0.0000000000    0.0000000000    0.0000000000    0.0000000000    0.0000000000    0.0000000000    0.0000000000    0.0000000000    0.0000000000    0.0000000000    0.0000000000    0.0000000000    0.0000000000    0.0000000000    0.0000000000    0.0000000000    0.0000000000    0.0000000000    0.0000000000    0.0000000000    0.0000000000    0.0000000000    0.0000000000    0.0000000000    0.0000000000    0.0000000000    0.0000000000    0.0000000000    0.0000000000    0.0000000000    0.0000000000    0.0000000000    0.0000000000    0.0000000000    0.0000000000    0.0000000000    0.0000000000    0.0000000000    0.0000000000    0.0000000000    0.0000000000    0.0000000000    0.0000000000    0.0000000000    0.0000000000    0.0000000000    0.0000000000    0.0000000000    0.0000000000    0.0000000000    0.0000000000    0.0000000000    0.0000000000    0.0000000000    0.0000000000    0.0000000000    0.0000000000    0.0000000000    0.0000000000    0.0000000000    0.0000000000    0.0000000000    0.0000000000    0.0000000000    0.0000000000    0.0000000000    0.0000000000
  0.0000000000    0.0000000000    0.0000000000    0.0000000000    0.0000000000    0.0000000000    0.0000000000    0.0000000000    0.0000000000    0.0000000000    0.0000000000    0.0000000000    0.0000000000    0.0000000000    0.0000000000    0.0000000000    0.0000000000    0.0000000000    0.0000000000    0.0000000000    0.0000000000    0.0000000000    0.0000000000    0.0000000000    0.0000000000    0.0000000000    0.0000000000    0.0000000000    0.0000000000    0.0000000000    0.0000000000    0.0000000000    0.0000000000    0.0000000000    0.0000000000    0.0000000000    0.0000000000    0.0000000000    0.0000000000    0.0000000000    0.0000000000    0.0000000000    0.0000000000    0.0000000000    0.0000000000    0.0000000000    0.0000000000    0.0000000000    0.0000000000    0.0000000000    0.0000000000    0.0000000000    0.0000000000    0.0000000000    0.0000000000    0.0000000000    0.0000000000    0.0000000000    0.0000000000    0.0000000000    0.0000000000    0.0000000000    0.0000000000    0.0000000000    0.0000000000    0.0000000000    0.0000000000    0.0000000000    0.0000000000    0.0000000000    0.0000000000    0.0000000000    0.0000000000    0.0000000000    0.0000000000    0.0000000000    0.0000000000    0.0000000000    0.0000000000    0.0000000000
  0.0000000000    0.0000000000    0.0000000000    0.0000000000    0.0000000000    0.0000000000    0.0000000000    0.0000000000    0.0000000000    0.0000000000    0.0000000000    0.0000000000    0.0000000000    0.0000000000    0.0000000000    0.0000000000    0.0000000000    0.0000000000    0.0000000000    0.0000000000    0.0000000000    0.0000000000    0.0000000000    0.0000000000    0.0000000000    0.0000000000    0.0000000000    0.0000000000    0.0000000000    0.0000000000    0.0000000000    0.0000000000    0.0000000000    0.0000000000    0.0000000000    0.0000000000    0.0000000000    0.0000000000    0.0000000000    0.0000000000    0.0000000000    0.0000000000    0.0000000000    0.0000000000    0.0000000000    0.0000000000    0.0000000000    0.0000000000    0.0000000000    0.0000000000    0.0000000000    0.0000000000    0.0000000000    0.0000000000    0.0000000000    0.0000000000    0.0000000000    0.0000000000    0.0000000000    0.0000000000    0.0000000000    0.0000000000    0.0000000000    0.0000000000    0.0000000000    0.0000000000    0.0000000000    0.0000000000    0.0000000000    0.0000000000    0.0000000000    0.0000000000    0.0000000000    0.0000000000    0.0000000000    0.0000000000    0.0000000000    0.0000000000    0.0000000000    0.0000000000
  0.0000000000    0.0000000000    0.0000000000    0.0000000000    0.0000000000    0.0000000000    0.0000000000    0.0000000000    0.0000000000    0.0000000000    0.0000000000    0.0000000000    0.0000000000    0.0000000000    0.0000000000    0.0000000000    0.0000000000    0.0000000000    0.0000000000    0.0000000000    0.0000000000    0.0000000000    0.0000000000    0.0000000000    0.0000000000    0.0000000000    0.0000000000    0.0000000000    0.0000000000    0.0000000000    0.0000000000    0.0000000000    0.0000000000    0.0000000000    0.0000000000    0.0000000000    0.0000000000    0.0000000000    0.0000000000    0.0000000000    0.0000000000    0.0000000000    0.0000000000    0.0000000000    0.0000000000    0.0000000000    0.0000000000    0.0000000000    0.0000000000    0.0000000000    0.0000000000    0.0000000000    0.0000000000    0.0000000000    0.0000000000    0.0000000000    0.0000000000    0.0000000000    0.0000000000    0.0000000000    0.0000000000    0.0000000000    0.0000000000    0.0000000000    0.0000000000    0.0000000000    0.0000000000    0.0000000000    0.0000000000    0.0000000000    0.0000000000    0.0000000000    0.0000000000    0.0000000000    0.0000000000    0.0000000000    0.0000000000    0.0000000000    0.0000000000    0.0000000000
  0.0409734367   -0.0000008768   -0.0000000969    0.0000000354   -0.0000000273   -0.0010355094    0.0000000132   -0.0000001766   -0.0000000427   -0.0000000205    0.0003022422    0.0000000393   -0.0000000277    0.0000000228    0.0000000112    0.0000000088    0.0000000073   -0.0000000261   -0.0000000528   -0.0049301940   -0.0000001322    0.0053450939    0.0000000069   -0.0005343995    0.0000000073    0.0000000019   -0.0000000169   -0.0000000045   -0.0000000046   -0.0000000003    0.0000000018    0.0000000350   -0.0004454488   -0.0000000455   -0.0000000028    0.0000000022    0.0000000182    0.0000000077   -0.0000000018    0.0000000001   -0.0000000010    0.0000000030    0.0000000030   -0.0000000000   -0.0000000011    0.0000000016    0.0000000001    0.0000000003   -0.0002582949    0.0000738256   -0.0000000037   -0.0000000019    0.0000000005    0.0000000138   -0.0000000029    0.0000000023    0.0000000111    0.0000000052   -0.0000000075   -0.0000000038   -0.0000002512    0.0000000034    0.0000000016   -0.0000000003   -0.0000000041    0.0000000016   -0.0000000016   -0.0000000004   -0.0012306072    0.0000000159   -0.0000000048   -0.0000000023    0.0000000000   -0.0000000012   -0.0000701935   -0.0000000033   -0.0000205983    0.0000000018   -0.0000000009   -0.0000000007
  0.0000009150   -0.0434538168   -0.0000000039   -0.0000000012    0.0000000613    0.0000004189   -0.0000000299    0.0032613567    0.0000000047    0.0000000280   -0.0000000027    0.0001962847   -0.0000000064   -0.0000000082   -0.0000000023   -0.0000000154    0.0000000051    0.0000000045   -0.0000000015   -0.0000001410   -0.0049159704    0.0000001020    0.0000000048   -0.0000000414    0.0000000068    0.0000000042   -0.0027066550   -0.0000000019    0.0000000008   -0.0000000001    0.0000000124    0.0017388441    0.0000000260   -0.0009402691    0.0000000012   -0.0000000033   -0.0000000119   -0.0000000167    0.0000000016   -0.0000000010   -0.0000000072    0.0000000031    0.0000000004    0.0000000019    0.0000000002    0.0000000007   -0.0000000014    0.0000000007    0.0000000006    0.0000000018    0.0000360346   -0.0000000011   -0.0000000023    0.0003145920   -0.0000000020    0.0000000005    0.0000000061    0.0000000095    0.0000000029    0.0000000057    0.0000000036    0.0002500435    0.0000000010    0.0000000005   -0.0000000013    0.0000000025   -0.0000000011    0.0000000003   -0.0000000255    0.0012236932   -0.0000000026   -0.0000000035   -0.0000000007    0.0000000004    0.0000000044    0.0000834785    0.0000000006    0.0000029968    0.0000000006    0.0000000006
  0.0000001753    0.0000001101   -0.0011185150   -0.0000000085   -0.0000000050    0.0000001476   -0.0000000012    0.0000002598    0.0000000460   -0.0000000291    0.0000000023   -0.0000000011   -0.0016240484   -0.0005934037    0.0000000001    0.0000000103   -0.0000000113    0.0000000011   -0.0022720188    0.0000000005    0.0000000101    0.0000000221    0.0002802089   -0.0000000080    0.0000000013   -0.0000000013   -0.0000000287   -0.0000000065   -0.0000000005   -0.0000000031    0.0000000031   -0.0000000151    0.0000000007    0.0000000085   -0.0000000014    0.0000000039    0.0000000015   -0.0000000044    0.0000000120    0.0000000004   -0.0037467348   -0.0000000512   -0.0000000015   -0.0000000009   -0.0001180872    0.0000000033    0.0000000011   -0.0000000003    0.0000000014   -0.0000000009    0.0000000007    0.0000000002   -0.0000000005    0.0000000010   -0.0000204448    0.0000000051    0.0004118506    0.0000000083    0.0000000002   -0.0000000003   -0.0000000035   -0.0000000016   -0.0000000008   -0.0000000021   -0.0000204512    0.0000000022    0.0000000005    0.0000000005    0.0000000007   -0.0000000006    0.0000427439   -0.0000000010    0.0000000001    0.0000000000    0.0000000005   -0.0000000009   -0.0000000008    0.0000000019    0.0000000008    0.0000000008
 -0.0000001438   -0.0000002048    0.0000001637    0.0000000058   -0.0012389325   -0.0000001288    0.0000000043    0.0000004305    0.0000000341   -0.0000000525   -0.0000000005    0.0000000021   -0.0000000377   -0.0000000375   -0.0000000014   -0.0005239314   -0.0018236339    0.0000000017    0.0000000122   -0.0000000080   -0.0000000015   -0.0000000007   -0.0000000328    0.0000000262   -0.0000000016   -0.0006089265   -0.0000000380   -0.0000000074    0.0000000006   -0.0000000049    0.0003808516   -0.0000000021    0.0000000017   -0.0000000009    0.0000000042   -0.0000000009    0.0000000018   -0.0000000038   -0.0000000058   -0.0000000100   -0.0000000306   -0.0039129933    0.0000000033   -0.0000000009   -0.0000000021    0.0000000003    0.0000000007   -0.0000459172    0.0000000006   -0.0000000017    0.0000000017   -0.0000000014    0.0000000017   -0.0000000026   -0.0000000045    0.0002140450   -0.0000000057   -0.0003391626   -0.0000000001   -0.0000000002   -0.0000000010   -0.0000000036    0.0000000016   -0.0000000006   -0.0000000035   -0.0000001327   -0.0000000037    0.0000000013    0.0000000010    0.0000000002   -0.0000000028   -0.0000337024   -0.0000000002   -0.0000000002   -0.0000000014   -0.0000000014    0.0000000020   -0.0000000013    0.0000000007   -0.0000000004
 -0.0000010569    0.0000005840    0.0000000795   -0.0000001106    0.0000000485   -0.0000006011    0.0000000250   -0.0000000731   -0.0023134205   -0.0000001113   -0.0000000007   -0.0000000023    0.0000000338   -0.0000000104    0.0000000006   -0.0000000117   -0.0000000147   -0.0000000027    0.0000000254    0.0000000359    0.0000000297   -0.0000000321    0.0000000065    0.0000000371   -0.0000000048   -0.0000000002    0.0000000238   -0.0005534349   -0.0000000009    0.0000000098   -0.0000000085   -0.0000000118    0.0000000014    0.0000000101   -0.0005422603    0.0000000003   -0.0000000048   -0.0000000023    0.0064508682    0.0000000774    0.0000000101   -0.0000000143    0.0000705776   -0.0000000025    0.0000000018   -0.0000000036    0.0000000016    0.0000000040   -0.0000000093   -0.0000000013    0.0000000000    0.0000000020    0.0000000010    0.0000000086   -0.0000000006    0.0000000046   -0.0000000176   -0.0000000098    0.0000000016    0.0000000022   -0.0000000016   -0.0000000001    0.0000092172   -0.0000000044    0.0000000075   -0.0000000099   -0.0021106569    0.0000002142    0.0000000033   -0.0000000062    0.0000000006   -0.0000000006   -0.0000000005    0.0000000001   -0.0000000000   -0.0000000002   -0.0000000014    0.0000000008    0.0000353365   -0.0000000028
 -0.0000004731    0.0000002115    0.0000001376   -0.0000000606   -0.0000000536    0.0000001236    0.0000000242    0.0000005682    0.0000002911   -0.0007181224    0.0000000068   -0.0000000004   -0.0000000247   -0.0000000406   -0.0000000027    0.0000000089    0.0000000239   -0.0000000029   -0.0000000283   -0.0000000052    0.0000000103   -0.0000000064   -0.0000000082   -0.0000000077    0.0000000022    0.0000000015   -0.0000000278    0.0000000517    0.0000000097   -0.0007741344    0.0000000157   -0.0000000080   -0.0000000025    0.0000000039    0.0000000129   -0.0005584448    0.0000000023    0.0000000061    0.0000003005   -0.0065714702   -0.0000000033    0.0000000187   -0.0000000053    0.0001233575   -0.0000000058   -0.0000000018    0.0000000010    0.0000000015    0.0000000035    0.0000000004    0.0000000008    0.0000000010    0.0000000010   -0.0000000025   -0.0000000021   -0.0000000029    0.0000000108    0.0000000177    0.0000000009   -0.0000000003   -0.0000000007   -0.0000000001   -0.0000000010    0.0001089971    0.0000000094   -0.0000000134   -0.0000002733   -0.0021509946   -0.0000000059    0.0000000026    0.0000000002    0.0000000001    0.0000000002    0.0000000012   -0.0000000001   -0.0000000007    0.0000000002   -0.0000000013   -0.0000000002    0.0000317096
  0.2839241157   -0.0000058985    0.0000000598    0.0000000580    0.0000000391   -0.0148166283    0.0000000068   -0.0000007371   -0.0000000891    0.0000000242    0.0002917435    0.0000001261   -0.0000000162   -0.0000000076    0.0000000237    0.0000000025    0.0000000217   -0.0000000451   -0.0000000833   -0.0104359748   -0.0000003615    0.0129837015   -0.0000000324   -0.0006390845    0.0000000063    0.0000000068   -0.0000000930   -0.0000000038    0.0000000017    0.0000000032    0.0000000129    0.0000000967   -0.0013167927   -0.0000001270   -0.0000000042    0.0000000002   -0.0000000018   -0.0000000017    0.0000000043    0.0000000138   -0.0000000037    0.0000000073    0.0000000018    0.0000000010    0.0000000002    0.0000000033   -0.0000000062    0.0000000031    0.0036359100   -0.0003354132   -0.0000000205   -0.0000000015   -0.0000000048   -0.0000000503   -0.0000000026    0.0000000027    0.0000000118    0.0000000122   -0.0000000110   -0.0000000075   -0.0000065518    0.0000000014    0.0000000004    0.0000000002   -0.0000000008    0.0000000013   -0.0000000042    0.0000000028   -0.0040926688    0.0000000628   -0.0000000077   -0.0000000065   -0.0000000007   -0.0000000008   -0.0000634539   -0.0000000035    0.0000522911    0.0000000075   -0.0000000008   -0.0000000005
 -0.0000094004    0.1893746196    0.0000001459   -0.0000000246   -0.0000000041   -0.0000011548    0.0000000660   -0.0143045773    0.0000000420   -0.0000000901    0.0000000580    0.0003153978    0.0000000311    0.0000000177    0.0000000081    0.0000000001   -0.0000000020    0.0000000080    0.0000000086    0.0000002762    0.0097171911   -0.0000003649   -0.0000000014    0.0000001082   -0.0000000041    0.0000000280    0.0054940775    0.0000000035   -0.0000000165   -0.0000000043   -0.0000000436   -0.0053521129   -0.0000000461    0.0040020561    0.0000000008    0.0000000048   -0.0000000045   -0.0000000109   -0.0000000106   -0.0000000073   -0.0000000024   -0.0000000005   -0.0000000010   -0.0000000023   -0.0000000027    0.0000000008    0.0000000022   -0.0000000020   -0.0000000774    0.0000000034    0.0002981491   -0.0000000034    0.0000000001    0.0027068491    0.0000000136    0.0000000027   -0.0000000093   -0.0000000096   -0.0000000032   -0.0000000089   -0.0000000090   -0.0000599503   -0.0000000001   -0.0000000014    0.0000000005    0.0000000005    0.0000000053   -0.0000000015    0.0000000752   -0.0041099234    0.0000000073    0.0000000097   -0.0000000002    0.0000000004   -0.0000000051   -0.0000023847   -0.0000000047    0.0000969075   -0.0000000004   -0.0000000004
  0.0000009011    0.0000038384   -0.0000003032   -0.0060423746   -0.0000000493    0.0000017084    0.0000001155   -0.0000009759   -0.0000001130    0.0000000740    0.0000000627   -0.0000000135   -0.0000000131    0.0000000125   -0.0011293816    0.0000000021   -0.0000000058   -0.0000000518   -0.0000000080   -0.0000001801    0.0000000780    0.0000000574    0.0000000131   -0.0000000246   -0.0004982014   -0.0000000008    0.0000000425   -0.0000000181   -0.0000000232    0.0000000059   -0.0000000030   -0.0000000239   -0.0000000049    0.0000000061   -0.0000000036   -0.0000000056   -0.0078069548    0.0000001183    0.0000000024    0.0000000004    0.0000000002   -0.0000000000    0.0000000029    0.0000000012   -0.0000000006   -0.0000867762    0.0000000031   -0.0000000015    0.0000000194    0.0000000086    0.0000000024    0.0001426843    0.0000000047    0.0000000085   -0.0000000014    0.0000000008    0.0000000061   -0.0000000033    0.0013377994    0.0000002138    0.0000000086   -0.0000000002    0.0000000014    0.0000000008   -0.0000000000   -0.0000000008   -0.0000000002    0.0000000007    0.0000000040    0.0000000028   -0.0000000018    0.0000000008   -0.0000816534   -0.0000000033    0.0000000063    0.0000000018    0.0000000041    0.0000000019   -0.0000000001   -0.0000000000
  0.0000016655   -0.0000046929   -0.0000001171    0.0000003745    0.0000001079    0.0000011220   -0.0017299018   -0.0000013346   -0.0000000458    0.0000001402   -0.0000000359    0.0000000112   -0.0000000039   -0.0000000003    0.0000000479   -0.0000000164   -0.0000000017    0.0001550002   -0.0000000054    0.0000001367   -0.0000001329   -0.0000000442    0.0000000036   -0.0000000333    0.0000000293    0.0000000059    0.0000000158   -0.0000000052    0.0007851318   -0.0000000030   -0.0000000021    0.0000000213   -0.0000000101   -0.0000000102   -0.0000000040   -0.0000000040   -0.0000001454    0.0078975160   -0.0000000031   -0.0000000008   -0.0000000057   -0.0000000025    0.0000000004    0.0000000021   -0.0000000008    0.0000000029    0.0000496732    0.0000000000   -0.0000000051    0.0000000046   -0.0000000091   -0.0000000068   -0.0000609627   -0.0000000153   -0.0000000004    0.0000000004    0.0000000043    0.0000000002    0.0000002428   -0.0013677610    0.0000000062    0.0000000037    0.0000000007    0.0000000021   -0.0000000001   -0.0000000005    0.0000000005    0.0000000003   -0.0000000020   -0.0000000040    0.0000000010   -0.0000000016    0.0000000041    0.0000653956   -0.0000000012    0.0000000045    0.0000000031    0.0000000033   -0.0000000003    0.0000000019
 -0.0396155807    0.0000002416    0.0000001819    0.0000001188   -0.0000004067    0.6774799733   -0.0000000105    0.0000014446   -0.0000000022   -0.0000000026   -0.0069369849    0.0000001638   -0.0000000082   -0.0000000137    0.0000000265   -0.0000000562   -0.0000000132    0.0000000361    0.0000000224    0.0049434592   -0.0000002235    0.0023112424   -0.0000000213   -0.0265749525    0.0000001327   -0.0000000016   -0.0000000324    0.0000000002    0.0000000133    0.0000000057   -0.0000000008   -0.0000001969    0.0037575036    0.0000000771   -0.0000000041    0.0000000027   -0.0000000172    0.0000000218   -0.0000000042    0.0000000006    0.0000000167   -0.0000000027    0.0000000005    0.0000000023    0.0000000080   -0.0000000055    0.0000000039    0.0000000010   -0.0004646042   -0.0023515226   -0.0000000484    0.0000000022   -0.0000000004   -0.0000000199   -0.0000000103    0.0000000042    0.0000000156    0.0000000044    0.0000000028   -0.0000000035   -0.0021741333    0.0000000368    0.0000000007   -0.0000000006   -0.0000000167    0.0000000075    0.0000000006    0.0000000003   -0.0000510355    0.0000000014   -0.0000000139    0.0000000018   -0.0000000011   -0.0000000178   -0.0010602411    0.0000000213   -0.0015795315    0.0000000281   -0.0000000007    0.0000000007
 -0.0000002997    0.0432683702   -0.0000000157    0.0000003070    0.0000006581   -0.0000161028   -0.0000005423   -0.6444952860   -0.0000001747   -0.0000001542    0.0000001586   -0.0121889386    0.0000000770   -0.0000000433    0.0000000252    0.0000000611   -0.0000000066    0.0000000191    0.0000000171   -0.0000001311    0.0055201228   -0.0000000141   -0.0000000399    0.0000005257    0.0000000071    0.0000000411    0.0187032233   -0.0000000093   -0.0000000190   -0.0000000022    0.0000000112    0.0166805673   -0.0000000407   -0.0064524963    0.0000000026   -0.0000000009   -0.0000000101    0.0000000205    0.0000000009    0.0000000039   -0.0000000056    0.0000000172    0.0000000036    0.0000000004   -0.0000000035    0.0000000006    0.0000000091   -0.0000000092    0.0000000163    0.0000000310    0.0030120585    0.0000000013   -0.0000000005    0.0011638697    0.0000000034    0.0000000061    0.0000000001   -0.0000000118   -0.0000000021   -0.0000000020    0.0000000367   -0.0019178457   -0.0000000062    0.0000000005    0.0000000047   -0.0000000158   -0.0000000005   -0.0000000003   -0.0000000017    0.0000469910   -0.0000000003    0.0000000172    0.0000000016   -0.0000000070    0.0000000182   -0.0012389618    0.0000000228   -0.0017293732    0.0000000003    0.0000000004

# Root 15  E=0.3768719034 Ha  10.255212 eV
  0.0000000000    0.0000000000    0.0000000000    0.0000000000    0.0000000000    0.0000000000    0.0000000000    0.0000000000    0.0000000000    0.0000000000    0.0000000000    0.0000000000    0.0000000000    0.0000000000    0.0000000000    0.0000000000    0.0000000000    0.0000000000    0.0000000000    0.0000000000    0.0000000000    0.0000000000    0.0000000000    0.0000000000    0.0000000000    0.0000000000    0.0000000000    0.0000000000    0.0000000000    0.0000000000    0.0000000000    0.0000000000    0.0000000000    0.0000000000    0.0000000000    0.0000000000    0.0000000000    0.0000000000    0.0000000000    0.0000000000    0.0000000000    0.0000000000    0.0000000000    0.0000000000    0.0000000000    0.0000000000    0.0000000000    0.0000000000    0.0000000000    0.0000000000    0.0000000000    0.0000000000    0.0000000000    0.0000000000    0.0000000000    0.0000000000    0.0000000000    0.0000000000    0.0000000000    0.0000000000    0.0000000000    0.0000000000    0.0000000000    0.0000000000    0.0000000000    0.0000000000    0.0000000000    0.0000000000    0.0000000000    0.0000000000    0.0000000000    0.0000000000    0.0000000000    0.0000000000    0.0000000000    0.0000000000    0.0000000000    0.0000000000    0.0000000000    0.0000000000
  0.0000000000    0.0000000000    0.0000000000    0.0000000000    0.0000000000    0.0000000000    0.0000000000    0.0000000000    0.0000000000    0.0000000000    0.0000000000    0.0000000000    0.0000000000    0.0000000000    0.0000000000    0.0000000000    0.0000000000    0.0000000000    0.0000000000    0.0000000000    0.0000000000    0.0000000000    0.0000000000    0.0000000000    0.0000000000    0.0000000000    0.0000000000    0.0000000000    0.0000000000    0.0000000000    0.0000000000    0.0000000000    0.0000000000    0.0000000000    0.0000000000    0.0000000000    0.0000000000    0.0000000000    0.0000000000    0.0000000000    0.0000000000    0.0000000000    0.0000000000    0.0000000000    0.0000000000    0.0000000000    0.0000000000    0.0000000000    0.0000000000    0.0000000000    0.0000000000    0.0000000000    0.0000000000    0.0000000000    0.0000000000    0.0000000000    0.0000000000    0.0000000000    0.0000000000    0.0000000000    0.0000000000    0.0000000000    0.0000000000    0.0000000000    0.0000000000    0.0000000000    0.0000000000    0.0000000000    0.0000000000    0.0000000000    0.0000000000    0.0000000000    0.0000000000    0.0000000000    0.0000000000    0.0000000000    0.0000000000    0.0000000000    0.0000000000    0.0000000000
  0.0000000000    0.0000000000    0.0000000000    0.0000000000    0.0000000000    0.0000000000    0.0000000000    0.0000000000    0.0000000000    0.0000000000    0.0000000000    0.0000000000    0.0000000000    0.0000000000    0.0000000000    0.0000000000    0.0000000000    0.0000000000    0.0000000000    0.0000000000    0.0000000000    0.0000000000    0.0000000000    0.0000000000    0.0000000000    0.0000000000    0.0000000000    0.0000000000    0.0000000000    0.0000000000    0.0000000000    0.0000000000    0.0000000000    0.0000000000    0.0000000000    0.0000000000    0.0000000000    0.0000000000    0.0000000000    0.0000000000    0.0000000000    0.0000000000    0.0000000000    0.0000000000    0.0000000000    0.0000000000    0.0000000000    0.0000000000    0.0000000000    0.0000000000    0.0000000000    0.0000000000    0.0000000000    0.0000000000    0.0000000000    0.0000000000    0.0000000000    0.0000000000    0.0000000000    0.0000000000    0.0000000000    0.0000000000    0.0000000000    0.0000000000    0.0000000000    0.0000000000    0.0000000000    0.0000000000    0.0000000000    0.0000000000    0.0000000000    0.0000000000    0.0000000000    0.0000000000    0.0000000000    0.0000000000    0.0000000000    0.0000000000    0.0000000000    0.0000000000
  0.0000000000    0.0000000000    0.0000000000    0.0000000000    0.0000000000    0.0000000000    0.0000000000    0.0000000000    0.0000000000    0.0000000000    0.0000000000    0.0000000000    0.0000000000    0.0000000000    0.0000000000    0.0000000000    0.0000000000    0.0000000000    0.0000000000    0.0000000000    0.0000000000    0.0000000000    0.0000000000    0.0000000000    0.0000000000    0.0000000000    0.0000000000    0.0000000000    0.0000000000    0.0000000000    0.0000000000    0.0000000000    0.0000000000    0.0000000000    0.0000000000    0.0000000000    0.0000000000    0.0000000000    0.0000000000    0.0000000000    0.0000000000    0.0000000000    0.0000000000    0.0000000000    0.0000000000    0.0000000000    0.0000000000    0.0000000000    0.0000000000    0.0000000000    0.0000000000    0.0000000000    0.0000000000    0.0000000000    0.0000000000    0.0000000000    0.0000000000    0.0000000000    0.0000000000    0.0000000000    0.0000000000    0.0000000000    0.0000000000    0.0000000000    0.0000000000    0.0000000000    0.0000000000    0.0000000000    0.0000000000    0.0000000000    0.0000000000    0.0000000000    0.0000000000    0.0000000000    0.0000000000    0.0000000000    0.0000000000    0.0000000000    0.0000000000    0.0000000000
  0.0000000299    0.0000000064   -0.0097931226   -0.0000000065   -0.0000003134   -0.0000000247   -0.0000000110    0.0000000005    0.0000000385    0.0000000207    0.0000000012   -0.0000000141    0.0001056095    0.0005586916    0.0000000009   -0.0000000456   -0.0000000166    0.0000000010    0.0010468552   -0.0000000092    0.0000000031    0.0000000019    0.0004848199    0.0000000033    0.0000000058   -0.0000000550   -0.0000000099   -0.0000000527   -0.0000000001   -0.0000000427    0.0000000259    0.0000000059    0.0000000036    0.0000000095    0.0000000093   -0.0000000075    0.0000000009    0.0000000011    0.0000000026    0.0000000017    0.0001210715    0.0000000100    0.0000000030   -0.0000000043   -0.0000130225    0.0000000007   -0.0000000005   -0.0000000034   -0.0000000001   -0.0000000005    0.0000000012   -0.0000000007   -0.0000000000   -0.0000000000   -0.0002694379   -0.0000000073    0.0000046482    0.0000000130    0.0000000002   -0.0000000003   -0.0000000001    0.0000000005   -0.0000000062    0.0000000042    0.0001733856    0.0000000004    0.0000000010    0.0000000005   -0.0000000007   -0.0000000000   -0.0000033159   -0.0000000009    0.0000000012   -0.0000000003   -0.0000000006    0.0000000005   -0.0000000002   -0.0000000003    0.0000000022    0.0000000016
 -0.0000000072   -0.0000000280   -0.0000000801    0.0000000017    0.0120529157   -0.0000000067   -0.0000000222   -0.0000000189    0.0000000433    0.0000000218    0.0000000138    0.0000000021    0.0000000344   -0.0000000102    0.0000000027    0.0012508543    0.0000050076   -0.0000000021   -0.0000000237    0.0000000052   -0.0000000034   -0.0000000001    0.0000000164   -0.0000000075    0.0000000029    0.0009653870   -0.0000000044   -0.0000000395   -0.0000000053   -0.0000000533   -0.0013073084    0.0000000037   -0.0000000135   -0.0000000019    0.0000000103   -0.0000000077   -0.0000000011    0.0000000009   -0.0000000014   -0.0000000006    0.0000000023   -0.0002098404    0.0000000027   -0.0000000050    0.0000000023    0.0000000002    0.0000000010    0.0000919483    0.0000000006    0.0000000007   -0.0000000002   -0.0000000002    0.0000000007    0.0000000009    0.0000000031    0.0001266222   -0.0000000123   -0.0002914669    0.0000000004    0.0000000006   -0.0000000014   -0.0000000003   -0.0000000051    0.0000000053   -0.0000000016    0.0000895745   -0.0000000009   -0.0000000005    0.0000000004    0.0000000001    0.0000000009    0.0000131143    0.0000000001   -0.0000000013   -0.0000000009   -0.0000000005    0.0000000006    0.0000000007    0.0000000017    0.0000000023
 -0.0082762905   -0.0000005369    0.0000000643   -0.0000002033    0.0000002155   -0.0015366455   -0.0000001119    0.0000000497   -0.0000000044    0.0000000033   -0.0010111952    0.0000000217    0.0000000003    0.0000000119   -0.0000001993    0.0000000027   -0.0000000068    0.0000001407    0.0000000139    0.0006757611   -0.0000000410   -0.0004396836   -0.0000000042    0.0009773960    0.0000000417    0.0000000072   -0.0000000512   -0.0000000112   -0.0000000315   -0.0000000014    0.0000000055   -0.0000000160    0.0002562625   -0.0000000017   -0.0000000005   -0.0000000001    0.0000000045    0.0000000023    0.0000000009    0.0000000010   -0.0000000018    0.0000000021    0.0000000024   -0.0000000006    0.0000000002    0.0000000025    0.0000000038    0.0000000010    0.0002630759    0.0000131319    0.0000000019   -0.0000000153    0.0000000124    0.0000000053    0.0000000026    0.0000000017   -0.0000000010   -0.0000000000    0.0000000009    0.0000000006   -0.0000814092    0.0000000014   -0.0000000005    0.0000000000   -0.0000000012   -0.0000000011   -0.0000000003    0.0000000000   -0.0000873946   -0.0000000142    0.0000000002    0.0000000005    0.0000000101   -0.0000000085   -0.0000595968    0.0000000040    0.0001278555    0.0000000024    0.0000000011    0.0000000002
  0.0000007359    0.0057563419    0.0000000838   -0.0000001984    0.0000003670   -0.0000000805   -0.0000001262   -0.0070753389   -0.0000000020    0.0000000010   -0.0000000039    0.0001459217    0.0000000028    0.0000000057   -0.0000001486    0.0000000156   -0.0000000002    0.0000001863   -0.0000000055   -0.0000000546   -0.0001943875    0.0000000674    0.0000000052   -0.0000000519    0.0000000319    0.0000000152    0.0008390447   -0.0000000024   -0.0000000440   -0.0000000101   -0.0000000018    0.0004231566    0.0000000103   -0.0003732484    0.0000000003    0.0000000012   -0.0000000012    0.0000000002   -0.0000000005   -0.0000000002    0.0000000020   -0.0000000046    0.0000000006   -0.0000000021    0.0000000008    0.0000000030    0.0000000043    0.0000000014   -0.0000000098    0.0000000019   -0.0000391742   -0.0000000118    0.0000000168   -0.0002125636   -0.0000000003    0.0000000036    0.0000000003    0.0000000013   -0.0000000008   -0.0000000004   -0.0000000021    0.0000691306    0.0000000000    0.0000000006   -0.0000000008   -0.0000000003    0.0000000004   -0.0000000003    0.0000000165   -0.0000191007   -0.0000000002   -0.0000000010    0.0000000075   -0.0000000097   -0.0000000039    0.0000418710   -0.0000000030   -0.0000846471    0.0000000001    0.0000000008
 -0.0000001000   -0.0000000619    0.0000006433   -0.0069364769    0.0000000347   -0.0000007467    0.0000001180   -0.0000004668    0.0000000220   -0.0000000406    0.0000000809   -0.0000000693   -0.0000000130   -0.0000000269    0.0010726810   -0.0000000124   -0.0000000012   -0.0000000040   -0.0000000072   -0.0000000526    0.0000000372   -0.0000000323   -0.0000000101   -0.0000000324   -0.0017447780    0.0000000024   -0.0000000355   -0.0000000084   -0.0000000654   -0.0000000125   -0.0000000023    0.0000000434   -0.0000000640    0.0000000187    0.0000000010    0.0000000025   -0.0009211197   -0.0000000612    0.0000000041    0.0000000014    0.0000000007    0.0000000014    0.0000000005   -0.0000000019    0.0000000080    0.0002148955    0.0000000095   -0.0000000007   -0.0000000038   -0.0000000129   -0.0000000106   -0.0002167233    0.0000000071   -0.0000000021    0.0000000022    0.0000000007    0.0000000020   -0.0000000001    0.0001795746    0.0000000548   -0.0000000160    0.0000000117    0.0000000000   -0.0000000007    0.0000000008   -0.0000000004   -0.0000000013    0.0000000007   -0.0000000004   -0.0000000008   -0.0000000008    0.0000000004   -0.0000331472   -0.0000000077    0.0000000081   -0.0000000073   -0.0000000128    0.0000000100    0.0000000011    0.0000000009
 -0.0000002359   -0.0000001796   -0.0000000605    0.0000001469    0.0000005962   -0.0000006823   -0.0100512767   -0.0000005520   -0.0000000433    0.0000000080    0.0000000801   -0.0000000745   -0.0000000007   -0.0000000001    0.0000000004   -0.0000000067    0.0000000069    0.0000157723    0.0000000033   -0.0000000415    0.0000000520   -0.0000000209    0.0000000004   -0.0000000123    0.0000000753    0.0000000148   -0.0000000460   -0.0000000175    0.0017470430   -0.0000000066   -0.0000000043    0.0000000518   -0.0000000500    0.0000000267   -0.0000000026   -0.0000000010    0.0000000559    0.0009746475   -0.0000000018   -0.0000000053   -0.0000000016   -0.0000000028    0.0000000021   -0.0000000002   -0.0000000006    0.0000000133    0.0001560446    0.0000000001   -0.0000000008   -0.0000000104   -0.0000000136   -0.0000000069    0.0002514597   -0.0000000009   -0.0000000009    0.0000000029    0.0000000003   -0.0000000005   -0.0000000052   -0.0001290061   -0.0000000126    0.0000000154    0.0000000005    0.0000000005    0.0000000006    0.0000000010    0.0000000004   -0.0000000002    0.0000000005   -0.0000000001    0.0000000008    0.0000000001    0.0000000085    0.0000072780    0.0000000062   -0.0000000093   -0.0000000106    0.0000000123    0.0000000010    0.0000000006
  0.0000001601   -0.0000000538   -0.0105595213   -0.0000000383   -0.0000013647   -0.0000000615   -0.0000000008   -0.0000000335    0.0000000174   -0.0000000578   -0.0000000242   -0.0000000500   -0.0020642428    0.0025946203    0.0000000293   -0.0000000828   -0.0000000141   -0.0000000080    0.0003901360   -0.0000000149    0.0000000125    0.0000000203    0.0012836307    0.0000000024   -0.0000000088   -0.0000000226   -0.0000000094    0.0000000910    0.0000000006    0.0000000494   -0.0000000118    0.0000000298    0.0000000072    0.0000000126   -0.0000000288    0.0000000172   -0.0000000008   -0.0000000021   -0.0000000048   -0.0000000057   -0.0009450749    0.0000000821   -0.0000000044    0.0000000044   -0.0003596941    0.0000000096   -0.0000000001   -0.0000000022    0.0000000036   -0.0000000007    0.0000000019   -0.0000000013   -0.0000000008    0.0000000017   -0.0003794484   -0.0000000297    0.0001801141    0.0000000256    0.0000000010   -0.0000000001   -0.0000000004   -0.0000000009   -0.0000000118    0.0000000091    0.0003129215    0.0000000059    0.0000000003    0.0000000019   -0.0000000016   -0.0000000010    0.0002023737    0.0000000031   -0.0000000000    0.0000000001    0.0000000007   -0.0000000008    0.0000000001   -0.0000000003   -0.0000000095   -0.0000000082
  0.0000000633    0.0000001282    0.0000018117    0.0000000030    0.0109087102    0.0000000359    0.0000000374    0.0000000053    0.0000000368    0.0000000129   -0.0000000505   -0.0000000218   -0.0000000840    0.0000000807   -0.0000000158   -0.0032368484   -0.0004364107    0.0000000307    0.0000000085    0.0000000134    0.0000000098    0.0000000057   -0.0000000232   -0.0000000062    0.0000000038    0.0009365983   -0.0000000069   -0.0000000654   -0.0000000093   -0.0000000767   -0.0003398868   -0.0000000054    0.0000000269    0.0000000047    0.0000000235   -0.0000000246    0.0000000006    0.0000000001    0.0000000017    0.0000000009   -0.0000000834    0.0010006789    0.0000000054   -0.0000000051   -0.0000000014   -0.0000000008    0.0000000010   -0.0002393692   -0.0000000000   -0.0000000010   -0.0000000008    0.0000000005   -0.0000000004    0.0000000003    0.0000000093    0.0002890850    0.0000000380    0.0002106326   -0.0000000010   -0.0000000001    0.0000000006    0.0000000006    0.0000000095   -0.0000000118   -0.0000000038   -0.0003035158    0.0000000016    0.0000000021   -0.0000000010   -0.0000000015    0.0000000027    0.0001853747    0.0000000003    0.0000000002    0.0000000017    0.0000000026    0.0000000002    0.0000000006    0.0000000082    0.0000000094
  0.0000000481    0.0000001693   -0.0000079968   -0.0000000903   -0.0000043616    0.0000000612   -0.0000000021    0.0000000144   -0.0082290041    0.0000002711    0.0000000289   -0.0000000045    0.0000002120   -0.0000000335    0.0000000337   -0.0000000759   -0.0000000547    0.0000000245   -0.0000000595    0.0000000145    0.0000000022    0.0000000102    0.0000001474    0.0000000099   -0.0000000021   -0.0000000776    0.0000000027   -0.0019688692    0.0000000102    0.0000000787    0.0000000835   -0.0000000021    0.0000000028    0.0000000004    0.0000344667   -0.0000000144   -0.0000000046   -0.0000000017    0.0009451459    0.0000000819   -0.0000000010    0.0000000027   -0.0000910771    0.0000000135    0.0000000336   -0.0000000016   -0.0000000026   -0.0000000286   -0.0000000002   -0.0000000016   -0.0000000003   -0.0000000002   -0.0000000051    0.0000000009   -0.0000000342   -0.0000000236   -0.0000000026   -0.0000000088    0.0000000002    0.0000000008    0.0000000017   -0.0000000001   -0.0002327444    0.0000000001   -0.0000000129   -0.0000000118   -0.0001363233    0.0000000407   -0.0000000002    0.0000000001   -0.0000000015    0.0000000010   -0.0000000005    0.0000000018   -0.0000000006    0.0000000001    0.0000000004    0.0000000003   -0.0000529840   -0.0000000072
  0.0000000431    0.0000000497   -0.0000062955   -0.0000000836   -0.0000058377    0.0000000725    0.0000000259    0.0000000690    0.0000003369   -0.0082584003    0.0000000014   -0.0000000227    0.0000001595   -0.0000000316   -0.0000000353   -0.0000001050   -0.0000000849   -0.0000000417   -0.0000000421    0.0000000094   -0.0000000114   -0.0000000014    0.0000001176    0.0000000009   -0.0000000078   -0.0000000908    0.0000000092    0.0000000916    0.0000000037   -0.0018538233    0.0000001033    0.0000000002   -0.0000000002   -0.0000000028    0.0000000183   -0.0000968083    0.0000000031    0.0000000057   -0.0000000251   -0.0009667721   -0.0000000037    0.0000000092   -0.0000000174    0.0000971545    0.0000000257   -0.0000000043   -0.0000000001   -0.0000000378    0.0000000001   -0.0000000002   -0.0000000009    0.0000000046    0.0000000000    0.0000000001   -0.0000000255   -0.0000000313   -0.0000000030   -0.0000000129   -0.0000000003    0.0000000004    0.0000000004   -0.0000000015   -0.0000000003    0.0002355421   -0.0000000113   -0.0000000140    0.0000000131   -0.0001101007   -0.0000000002    0.0000000003   -0.0000000013    0.0000000019   -0.0000000015    0.0000000008   -0.0000000007    0.0000000008    0.0000000004   -0.0000000011   -0.0000000074   -0.0000557645
 -0.0000000167   -0.0000001619   -0.6990056507   -0.0000003178   -0.0000201782    0.0000001889   -0.0000001476   -0.0000000654   -0.0000001081    0.0000000126   -0.0000000054    0.0000000227    0.0142384186    0.0055538807    0.0000000118   -0.0000002779    0.0000001065   -0.0000000042    0.0113391208   -0.0000000974    0.0000000116    0.0000000088    0.0023831311   -0.0000000115   -0.0000000051   -0.0000004182    0.0000000122   -0.0000000039    0.0000000047    0.0000000017    0.0000002585   -0.0000000031    0.0000000026    0.0000000008   -0.0000000093   -0.0000000029    0.0000000099   -0.0000000011    0.0000000222   -0.0000000113    0.0009112036    0.0000000478   -0.0000000026    0.0000000004    0.0002999222   -0.0000000095    0.0000000003   -0.0000000004   -0.0000000027   -0.0000000044    0.0000000037    0.0000000006    0.0000000002    0.0000000028   -0.0009426503    0.0000000039   -0.0016793248    0.0000000246   -0.0000000009   -0.0000000001    0.0000000007    0.0000000003   -0.0000000009    0.0000000002    0.0002487812    0.0000000019    0.0000000141    0.0000000118   -0.0000000006    0.0000000014    0.0000044491   -0.0000000147    0.0000000001   -0.0000000005    0.0000000005    0.0000000009   -0.0000000036   -0.0000000016   -0.0000000005    0.0000000002
 -0.0000001582    0.0000001421   -0.0000039015    0.0000000669   -0.7140988555    0.0000005196    0.0000004670   -0.0000006103   -0.0000001568   -0.0000000639    0.0000000235   -0.0000000515   -0.0000001845    0.0000001992   -0.0000000173   -0.0066054110    0.0032258719    0.0000000054    0.0000001376   -0.0000000296    0.0000000042    0.0000000260   -0.0000003173   -0.0000000080   -0.0000000027   -0.0086111648    0.0000000392    0.0000000036   -0.0000000023   -0.0000000119    0.0031856984    0.0000000090   -0.0000000012    0.0000000021   -0.0000000059    0.0000000046   -0.0000000007    0.0000000105   -0.0000000093    0.0000000183   -0.0000000038    0.0003278631   -0.0000000023    0.0000000009    0.0000000047   -0.0000000005   -0.0000000016   -0.0001405784    0.0000000013   -0.0000000029    0.0000000009    0.0000000004   -0.0000000003    0.0000000021   -0.0000000456   -0.0004438575   -0.0000000112    0.0006013852   -0.0000000001   -0.0000000012   -0.0000000007    0.0000000006   -0.0000000002    0.0000000006    0.0000000070    0.0001219956   -0.0000000133   -0.0000000158    0.0000000016   -0.0000000001   -0.0000000165   -0.0000648588   -0.0000000007    0.0000000004    0.0000000005    0.0000000002   -0.0000000012    0.0000000002   -0.0000000006   -0.0000000003

# Root 16  E=0.3924519133 Ha  10.679166 eV
  0.0000000000    0.0000000000    0.0000000000    0.0000000000    0.0000000000    0.0000000000    0.0000000000    0.0000000000    0.0000000000    0.0000000000    0.0000000000    0.0000000000    0.0000000000    0.0000000000    0.0000000000    0.0000000000    0.0000000000    0.0000000000    0.0000000000    0.0000000000    0.0000000000    0.0000000000    0.0000000000    0.0000000000    0.0000000000    0.0000000000    0.0000000000    0.0000000000    0.0000000000    0.0000000000    0.0000000000    0.0000000000    0.0000000000    0.0000000000    0.0000000000    0.0000000000    0.0000000000    0.0000000000    0.0000000000    0.0000000000    0.0000000000    0.0000000000    0.0000000000    0.0000000000    0.0000000000    0.0000000000    0.0000000000    0.0000000000    0.0000000000    0.0000000000    0.0000000000    0.0000000000    0.0000000000    0.0000000000    0.0000000000    0.0000000000    0.0000000000    0.0000000000    0.0000000000    0.0000000000    0.0000000000    0.0000000000    0.0000000000    0.0000000000    0.0000000000    0.0000000000    0.0000000000    0.0000000000    0.0000000000    0.0000000000    0.0000000000    0.0000000000    0.0000000000    0.0000000000    0.0000000000    0.0000000000    0.0000000000    0.0000000000    0.0000000000    0.0000000000
  0.0000000000    0.0000000000    0.0000000000    0.0000000000    0.0000000000    0.0000000000    0.0000000000    0.0000000000    0.0000000000    0.0000000000    0.0000000000    0.0000000000    0.0000000000    0.0000000000    0.0000000000    0.0000000000    0.0000000000    0.0000000000    0.0000000000    0.0000000000    0.0000000000    0.0000000000    0.0000000000    0.0000000000    0.0000000000    0.0000000000    0.0000000000    0.0000000000    0.0000000000    0.0000000000    0.0000000000    0.0000000000    0.0000000000    0.0000000000    0.0000000000    0.0000000000    0.0000000000    0.0000000000    0.0000000000    0.0000000000    0.0000000000    0.0000000000    0.0000000000    0.0000000000    0.0000000000    0.0000000000    0.0000000000    0.0000000000    0.0000000000    0.0000000000    0.0000000000    0.0000000000    0.0000000000    0.0000000000    0.0000000000    0.0000000000    0.0000000000    0.0000000000    0.0000000000    0.0000000000    0.0000000000    0.0000000000    0.0000000000    0.0000000000    0.0000000000    0.0000000000    0.0000000000    0.0000000000    0.0000000000    0.0000000000    0.0000000000    0.0000000000    0.0000000000    0.0000000000    0.0000000000    0.0000000000    0.0000000000    0.0000000000    0.0000000000    0.0000000000
  0.0000000000    0.0000000000    0.0000000000    0.0000000000    0.0000000000    0.0000000000    0.0000000000    0.0000000000    0.0000000000    0.0000000000    0.0000000000    0.0000000000    0.0000000000    0.0000000000    0.0000000000    0.0000000000    0.0000000000    0.0000000000    0.0000000000    0.0000000000    0.0000000000    0.0000000000    0.0000000000    0.0000000000    0.0000000000    0.0000000000    0.0000000000    0.0000000000    0.0000000000    0.0000000000    0.0000000000    0.0000000000    0.0000000000    0.0000000000    0.0000000000    0.0000000000    0.0000000000    0.0000000000    0.0000000000    0.0000000000    0.0000000000    0.0000000000    0.0000000000    0.0000000000    0.0000000000    0.0000000000    0.0000000000    0.0000000000    0.0000000000    0.0000000000    0.0000000000    0.0000000000    0.0000000000    0.0000000000    0.0000000000    0.0000000000    0.0000000000    0.0000000000    0.0000000000    0.0000000000    0.0000000000    0.0000000000    0.0000000000    0.0000000000    0.0000000000    0.0000000000    0.0000000000    0.0000000000    0.0000000000    0.0000000000    0.0000000000    0.0000000000    0.0000000000    0.0000000000    0.0000000000    0.0000000000    0.0000000000    0.0000000000    0.0000000000    0.0000000000
  0.0000000000    0.0000000000    0.0000000000    0.0000000000    0.0000000000    0.0000000000    0.0000000000    0.0000000000    0.0000000000    0.0000000000    0.0000000000    0.0000000000    0.0000000000    0.0000000000    0.0000000000    0.0000000000    0.0000000000    0.0000000000    0.0000000000    0.0000000000    0.0000000000    0.0000000000    0.0000000000    0.0000000000    0.0000000000    0.0000000000    0.0000000000    0.0000000000    0.0000000000    0.0000000000    0.0000000000    0.0000000000    0.0000000000    0.0000000000    0.0000000000    0.0000000000    0.0000000000    0.0000000000    0.0000000000    0.0000000000    0.0000000000    0.0000000000    0.0000000000    0.0000000000    0.0000000000    0.0000000000    0.0000000000    0.0000000000    0.0000000000    0.0000000000    0.0000000000    0.0000000000    0.0000000000    0.0000000000    0.0000000000    0.0000000000    0.0000000000    0.0000000000    0.0000000000    0.0000000000    0.0000000000    0.0000000000    0.0000000000    0.0000000000    0.0000000000    0.0000000000    0.0000000000    0.0000000000    0.0000000000    0.0000000000    0.0000000000    0.0000000000    0.0000000000    0.0000000000    0.0000000000    0.0000000000    0.0000000000    0.0000000000    0.0000000000    0.0000000000
 -0.0000004273    0.0000000076    0.0000000263   -0.0005272991    0.0000000279    0.0000003681    0.0000002688   -0.0000002146    0.0000000006    0.0000000070    0.0000001892    0.0000000880   -0.0000000116   -0.0000000175    0.0002028015    0.0000000024    0.0000000032    0.0000000245    0.0000000010    0.0000000374    0.0000000023   -0.0000000847   -0.0000000010   -0.0000001480   -0.0012074962    0.0000000049    0.0000000967    0.0000000059   -0.0000002599    0.0000000033   -0.0000000028   -0.0000000555   -0.0000001946   -0.0000000615    0.0000000029    0.0000000005    0.0011574867    0.0000002688    0.0000000004   -0.0000000021   -0.0000000032    0.0000000015    0.0000000011    0.0000000003   -0.0000000027   -0.0000549059   -0.0000000028    0.0000000006    0.0000000037    0.0000000229   -0.0000000108    0.0000458419    0.0000000077    0.0000000028   -0.0000000021    0.0000000002    0.0000000003   -0.0000000007   -0.0004209614   -0.0000001821   -0.0000000162   -0.0000000072    0.0000000020   -0.0000000005    0.0000000000    0.0000000003   -0.0000000021   -0.0000000002    0.0000000069   -0.0000000054    0.0000000004   -0.0000000002    0.0000392081    0.0000000109   -0.0000000191   -0.0000000092    0.0000000046    0.0000000025   -0.0000000001    0.0000000004
 -0.0000001441    0.0000003607   -0.0000000083    0.0000000455   -0.0000000188   -0.0000001189   -0.0011783734    0.0000002552   -0.0000000012   -0.0000000161   -0.0000000975   -0.0000001834   -0.0000000083   -0.0000000065   -0.0000000674    0.0000000035    0.0000000018    0.0001090991    0.0000000002    0.0000000821    0.0000000884   -0.0000000435   -0.0000000014    0.0000000688    0.0000002694   -0.0000000031   -0.0000001359    0.0000000044    0.0012124680    0.0000000061   -0.0000000006    0.0000000825    0.0000001006    0.0000001520   -0.0000000000    0.0000000032   -0.0000002991   -0.0009623954   -0.0000000007   -0.0000000002    0.0000000009    0.0000000071   -0.0000000004    0.0000000017    0.0000000001    0.0000000052    0.0000084851   -0.0000000012    0.0000000055   -0.0000000129    0.0000000188   -0.0000000050   -0.0000520465   -0.0000000166   -0.0000000007   -0.0000000005   -0.0000000002    0.0000000005    0.0000000243    0.0004458171    0.0000000070    0.0000000115    0.0000000001   -0.0000000006   -0.0000000001   -0.0000000004    0.0000000001    0.0000000006    0.0000000053   -0.0000000078   -0.0000000000    0.0000000006   -0.0000000099   -0.0000475788    0.0000000103    0.0000000221   -0.0000000026   -0.0000000033   -0.0000000003   -0.0000000009
 -0.0000001445    0.0000002479   -0.0000007800    0.0000000274    0.0000004123   -0.0000000241    0.0000000206   -0.0000000301   -0.0019460834    0.0000003292    0.0000000080   -0.0000000067    0.0000001098   -0.0000000366    0.0000000364    0.0000000142    0.0000000185   -0.0000000139   -0.0000000929   -0.0000000204    0.0000000151   -0.0000000043    0.0000001440    0.0000000016   -0.0000000059    0.0000000510    0.0000000073    0.0010614152    0.0000000010   -0.0000002488   -0.0000000689    0.0000000009    0.0000000018    0.0000000011   -0.0007846121    0.0000000425    0.0000000126    0.0000000049    0.0011381659    0.0000000298    0.0000000022   -0.0000000067   -0.0004464622   -0.0000000248    0.0000000062    0.0000000014   -0.0000000007    0.0000000045   -0.0000000012    0.0000000007    0.0000000002    0.0000000002   -0.0000000013    0.0000000005   -0.0000000107    0.0000000058    0.0000000137   -0.0000000115   -0.0000000007   -0.0000000001    0.0000000010    0.0000000009   -0.0002649001   -0.0000000576   -0.0000000018    0.0000000009    0.0000355745   -0.0000000581    0.0000000001   -0.0000000000   -0.0000000023   -0.0000000016   -0.0000000020    0.0000000003    0.0000000001   -0.0000000011   -0.0000000007   -0.0000000002   -0.0001867780    0.0000000390
 -0.0000003489    0.0000000423    0.0000004626    0.0000000258   -0.0000006913   -0.0000000521    0.0000000184    0.0000000068    0.0000006387   -0.0008596257    0.0000000115   -0.0000000021   -0.0000000726    0.0000000140    0.0000000159   -0.0000000883   -0.0000000798   -0.0000000316    0.0000000039   -0.0000000169    0.0000000056   -0.0000000134   -0.0000000743    0.0000000124   -0.0000000060   -0.0000001284   -0.0000000019   -0.0000002225    0.0000000020    0.0012818959    0.0000000546   -0.0000000024   -0.0000000013    0.0000000009    0.0000001673   -0.0002293052   -0.0000000024   -0.0000000137   -0.0000003045    0.0002300808   -0.0000000000    0.0000000100    0.0000000923    0.0001086640   -0.0000000011   -0.0000000006    0.0000000006   -0.0000000050   -0.0000000005    0.0000000005    0.0000000002    0.0000000011   -0.0000000000   -0.0000000005    0.0000000017   -0.0000000088    0.0000000148   -0.0000000176   -0.0000000009   -0.0000000014    0.0000000009   -0.0000000000    0.0000000619    0.0002558430   -0.0000000002   -0.0000000006    0.0000000051    0.0002067137   -0.0000000005   -0.0000000000    0.0000000010    0.0000000032   -0.0000000012    0.0000000013    0.0000000006    0.0000000001    0.0000000002    0.0000000001    0.0000000443   -0.0001637716
 -0.0000036654   -0.0000014325   -0.0128582193    0.0000000437    0.0000025598   -0.0000000023   -0.0000000265    0.0000000227   -0.0000006030    0.0000003953    0.0000000428    0.0000000340    0.0053030446    0.0071324428   -0.0000000007   -0.0000006027   -0.0000005654    0.0000000032    0.0030468318   -0.0000000612   -0.0000000382   -0.0000000713    0.0011542642    0.0000000339    0.0000000012    0.0000001298   -0.0000000099   -0.0000001773    0.0000000071    0.0000000912   -0.0000001631   -0.0000000020    0.0000000125   -0.0000000062   -0.0000000180   -0.0000000178   -0.0000000004    0.0000000039   -0.0000000546    0.0000000421    0.0003058341   -0.0000006342    0.0000000299    0.0000000101    0.0010738058   -0.0000000321   -0.0000000015    0.0000001827   -0.0000000127    0.0000000043    0.0000000002    0.0000000004   -0.0000000015   -0.0000000031    0.0001479559    0.0000001601   -0.0009696068   -0.0000003281    0.0000000010   -0.0000000020    0.0000000022   -0.0000000022   -0.0000000023   -0.0000000010   -0.0004210817    0.0000001118   -0.0000000008   -0.0000000007   -0.0000000005   -0.0000000008   -0.0000702981   -0.0000000245    0.0000000009    0.0000000004    0.0000000018    0.0000000019    0.0000000021   -0.0000000010    0.0000000121   -0.0000000063
 -0.0000003174    0.0000000833    0.0000038372    0.0000000099   -0.0087232325   -0.0000000529    0.0000000317   -0.0000001123    0.0000004769   -0.0000005396   -0.0000000022   -0.0000000026   -0.0000011393   -0.0000014838    0.0000000072    0.0029671670    0.0021390552   -0.0000000023   -0.0000007861   -0.0000000839    0.0000000141    0.0000000217   -0.0000003160    0.0000000131   -0.0000000075   -0.0004280640    0.0000000324    0.0000001044   -0.0000000053   -0.0000001650    0.0004086612   -0.0000000272    0.0000000122    0.0000000209    0.0000000194    0.0000000368   -0.0000000030    0.0000000021   -0.0000000437    0.0000000357   -0.0000000948    0.0028469200   -0.0000000155   -0.0000000246   -0.0000002481    0.0000000002    0.0000000006   -0.0007704044    0.0000000028    0.0000000033   -0.0000000011   -0.0000000007    0.0000000000    0.0000000094   -0.0000000310   -0.0006737641    0.0000002740    0.0013104085   -0.0000000001    0.0000000002    0.0000000027    0.0000000012    0.0000000012    0.0000000020    0.0000001007   -0.0004762686    0.0000000047    0.0000000020    0.0000000016    0.0000000009    0.0000000207    0.0000927390   -0.0000000002   -0.0000000011    0.0000000000    0.0000000010    0.0000000025   -0.0000000001   -0.0000000072    0.0000000118
 -0.0000072310    0.0000018268    0.0000001082   -0.0013944817   -0.0000000707    0.0000006951    0.0000007216   -0.0000004068   -0.0000000206   -0.0000000105    0.0000008683    0.0000004693   -0.0000000211   -0.0000000246    0.0005802813    0.0000000053   -0.0000000008    0.0000002762   -0.0000000053    0.0000002328   -0.0000000153   -0.0000004076   -0.0000000102   -0.0000000592    0.0001371516   -0.0000000070    0.0000001790   -0.0000000109   -0.0000000005   -0.0000000068    0.0000000048   -0.0000002785   -0.0000004636   -0.0000000300    0.0000000059   -0.0000000011   -0.0004025162   -0.0000000487    0.0000000001   -0.0000000008   -0.0000000051   -0.0000000049   -0.0000000013   -0.0000000007    0.0000000168    0.0005409307   -0.0000001007    0.0000000016   -0.0000000335    0.0000000310   -0.0000000136   -0.0006663532   -0.0000001585    0.0000000299   -0.0000000017    0.0000000028    0.0000000006   -0.0000000033   -0.0006313103   -0.0000002691   -0.0000000208   -0.0000000015    0.0000000002   -0.0000000003   -0.0000000008    0.0000000008   -0.0000000050    0.0000000023    0.0000000244   -0.0000000236   -0.0000000003   -0.0000000003    0.0000668124    0.0000000176   -0.0000000183   -0.0000000022    0.0000000085    0.0000000055   -0.0000000006    0.0000000013
  0.0000079927   -0.0000036262    0.0000000055   -0.0000012266    0.0000000019   -0.0000008012    0.0000600226    0.0000004598    0.0000000406   -0.0000000002    0.0000004674    0.0000008569    0.0000000192    0.0000000046    0.0000002686    0.0000000002    0.0000000018    0.0009278168    0.0000000022   -0.0000004071   -0.0000003653    0.0000002287   -0.0000000030   -0.0000000202   -0.0000000091   -0.0000000035    0.0000000528    0.0000000028    0.0002030728    0.0000000176   -0.0000000027   -0.0000002998   -0.0000002427   -0.0000003064    0.0000000033    0.0000000051   -0.0000001281   -0.0000793646   -0.0000000052   -0.0000000069    0.0000000092   -0.0000000005   -0.0000000003   -0.0000000000   -0.0000000014    0.0000001272   -0.0004284553    0.0000000003    0.0000000375    0.0000000098   -0.0000000262   -0.0000001675   -0.0006665544   -0.0000000154    0.0000000004   -0.0000000007   -0.0000000012    0.0000000014   -0.0000000630   -0.0006104287   -0.0000000067   -0.0000000180   -0.0000000022   -0.0000000014    0.0000000014   -0.0000000006    0.0000000000    0.0000000018   -0.0000000235    0.0000000259   -0.0000000004   -0.0000000012    0.0000000190    0.0000602223   -0.0000000092   -0.0000000225    0.0000000028    0.0000000051   -0.0000000006   -0.0000000011
 -0.5462504441    0.0001827979    0.0000010940   -0.0000000232    0.0000004731   -0.0600487003    0.0000004530    0.0000059912   -0.0000000263   -0.0000000938    0.0103643877   -0.0000009198   -0.0000000892   -0.0000000585   -0.0000006253    0.0000000261    0.0000000942   -0.0000004411   -0.0000002917   -0.0325167737    0.0000040464    0.0004446353   -0.0000000126    0.0065602914   -0.0000001339    0.0000000316    0.0000004602    0.0000000140   -0.0000000927    0.0000000002   -0.0000000010   -0.0000005746    0.0007381102   -0.0000000818   -0.0000000037    0.0000000067    0.0000000686   -0.0000000649    0.0000000059    0.0000000050   -0.0000000114    0.0000000094    0.0000000002    0.0000000001   -0.0000000043   -0.0000000540    0.0000000199    0.0000000036    0.0001497907    0.0003384302    0.0000003047    0.0000000649    0.0000000301    0.0000003285    0.0000000009    0.0000000024    0.0000000142    0.0000000098    0.0000000092   -0.0000000063   -0.0000557509   -0.0000001731    0.0000000008   -0.0000000006    0.0000000003    0.0000000023    0.0000000002   -0.0000000001    0.0003586806    0.0000000485    0.0000000013   -0.0000000013   -0.0000000275   -0.0000000021    0.0006642332   -0.0000000511   -0.0000439050   -0.0000000444   -0.0000000008   -0.0000000001
  0.0001116841   -0.8338374905    0.0000008269    0.0000008194    0.0000004652    0.0000165726    0.0000000663   -0.0226002336   -0.0000001046   -0.0000000472   -0.0000024452    0.0053067759   -0.0000000457   -0.0000000214    0.0000003167    0.0000000003    0.0000000102    0.0000006118    0.0000000012    0.0000071049   -0.0174417145   -0.0000005116   -0.0000000313   -0.0000014956    0.0000000931   -0.0000000161   -0.0021045027   -0.0000000038    0.0000001249    0.0000000124   -0.0000000108    0.0022171459   -0.0000001186    0.0006089605   -0.0000000059    0.0000000064    0.0000000573   -0.0000000577    0.0000000077    0.0000000105    0.0000000070   -0.0000000109    0.0000000001    0.0000000006   -0.0000000042    0.0000000279   -0.0000000444    0.0000000028   -0.0000001058   -0.0000000465   -0.0013219408   -0.0000000297   -0.0000000651   -0.0012857741   -0.0000000014    0.0000000055   -0.0000000053   -0.0000000117    0.0000000083   -0.0000000096    0.0000000235    0.0008141097    0.0000000033   -0.0000000015    0.0000000026   -0.0000000007   -0.0000000016    0.0000000005   -0.0000000913   -0.0001620441    0.0000000002   -0.0000000006    0.0000000130    0.0000000277   -0.0000001455    0.0002523689    0.0000000150    0.0001913094    0.0000000004   -0.0000000011
  0.0000037461    0.0000036519   -0.0000000726    0.0171815013    0.0000023433   -0.0000012223    0.0000034273    0.0000000030    0.0000002219   -0.0000000977    0.0000002260   -0.0000000455    0.0000000259    0.0000000231    0.0023852077    0.0000000141   -0.0000000161    0.0000007128    0.0000000058   -0.0000003559    0.0000001077   -0.0000002000   -0.0000000003    0.0000000921    0.0009123433    0.0000000453   -0.0000000417    0.0000000183    0.0000000860   -0.0000000135   -0.0000000222    0.0000000565    0.0000000080   -0.0000000498   -0.0000000040   -0.0000000013    0.0004830815    0.0000001535   -0.0000000081   -0.0000000003   -0.0000000030   -0.0000000108   -0.0000000022   -0.0000000006   -0.0000000092   -0.0003095378    0.0000000811    0.0000000016   -0.0000000170    0.0000000177    0.0000000140   -0.0000955751   -0.0000000283    0.0000000048    0.0000000012    0.0000000030    0.0000000006   -0.0000000031   -0.0004030615   -0.0000001928    0.0000000152   -0.0000000117    0.0000000007    0.0000000000    0.0000000002    0.0000000000   -0.0000000012   -0.0000000006   -0.0000000042   -0.0000000048   -0.0000000004    0.0000000010   -0.0000271817   -0.0000000126    0.0000000111   -0.0000000106    0.0000000042   -0.0000000054    0.0000000000    0.0000000003
  0.0000013265    0.0000053186    0.0000008991    0.0000043778   -0.0000000607    0.0000010371   -0.0050250005   -0.0000002877    0.0000003021   -0.0000001966   -0.0000000274    0.0000001353   -0.0000000276   -0.0000000614    0.0000009248    0.0000000043    0.0000000038    0.0023000586   -0.0000000252    0.0000001251   -0.0000002774   -0.0000000056    0.0000000268   -0.0000000013    0.0000001005    0.0000000002   -0.0000000316    0.0000000151    0.0006139055   -0.0000000201   -0.0000000050   -0.0000000156   -0.0000000034    0.0000000241   -0.0000000020   -0.0000000097    0.0000001944    0.0005184208   -0.0000000015   -0.0000000068   -0.0000000003    0.0000000081    0.0000000006   -0.0000000033   -0.0000000017   -0.0000000872    0.0003614211   -0.0000000006   -0.0000000076   -0.0000000120   -0.0000000202   -0.0000000251   -0.0000351163   -0.0000000151   -0.0000000015    0.0000000002    0.0000000028    0.0000000015   -0.0000000231   -0.0004689584   -0.0000000127    0.0000000116    0.0000000008    0.0000000005   -0.0000000012    0.0000000013    0.0000000021   -0.0000000014   -0.0000000048   -0.0000000070    0.0000000014    0.0000000010   -0.0000000108   -0.0000342559   -0.0000000070    0.0000000077   -0.0000000043    0.0000000065   -0.0000000001    0.0000000003
