# S_MO matrix (96x96)  rows=rinf MOs, cols=rstack MOs  (0-based indexing)
 -0.70709255    0.70711920    0.00001202   -0.00000157   -0.00018966    0.00018569    0.00000001   -0.00000001    0.00000000    0.00000000    0.00001903    0.00000541    0.00000000    0.00000000   -0.00039994   -0.00044127    0.00000002    0.00000003   -0.00001365   -0.00000000   -0.00000849    0.00000000    0.00000000   -0.00000001   -0.00000000    0.00000000   -0.00000001   -0.00000001    0.00065978    0.00013211    0.00000000    0.00017121    0.00004446    0.00000000    0.00020684   -0.00000002    0.00000003    0.00000003    0.00011999   -0.00000001   -0.00000000   -0.00012497    0.00000002   -0.00000000   -0.00000000    0.00000000   -0.00114059    0.00000001    0.00000002    0.00000003    0.00000000    0.00000000    0.00000000    0.00000000   -0.00000000   -0.00000000    0.00008189   -0.00028843   -0.00000000   -0.00000000   -0.00003231    0.00000001   -0.00000000   -0.00002676   -0.00000003    0.00000001   -0.00000001    0.00000000    0.00000000   -0.00000004   -0.00008007    0.00018037    0.00007977    0.00033947    0.00000001    0.00000001    0.00000003    0.00000003   -0.00000000   -0.00000000    0.00002526   -0.00007106   -0.00000001    0.00000001    0.00000006    0.00000006   -0.00003377   -0.00008189   -0.00000001   -0.00000001    0.00000009    0.00000009   -0.00000006   -0.00000006    0.00000000   -0.00000001
  0.70713305    0.70707871   -0.00002369    0.00001998   -0.00018963   -0.00018572   -0.00000000    0.00000000    0.00000000    0.00000000    0.00001902   -0.00000541    0.00000000    0.00000000   -0.00039985    0.00044133    0.00000004   -0.00000005   -0.00001364    0.00000000    0.00000850    0.00000000    0.00000000    0.00000001    0.00000000    0.00000000   -0.00000001    0.00000002    0.00065967    0.00013211   -0.00000000   -0.00017123   -0.00004446   -0.00000000    0.00020682   -0.00000004   -0.00000003    0.00000005    0.00011995   -0.00000003    0.00000001    0.00012502   -0.00000004    0.00000000   -0.00000000    0.00000000    0.00114084   -0.00000001    0.00000003   -0.00000004    0.00000001   -0.00000001   -0.00000002    0.00000002   -0.00000002    0.00000002    0.00008183    0.00028844   -0.00000001    0.00000001   -0.00003230   -0.00000001   -0.00000001    0.00002675    0.00000001   -0.00000002   -0.00000002   -0.00000001    0.00000001   -0.00000000   -0.00008009   -0.00018044    0.00007977   -0.00033956   -0.00000001    0.00000002    0.00000003   -0.00000003    0.00000002   -0.00000001    0.00002532    0.00007114   -0.00000001   -0.00000001    0.00000000    0.00000000   -0.00003377    0.00008191   -0.00000000    0.00000000    0.00000005   -0.00000005   -0.00000008    0.00000008    0.00000000    0.00000000
  0.00002863    0.00001504    0.70702724   -0.70718528   -0.00000001   -0.00000001    0.00013144    0.00012141   -0.00000000   -0.00000001   -0.00000001    0.00000001   -0.00000000   -0.00000000   -0.00000005    0.00000005   -0.00031883    0.00033190   -0.00000001   -0.00000000   -0.00000001    0.00000816   -0.00000000   -0.00002740   -0.00000000   -0.00000000    0.00006185   -0.00013616   -0.00000003   -0.00000001    0.00000000   -0.00000000   -0.00000003   -0.00000000   -0.00000005   -0.00044522    0.00001093    0.00008298    0.00000004    0.00015326   -0.00000001   -0.00000005   -0.00009642   -0.00000000    0.00000000   -0.00000000   -0.00000003    0.00041375    0.00007956   -0.00071928   -0.00000001    0.00000001    0.00000002   -0.00000002    0.00000002   -0.00000002    0.00000002    0.00000002    0.00000001   -0.00000001   -0.00000000    0.00000001    0.00000001    0.00000000   -0.00010941   -0.00000346    0.00003720    0.00000001   -0.00000001    0.00036633    0.00000002    0.00000002   -0.00000001    0.00000002    0.00000001   -0.00000001   -0.00003162    0.00027745   -0.00000001    0.00000001   -0.00000004   -0.00000004    0.00000001    0.00000001    0.00000571   -0.00005634    0.00000005   -0.00000005    0.00000000   -0.00000000   -0.00002196    0.00007199   -0.00004170    0.00015232   -0.00000000   -0.00000000
  0.00000708   -0.00000337    0.70719655    0.70701597    0.00000000   -0.00000001   -0.00013144    0.00012140    0.00000000    0.00000000    0.00000002    0.00000002    0.00000000    0.00000000    0.00000002    0.00000002    0.00031881    0.00033188    0.00000001   -0.00000000   -0.00000001   -0.00000816    0.00000000   -0.00002740   -0.00000000    0.00000000   -0.00006184   -0.00013616    0.00000002   -0.00000000    0.00000000    0.00000001   -0.00000002    0.00000000    0.00000003    0.00044525    0.00001093   -0.00008299   -0.00000002   -0.00015325   -0.00000000   -0.00000003   -0.00009645   -0.00000000   -0.00000000    0.00000000   -0.00000002    0.00041377   -0.00007955   -0.00071929    0.00000000    0.00000000   -0.00000000   -0.00000000    0.00000000    0.00000000   -0.00000003    0.00000003    0.00000001    0.00000001   -0.00000002   -0.00000001    0.00000001   -0.00000001    0.00010943    0.00000346    0.00003720   -0.00000000    0.00000000    0.00036637   -0.00000002    0.00000003   -0.00000001   -0.00000000   -0.00000001   -0.00000001    0.00003160    0.00027743    0.00000000    0.00000000    0.00000007   -0.00000007    0.00000001   -0.00000001   -0.00000577   -0.00005641    0.00000001    0.00000001   -0.00000000   -0.00000000    0.00002185    0.00007188    0.00004179    0.00015241    0.00000000   -0.00000000
 -0.00013615    0.00013379   -0.00000000   -0.00000000    0.70998344   -0.70419222    0.00000092    0.00000082    0.00000020    0.00000020    0.00197788    0.00051484    0.00000011    0.00000011   -0.00296431    0.00456336   -0.00000013    0.00000018   -0.00049042    0.00000006    0.00005531    0.00000003    0.00000006   -0.00000003    0.00000001    0.00000000    0.00000002   -0.00000003    0.00076902    0.00031516   -0.00000002   -0.00018120   -0.00026797    0.00000002    0.00007489    0.00000031   -0.00000008   -0.00000000    0.00013943    0.00000009    0.00000010    0.00035987    0.00000020   -0.00000001   -0.00000010    0.00000000    0.00130517   -0.00000018    0.00000009    0.00000008    0.00000001   -0.00000001   -0.00000006    0.00000006   -0.00000009    0.00000008   -0.00003244    0.00028271   -0.00000008    0.00000007    0.00003797   -0.00000003   -0.00000002    0.00005954    0.00000016   -0.00000012   -0.00000013   -0.00000001    0.00000002   -0.00000021    0.00000267    0.00001125    0.00004656   -0.00014801   -0.00000004    0.00000004   -0.00000011    0.00000008    0.00000006   -0.00000004   -0.00000091    0.00001814   -0.00000002   -0.00000001   -0.00000023    0.00000023    0.00000320   -0.00001156    0.00000005   -0.00000003   -0.00000006    0.00000005    0.00000005   -0.00000007    0.00000001    0.00000001
  0.00013613    0.00013381    0.00000001   -0.00000001    0.70998519    0.70419045   -0.00000021    0.00000024   -0.00000008    0.00000002    0.00197757   -0.00051511    0.00000000   -0.00000003   -0.00296483   -0.00456388   -0.00000001   -0.00000000   -0.00049038    0.00000003   -0.00005531    0.00000000   -0.00000004    0.00000000   -0.00000003    0.00000002    0.00000000    0.00000000    0.00076868    0.00031519   -0.00000005    0.00018105    0.00026794   -0.00000006    0.00007483   -0.00000005   -0.00000008   -0.00000006    0.00013933   -0.00000004    0.00000005   -0.00035992    0.00000005   -0.00000004    0.00000007    0.00000003   -0.00130487   -0.00000003   -0.00000007   -0.00000006   -0.00000003   -0.00000002   -0.00000002   -0.00000004    0.00000006    0.00000003   -0.00003245   -0.00028266    0.00000004   -0.00000000    0.00003795    0.00000002   -0.00000002   -0.00005955   -0.00000011    0.00000012   -0.00000012    0.00000003   -0.00000000   -0.00000013    0.00000274   -0.00001133    0.00004659    0.00014799   -0.00000004   -0.00000005    0.00000006    0.00000001   -0.00000001   -0.00000003   -0.00000089   -0.00001815    0.00000005   -0.00000003    0.00000016    0.00000015    0.00000311    0.00001152    0.00000004   -0.00000001    0.00000005    0.00000008   -0.00000004   -0.00000002   -0.00000001   -0.00000002
  0.00000000    0.00000000    0.00008372   -0.00008811    0.00000088   -0.00000086   -0.70965134   -0.70453558    0.00000059   -0.00000045    0.00000004    0.00000004    0.00000009    0.00000000    0.00000058    0.00000051   -0.00239935   -0.00309988    0.00000001    0.00000008   -0.00000004   -0.00115003   -0.00000008    0.00009316   -0.00000000    0.00000000    0.00036982    0.00098456   -0.00000001    0.00000012    0.00000001   -0.00000013   -0.00000012   -0.00000001    0.00000017   -0.00130647   -0.00019543    0.00023516   -0.00000010    0.00041678    0.00000015   -0.00000010    0.00060013    0.00000001    0.00000011    0.00000005   -0.00000006   -0.00081532    0.00037833    0.00177897    0.00000005    0.00000006    0.00000003   -0.00000003    0.00000006    0.00000003    0.00000003    0.00000000    0.00000004    0.00000003    0.00000002    0.00000006    0.00000000    0.00000003   -0.00010140    0.00008063   -0.00012512    0.00000004    0.00000005   -0.00047731   -0.00000007    0.00000001    0.00000004    0.00000000   -0.00000004   -0.00000009   -0.00012940   -0.00039680   -0.00000009    0.00000003   -0.00000004   -0.00000001    0.00000004   -0.00000003    0.00000151    0.00005693   -0.00000000   -0.00000008   -0.00000003    0.00000004   -0.00002271   -0.00001359   -0.00002883   -0.00014760    0.00000007   -0.00000000
 -0.00000001    0.00000001   -0.00008374   -0.00008809   -0.00000017   -0.00000029   -0.70964606    0.70454090   -0.00000079   -0.00000069   -0.00000029    0.00000030    0.00000003    0.00000007    0.00000022   -0.00000022   -0.00239993    0.00310053    0.00000006    0.00000003    0.00000008   -0.00114987    0.00000004   -0.00009319   -0.00000000   -0.00000000    0.00036989   -0.00098463    0.00000011    0.00000005   -0.00000018    0.00000000    0.00000001    0.00000016    0.00000006   -0.00130583    0.00019552    0.00023497   -0.00000018    0.00041665    0.00000008    0.00000019   -0.00060002   -0.00000006   -0.00000006   -0.00000008    0.00000009    0.00081491    0.00037835   -0.00177858    0.00000009   -0.00000009   -0.00000003    0.00000001    0.00000002   -0.00000001   -0.00000011   -0.00000009    0.00000002   -0.00000005   -0.00000005    0.00000004    0.00000004    0.00000005   -0.00010129    0.00008057    0.00012499   -0.00000003    0.00000001    0.00047713   -0.00000008   -0.00000013   -0.00000019    0.00000015   -0.00000008    0.00000006   -0.00012939    0.00039678   -0.00000001   -0.00000003    0.00000032    0.00000032    0.00000000   -0.00000000    0.00000123   -0.00005664    0.00000014   -0.00000010   -0.00000003   -0.00000001   -0.00002288    0.00001370   -0.00002884    0.00014752    0.00000002   -0.00000001
  0.00000000    0.00000000   -0.00000000    0.00000000    0.00000004    0.00000005    0.00000047    0.00000057    0.70948690   -0.70471430    0.00000185   -0.00000175    0.00000018    0.00000023    0.00000002    0.00000001   -0.00000018    0.00000020    0.00000002    0.00224360    0.00000001    0.00000004    0.00021078   -0.00000001    0.00000000    0.00000000   -0.00000006    0.00000007   -0.00000003   -0.00000012    0.00034625   -0.00000008    0.00000011   -0.00064183    0.00000007    0.00000010    0.00000008   -0.00000012    0.00000003   -0.00000004    0.00007503   -0.00000003    0.00000006   -0.00000008    0.00025600   -0.00000008   -0.00000004   -0.00000018    0.00000016   -0.00000008    0.00000013   -0.00000013    0.00025025   -0.00056806    0.00000002   -0.00000002    0.00000008    0.00000009    0.00000009   -0.00000008    0.00000003   -0.00001843   -0.00006865    0.00000001    0.00000018   -0.00000013   -0.00000012    0.00003925   -0.00006435   -0.00000020    0.00000010    0.00000009   -0.00000005    0.00000007    0.00005304    0.00006121   -0.00000009    0.00000006   -0.00000000   -0.00000002   -0.00000007   -0.00000008    0.00000008    0.00000008   -0.00000025    0.00000025    0.00000001   -0.00000001    0.00002150   -0.00001642   -0.00000023    0.00000023    0.00000009   -0.00000007    0.00000006    0.00000005
  0.00000000    0.00000000   -0.00000000    0.00000001    0.00000017   -0.00000023    0.00000066   -0.00000082   -0.70949070   -0.70471048    0.00000054    0.00000075    0.00000002    0.00000006    0.00000028    0.00000024    0.00000029    0.00000031    0.00000000   -0.00224335   -0.00000001   -0.00000005    0.00021056   -0.00000002   -0.00000002    0.00000002   -0.00000002   -0.00000001    0.00000002   -0.00000002   -0.00034614   -0.00000000   -0.00000002   -0.00064168    0.00000002   -0.00000022    0.00000015    0.00000018    0.00000001    0.00000003   -0.00007468    0.00000000    0.00000007   -0.00000010    0.00025634    0.00000010    0.00000001   -0.00000014   -0.00000000    0.00000012    0.00000011    0.00000009   -0.00025016   -0.00056799   -0.00000005   -0.00000002    0.00000003   -0.00000004   -0.00000001    0.00000004   -0.00000004    0.00001844   -0.00006868   -0.00000008   -0.00000012    0.00000009   -0.00000006   -0.00003914   -0.00006417   -0.00000011   -0.00000005    0.00000006    0.00000001    0.00000005   -0.00005304    0.00006121    0.00000003    0.00000005   -0.00000000    0.00000002   -0.00000000    0.00000003   -0.00000003    0.00000000    0.00000010    0.00000011    0.00000001   -0.00000004   -0.00002141   -0.00001627    0.00000011    0.00000009   -0.00000006   -0.00000008    0.00000004   -0.00000002
 -0.00006755    0.00007561    0.00000002    0.00000002    0.00424745    0.00184030   -0.00000005   -0.00000004   -0.00000059   -0.00000070   -0.70888349   -0.70525212    0.00000014    0.00000016   -0.00725870    0.00499984   -0.00000020    0.00000025   -0.00171232   -0.00000004   -0.00039518    0.00000006   -0.00000005    0.00000000   -0.00000000   -0.00000000   -0.00000005    0.00000004   -0.00039989    0.00089859    0.00000010    0.00005850   -0.00004946   -0.00000009   -0.00010515    0.00000025   -0.00000007    0.00000001   -0.00002184    0.00000003   -0.00000004    0.00043532    0.00000013   -0.00000006    0.00000002   -0.00000004    0.00023976   -0.00000027    0.00000028   -0.00000011    0.00000005   -0.00000005    0.00000001   -0.00000002    0.00000007   -0.00000009   -0.00008899   -0.00038515    0.00000007   -0.00000008   -0.00004520    0.00000002    0.00000004   -0.00011252    0.00000027   -0.00000015   -0.00000018    0.00000004   -0.00000001   -0.00000031    0.00007537    0.00011200   -0.00009440    0.00001034    0.00000000   -0.00000000   -0.00000016    0.00000014    0.00000000    0.00000004   -0.00000019   -0.00005480    0.00000004    0.00000006   -0.00000043    0.00000042    0.00004466   -0.00002208   -0.00000005    0.00000010   -0.00000046    0.00000044    0.00000018   -0.00000020   -0.00000000    0.00000003
  0.00006754    0.00007561   -0.00000001    0.00000001    0.00424771   -0.00184064    0.00000030   -0.00000030    0.00000189   -0.00000170   -0.70888687    0.70524870   -0.00000033    0.00000027   -0.00725988   -0.00500090    0.00000002    0.00000006   -0.00171223   -0.00000004    0.00039515   -0.00000004    0.00000003    0.00000001   -0.00000006    0.00000006   -0.00000001   -0.00000001   -0.00040015    0.00089849   -0.00000002   -0.00005849    0.00004950   -0.00000002   -0.00010531   -0.00000016   -0.00000012   -0.00000010   -0.00002189    0.00000005   -0.00000006   -0.00043534    0.00000003   -0.00000015   -0.00000001    0.00000011   -0.00023947   -0.00000009   -0.00000005    0.00000004    0.00000003    0.00000004    0.00000001   -0.00000002    0.00000002   -0.00000004   -0.00008901    0.00038521    0.00000001   -0.00000005   -0.00004523    0.00000001   -0.00000003    0.00011253   -0.00000004    0.00000004   -0.00000004    0.00000006   -0.00000002   -0.00000009    0.00007540   -0.00011206   -0.00009420   -0.00001017   -0.00000001   -0.00000003    0.00000004   -0.00000006    0.00000000   -0.00000005   -0.00000028    0.00005491    0.00000005   -0.00000002    0.00000008    0.00000007    0.00004444    0.00002197    0.00000005   -0.00000006   -0.00000004    0.00000000   -0.00000005   -0.00000000    0.00000002   -0.00000008
  0.00000000   -0.00000000   -0.00000000    0.00000000   -0.00000002   -0.00000001    0.00000002    0.00000006    0.00000000   -0.00000005   -0.00000032    0.00000029    0.70947625   -0.70472500    0.00000023   -0.00000027   -0.00000008    0.00000009   -0.00000003    0.00000010    0.00000000    0.00000003    0.00000011    0.00000000    0.00234622    0.00021264    0.00000001   -0.00000001    0.00000016    0.00000006   -0.00000009   -0.00000001   -0.00000002    0.00000010    0.00000003    0.00000004    0.00000006   -0.00000007    0.00000004   -0.00000004    0.00000015    0.00000000    0.00000000    0.00028284   -0.00000015   -0.00029523    0.00000015   -0.00000000   -0.00000003    0.00000007    0.00022068   -0.00025384   -0.00000002    0.00000001   -0.00018867    0.00047954   -0.00000011   -0.00000008    0.00008016   -0.00014501   -0.00000007    0.00000003    0.00000002    0.00000003    0.00000000   -0.00000007   -0.00000010    0.00000003   -0.00000000    0.00000001   -0.00000012   -0.00000013   -0.00000004   -0.00000002   -0.00000012    0.00000011    0.00000007   -0.00000009    0.00001770   -0.00003769    0.00000017    0.00000018   -0.00007251    0.00001128    0.00000008   -0.00000007    0.00000006   -0.00000007   -0.00000001    0.00000004    0.00000021   -0.00000022   -0.00000009    0.00000006    0.00002289    0.00001689
  0.00000000    0.00000001   -0.00000000    0.00000000    0.00000009   -0.00000013   -0.00000010    0.00000000    0.00000016   -0.00000025   -0.00000009   -0.00000020   -0.70948001   -0.70472121   -0.00000285   -0.00000207    0.00000013    0.00000013    0.00000006    0.00000004    0.00000001   -0.00000001   -0.00000002   -0.00000000   -0.00234628    0.00021273   -0.00000005   -0.00000005   -0.00000037   -0.00000009    0.00000004   -0.00000004    0.00000014    0.00000004   -0.00000026   -0.00000011   -0.00000000    0.00000001   -0.00000006    0.00000005    0.00000006    0.00000003   -0.00000003   -0.00028308    0.00000006   -0.00029502    0.00000036   -0.00000001    0.00000011    0.00000015   -0.00022057   -0.00025378   -0.00000006   -0.00000001    0.00018851    0.00047940    0.00000002   -0.00000001   -0.00008029   -0.00014509    0.00000002   -0.00000004   -0.00000003   -0.00000000   -0.00000001    0.00000004    0.00000004   -0.00000003   -0.00000001   -0.00000001    0.00000008   -0.00000011    0.00000010    0.00000010   -0.00000006   -0.00000002   -0.00000001   -0.00000001   -0.00001763   -0.00003771   -0.00000014    0.00000018    0.00007247    0.00001131    0.00000008    0.00000009   -0.00000014   -0.00000011   -0.00000004   -0.00000008    0.00000003    0.00000003    0.00000001    0.00000006   -0.00002285    0.00001682
  0.00060304   -0.00058783    0.00000001    0.00000002   -0.02094434   -0.02246199   -0.00000055   -0.00000054   -0.00000027   -0.00000025    0.01270322   -0.01030034    0.00000246    0.00000248   -0.72988234   -0.68257475    0.00000005   -0.00000001    0.00502932    0.00000010    0.00588807    0.00000007    0.00000008    0.00000006   -0.00000004   -0.00000001   -0.00000002    0.00000000   -0.00327555   -0.00147005    0.00000003    0.00174422    0.00434324   -0.00000002    0.00123040    0.00000015   -0.00000013    0.00000010    0.00158701    0.00000002    0.00000010   -0.00324348    0.00000005    0.00000008   -0.00000011    0.00000007   -0.00623225   -0.00000013    0.00000012    0.00000001   -0.00000010    0.00000009    0.00000011   -0.00000013    0.00000010   -0.00000011    0.00057800   -0.00073808    0.00000002   -0.00000002    0.00026053    0.00000003    0.00000004   -0.00068804   -0.00000008    0.00000012    0.00000013    0.00000007   -0.00000006    0.00000011   -0.00111111   -0.00084357    0.00031070    0.00004934    0.00000006   -0.00000008    0.00000004   -0.00000002   -0.00000001   -0.00000001    0.00030310    0.00030106    0.00000007    0.00000007    0.00000007   -0.00000007   -0.00038194    0.00038590    0.00000008   -0.00000007   -0.00000005    0.00000005    0.00000009   -0.00000010   -0.00000002   -0.00000003
 -0.00060294   -0.00058788   -0.00000003    0.00000003   -0.02094378    0.02246150   -0.00000030    0.00000015   -0.00000002   -0.00000003    0.01270216    0.01029918    0.00000071    0.00000022   -0.72988351    0.68257356    0.00000020    0.00000018    0.00502955    0.00000004   -0.00588828    0.00000008   -0.00000003   -0.00000012    0.00000002   -0.00000002    0.00000002    0.00000000   -0.00327597   -0.00147002    0.00000003   -0.00174445   -0.00434366    0.00000002    0.00123079   -0.00000011    0.00000001    0.00000008    0.00158669   -0.00000024    0.00000004    0.00324316    0.00000026    0.00000004    0.00000004   -0.00000004    0.00623252   -0.00000004   -0.00000010   -0.00000005    0.00000001    0.00000001    0.00000012    0.00000004   -0.00000003   -0.00000003    0.00057811    0.00073807    0.00000001    0.00000001    0.00026051    0.00000006   -0.00000003    0.00068803    0.00000007   -0.00000003    0.00000003    0.00000009    0.00000006    0.00000009   -0.00111105    0.00084349    0.00031079   -0.00004937    0.00000005   -0.00000001    0.00000000    0.00000001    0.00000000    0.00000001    0.00030302   -0.00030099   -0.00000006    0.00000007   -0.00000005   -0.00000006   -0.00038208   -0.00038603    0.00000003    0.00000003   -0.00000008   -0.00000007   -0.00000005   -0.00000006   -0.00000003    0.00000003
  0.00000002   -0.00000002   -0.00061602   -0.00060739    0.00000002   -0.00000001   -0.02142925   -0.02222304    0.00000032    0.00000029    0.00000005   -0.00000003    0.00000014    0.00000013    0.00000022   -0.00000017    0.73371025    0.67374120    0.00000038    0.00000022    0.00000038   -0.05243032    0.00000019   -0.05844577   -0.00000001    0.00000001   -0.00306544   -0.00248122    0.00000003    0.00000006   -0.00000008    0.00000001   -0.00000004    0.00000005   -0.00000018   -0.01393184    0.00656306   -0.00071153   -0.00000012   -0.00279675    0.00000005    0.00000008   -0.00997235    0.00000004   -0.00000001    0.00000005    0.00000003    0.01006314   -0.00185179   -0.01220232   -0.00000006    0.00000006    0.00000006   -0.00000005    0.00000004   -0.00000003    0.00000001    0.00000003   -0.00000000    0.00000001    0.00000001    0.00000001    0.00000001   -0.00000001    0.00088076   -0.00048053    0.00001221    0.00000003   -0.00000003    0.00234862    0.00000004    0.00000002   -0.00000005    0.00000005    0.00000003   -0.00000003    0.00081923    0.00100918    0.00000001   -0.00000000    0.00000001    0.00000001    0.00000002    0.00000001   -0.00013085   -0.00025508    0.00000000   -0.00000001    0.00000001   -0.00000000    0.00071658   -0.00054500    0.00044665    0.00004035   -0.00000002   -0.00000002
 -0.00000002   -0.00000004    0.00061589   -0.00060756    0.00000015   -0.00000016   -0.02142970    0.02222383    0.00000017   -0.00000020   -0.00000025   -0.00000021    0.00000009   -0.00000008    0.00000004    0.00000002    0.73371015   -0.67374128    0.00000007   -0.00000005   -0.00000027   -0.05243023   -0.00000006    0.05844581   -0.00000000   -0.00000000   -0.00306532    0.00248134    0.00000005   -0.00000010    0.00000002    0.00000010   -0.00000001   -0.00000010   -0.00000008   -0.01393153   -0.00656279   -0.00071134    0.00000002   -0.00279675    0.00000003    0.00000002    0.00997238   -0.00000000    0.00000000   -0.00000001   -0.00000005   -0.01006309   -0.00185186    0.01220217    0.00000002    0.00000001   -0.00000002   -0.00000002    0.00000001    0.00000004   -0.00000002    0.00000002    0.00000002    0.00000003    0.00000002   -0.00000000    0.00000000    0.00000001    0.00088078   -0.00048054   -0.00001219   -0.00000000    0.00000000   -0.00234855   -0.00000003    0.00000001    0.00000003    0.00000004   -0.00000002   -0.00000002    0.00081921   -0.00100917   -0.00000001   -0.00000001   -0.00000000    0.00000002    0.00000000   -0.00000002   -0.00013089    0.00025506   -0.00000001   -0.00000003   -0.00000001    0.00000001    0.00071656    0.00054499    0.00044667   -0.00004032    0.00000000   -0.00000000
  0.00017995   -0.00017703    0.00000000    0.00000001   -0.00871029   -0.00804692   -0.00000003   -0.00000002   -0.00000003    0.00000002    0.01252987   -0.01096085   -0.00000002   -0.00000002   -0.01779806    0.02077560    0.00000019   -0.00000016   -0.73021735   -0.00000021    0.68159206    0.00000014   -0.00000023    0.00000001    0.00000000   -0.00000001    0.00000003   -0.00000008   -0.01745360   -0.00949342    0.00000002   -0.00210185   -0.00251557   -0.00000001   -0.00921705    0.00000014   -0.00000000   -0.00000001    0.00649796    0.00000001   -0.00000003   -0.01178288    0.00000003    0.00000003    0.00000001    0.00000001   -0.01925483    0.00000004   -0.00000003    0.00000004   -0.00000001    0.00000001   -0.00000001    0.00000002   -0.00000001    0.00000001    0.00130487   -0.00080622   -0.00000000    0.00000001    0.00028420   -0.00000001   -0.00000000    0.00009734    0.00000002   -0.00000001   -0.00000001   -0.00000001    0.00000001   -0.00000002    0.00023534    0.00147981    0.00056468    0.00103388   -0.00000001    0.00000001   -0.00000002    0.00000001    0.00000000   -0.00000000    0.00035572    0.00015216   -0.00000001   -0.00000001   -0.00000001    0.00000001   -0.00035310    0.00024601   -0.00000001    0.00000002   -0.00000001    0.00000001    0.00000002   -0.00000002   -0.00000001   -0.00000000
  0.00017993    0.00017705    0.00000001   -0.00000001    0.00871029   -0.00804696    0.00000009   -0.00000005   -0.00000002    0.00000001   -0.01252988   -0.01096096   -0.00000003   -0.00000005    0.01779786    0.02077535   -0.00000030   -0.00000049    0.73021765    0.00000034    0.68159174   -0.00000020   -0.00000017    0.00000001    0.00000004   -0.00000002   -0.00000002   -0.00000004    0.01745373    0.00949341    0.00000000   -0.00210182   -0.00251556   -0.00000000    0.00921702   -0.00000019    0.00000004    0.00000004   -0.00649790    0.00000004   -0.00000001   -0.01178281    0.00000002    0.00000001   -0.00000000    0.00000002   -0.01925488   -0.00000000    0.00000001    0.00000006    0.00000002    0.00000001    0.00000001    0.00000002   -0.00000001   -0.00000001   -0.00130485   -0.00080624    0.00000000    0.00000001   -0.00028420    0.00000002    0.00000000    0.00009734    0.00000001   -0.00000002    0.00000000    0.00000001    0.00000001   -0.00000002   -0.00023534    0.00147981   -0.00056469    0.00103387    0.00000000    0.00000000    0.00000001    0.00000002    0.00000000    0.00000001   -0.00035574    0.00015218   -0.00000001    0.00000000   -0.00000000    0.00000001    0.00035313    0.00024603   -0.00000001    0.00000001    0.00000003    0.00000004   -0.00000002   -0.00000003    0.00000000    0.00000000
  0.00000000   -0.00000000   -0.00000000   -0.00000000    0.00000003    0.00000004   -0.00000009   -0.00000006    0.01716050    0.01517915    0.00000003   -0.00000006   -0.00000003   -0.00000003   -0.00000005    0.00000002    0.00000002   -0.00000000    0.00000025   -0.73068750    0.00000027    0.00000002    0.68200976   -0.00000022    0.00000013   -0.00000000    0.00000004   -0.00000005   -0.00000000    0.00000002    0.01285315   -0.00000002    0.00000000   -0.01312049   -0.00000000    0.00000010   -0.00000004    0.00000001    0.00000001   -0.00000001   -0.00576380    0.00000000    0.00000002    0.00000002    0.00449603    0.00000000    0.00000000    0.00000002   -0.00000001    0.00000001    0.00000001   -0.00000001    0.00423611   -0.00465571   -0.00000001    0.00000001   -0.00000001   -0.00000000   -0.00000001    0.00000001    0.00000001   -0.00024849   -0.00066681   -0.00000001    0.00000001   -0.00000001   -0.00000000    0.00050923   -0.00094562   -0.00000001    0.00000001    0.00000001   -0.00000001    0.00000001    0.00063915   -0.00087635   -0.00000001    0.00000001    0.00000000   -0.00000001    0.00000000   -0.00000000    0.00000000    0.00000000   -0.00000000   -0.00000000    0.00000000    0.00000000    0.00036230   -0.00043845    0.00000002   -0.00000001    0.00000000    0.00000000    0.00000001    0.00000000
 -0.00000000   -0.00000000    0.00000000   -0.00000000   -0.00000006    0.00000006    0.00000003   -0.00000004   -0.01716064    0.01517949   -0.00000010    0.00000000   -0.00000010    0.00000011    0.00000009    0.00000009   -0.00000014   -0.00000030   -0.00000030    0.73068769    0.00000013    0.00000006    0.68200956   -0.00000025    0.00000017   -0.00000009   -0.00000002   -0.00000003    0.00000000   -0.00000001   -0.01285310    0.00000002   -0.00000001   -0.01312047    0.00000000   -0.00000005    0.00000001    0.00000002   -0.00000002    0.00000002    0.00576376   -0.00000002    0.00000004    0.00000001    0.00449601   -0.00000002   -0.00000000   -0.00000004   -0.00000002    0.00000001    0.00000001    0.00000001   -0.00423606   -0.00465573   -0.00000000    0.00000000   -0.00000001    0.00000000    0.00000000    0.00000001    0.00000001    0.00024849   -0.00066681   -0.00000001   -0.00000004    0.00000002   -0.00000002   -0.00050924   -0.00094562   -0.00000003   -0.00000000    0.00000000   -0.00000001   -0.00000001   -0.00063884   -0.00087657    0.00000002    0.00000002    0.00000000    0.00000001    0.00000001   -0.00000000    0.00000000   -0.00000001    0.00000005    0.00000004   -0.00000000   -0.00000001   -0.00036231   -0.00043845    0.00000006    0.00000004   -0.00000002   -0.00000002    0.00000000    0.00000000
  0.00000000    0.00000001   -0.00017009    0.00017360    0.00000001    0.00000000    0.01310283   -0.01160698    0.00000003   -0.00000001   -0.00000002   -0.00000005    0.00000001   -0.00000003   -0.00000008   -0.00000006   -0.07047808   -0.08061014   -0.00000021   -0.00000002   -0.00000007   -0.72757931   -0.00000021   -0.67671624   -0.00000004   -0.00000002   -0.00033616   -0.00719381    0.00000008    0.00000002   -0.00000002   -0.00000002   -0.00000012    0.00000013    0.00000024    0.01658827   -0.00300219   -0.00591728   -0.00000003    0.00607144   -0.00000003   -0.00000008   -0.01362318    0.00000001    0.00000002   -0.00000000   -0.00000001    0.00880074   -0.00066560   -0.01504002    0.00000001    0.00000001   -0.00000002   -0.00000002    0.00000002    0.00000002   -0.00000002    0.00000002    0.00000001    0.00000002   -0.00000000   -0.00000001    0.00000001   -0.00000000   -0.00036973    0.00052438   -0.00033377   -0.00000001   -0.00000001    0.00250344   -0.00000001    0.00000003    0.00000001    0.00000001   -0.00000001   -0.00000001    0.00031476    0.00254332    0.00000000   -0.00000001    0.00000002   -0.00000003    0.00000001   -0.00000001   -0.00025486   -0.00069474   -0.00000002   -0.00000001   -0.00000001   -0.00000001   -0.00028935    0.00007814   -0.00018859    0.00045618    0.00000001   -0.00000000
  0.00000000   -0.00000000   -0.00017013   -0.00017356    0.00000001   -0.00000001   -0.01310299   -0.01160697   -0.00000001   -0.00000003   -0.00000003    0.00000003   -0.00000001    0.00000000    0.00000012   -0.00000009    0.07047810   -0.08061008    0.00000018   -0.00000004    0.00000001    0.72757906   -0.00000029   -0.67671651    0.00000001   -0.00000001    0.00033612   -0.00719378   -0.00000009   -0.00000003    0.00000004   -0.00000002    0.00000004   -0.00000007   -0.00000020   -0.01658829   -0.00300220    0.00591718    0.00000001   -0.00607145    0.00000005   -0.00000007   -0.01362311    0.00000000    0.00000001    0.00000000   -0.00000001    0.00880068    0.00066567   -0.01504005   -0.00000001    0.00000001   -0.00000002    0.00000002   -0.00000002    0.00000002   -0.00000002   -0.00000002   -0.00000002    0.00000002   -0.00000000   -0.00000001   -0.00000001    0.00000000    0.00036973   -0.00052439   -0.00033379   -0.00000001    0.00000000    0.00250344   -0.00000001    0.00000000    0.00000004   -0.00000004   -0.00000002    0.00000001   -0.00031476    0.00254331    0.00000002   -0.00000001   -0.00000000   -0.00000000   -0.00000001   -0.00000001    0.00025487   -0.00069474    0.00000000    0.00000000   -0.00000001    0.00000001    0.00028936    0.00007814    0.00018859    0.00045618   -0.00000000   -0.00000001
  0.00000000    0.00000000   -0.00000000    0.00000000    0.00000000   -0.00000001    0.00000000   -0.00000000    0.00000000   -0.00000000    0.00000000    0.00000001    0.01982004   -0.01771469    0.00000003    0.00000002   -0.00000000    0.00000001    0.00000001   -0.00000002    0.00000001    0.00000003    0.00000012    0.00000003   -0.73547308   -0.67690852   -0.00000001   -0.00000002   -0.00000008   -0.00000003   -0.00000003    0.00000002    0.00000006   -0.00000002   -0.00000008    0.00000000   -0.00000000   -0.00000000    0.00000003   -0.00000000    0.00000001    0.00000000   -0.00000000   -0.00795225    0.00000001    0.00752799    0.00000004    0.00000001    0.00000000    0.00000001    0.00090286    0.00058179   -0.00000001   -0.00000001   -0.00439208   -0.00488685   -0.00000001    0.00000002   -0.00006462    0.00036632   -0.00000000   -0.00000000    0.00000000   -0.00000000    0.00000001   -0.00000000    0.00000000   -0.00000000   -0.00000000    0.00000001   -0.00000001   -0.00000000    0.00000001    0.00000001   -0.00000001   -0.00000000    0.00000000   -0.00000001    0.00081647    0.00107298    0.00000001    0.00000000   -0.00067470    0.00090975    0.00000000    0.00000000    0.00000000    0.00000000   -0.00000000   -0.00000000   -0.00000000   -0.00000001    0.00000000    0.00000001   -0.00020745    0.00020450
  0.00000000   -0.00000000   -0.00000000   -0.00000000   -0.00000002   -0.00000002    0.00000001    0.00000000    0.00000002    0.00000003    0.00000006   -0.00000005    0.01982022    0.01771465    0.00000007    0.00000009   -0.00000001   -0.00000001    0.00000002    0.00000006    0.00000003    0.00000002    0.00000021    0.00000000   -0.73547290    0.67690872   -0.00000002    0.00000002    0.00000001   -0.00000001    0.00000005   -0.00000002   -0.00000004   -0.00000004   -0.00000005    0.00000001   -0.00000001    0.00000001   -0.00000000    0.00000001   -0.00000003   -0.00000000    0.00000001   -0.00795221    0.00000003   -0.00752793   -0.00000003   -0.00000001    0.00000001   -0.00000001    0.00090283   -0.00058177    0.00000001   -0.00000001   -0.00439236    0.00488656    0.00000001    0.00000002   -0.00006461   -0.00036633    0.00000000    0.00000000    0.00000000   -0.00000000    0.00000001    0.00000001    0.00000000    0.00000000   -0.00000000   -0.00000001    0.00000001    0.00000002   -0.00000000    0.00000000    0.00000002   -0.00000002   -0.00000001    0.00000001    0.00081647   -0.00107299   -0.00000002   -0.00000003   -0.00067491   -0.00090958   -0.00000003    0.00000002   -0.00000000    0.00000000    0.00000000    0.00000000   -0.00000003    0.00000003    0.00000001   -0.00000001   -0.00020746   -0.00020451
  0.00000001   -0.00000001    0.00121290   -0.00120856    0.00000001   -0.00000002   -0.01854681    0.01891618   -0.00000008    0.00000006    0.00000005    0.00000006    0.00000001    0.00000000    0.00000002    0.00000000    0.03193960    0.03882675   -0.00000001   -0.00000002    0.00000009    0.00842584    0.00000005   -0.02401433    0.00000002   -0.00000002   -0.71795901    0.69226219   -0.00000001   -0.00000014   -0.00000007    0.00000008   -0.00000005    0.00000008    0.00000019    0.02537780   -0.01751676   -0.01602015   -0.00000004   -0.01068217    0.00000008   -0.00000006    0.00744207   -0.00000004    0.00000004    0.00000000    0.00000002    0.00201421   -0.00141373   -0.00191578   -0.00000001   -0.00000001   -0.00000000    0.00000000   -0.00000001    0.00000000   -0.00000001    0.00000001    0.00000001   -0.00000000   -0.00000000   -0.00000000   -0.00000001    0.00000000    0.00425150    0.00113864   -0.00099491    0.00000000   -0.00000001    0.00340394    0.00000002   -0.00000001    0.00000001    0.00000001   -0.00000001   -0.00000001    0.00129870    0.00164285    0.00000002   -0.00000001    0.00000000    0.00000001    0.00000000   -0.00000001    0.00009048    0.00014248   -0.00000002   -0.00000001    0.00000001    0.00000002    0.00109489    0.00119414    0.00091852    0.00117029   -0.00000001   -0.00000001
  0.00000000    0.00000000    0.00121319    0.00120826   -0.00000003    0.00000002    0.01854687    0.01891602   -0.00000003    0.00000001   -0.00000001    0.00000000   -0.00000005   -0.00000005   -0.00000000   -0.00000004   -0.03193965    0.03882695    0.00000002    0.00000002    0.00000007   -0.00842585    0.00000003   -0.02401445   -0.00000002   -0.00000002    0.71795570    0.69226547   -0.00000103   -0.00000009    0.00000015    0.00000002    0.00000009   -0.00000020   -0.00000029   -0.02537797   -0.01751696    0.01602008    0.00000011    0.01068218   -0.00000008   -0.00000009    0.00744198    0.00000003    0.00000002    0.00000002   -0.00000004    0.00201425    0.00141370   -0.00191581   -0.00000002    0.00000002   -0.00000001    0.00000001   -0.00000001    0.00000000    0.00000000    0.00000000    0.00000000    0.00000000    0.00000000   -0.00000001   -0.00000001   -0.00000001   -0.00425145   -0.00113864   -0.00099492   -0.00000001    0.00000000    0.00340392    0.00000000    0.00000000    0.00000001   -0.00000002    0.00000001   -0.00000001   -0.00129870    0.00164286    0.00000001   -0.00000001   -0.00000002   -0.00000002   -0.00000000   -0.00000000   -0.00009052    0.00014251    0.00000001   -0.00000000   -0.00000000   -0.00000002   -0.00109488    0.00119411   -0.00091855    0.00117030   -0.00000001   -0.00000001
  0.00047335   -0.00048264   -0.00000002   -0.00000001   -0.01366281   -0.01354373   -0.00000011   -0.00000012    0.00000003    0.00000000   -0.00587405    0.00546071   -0.00000011   -0.00000011   -0.03416720    0.03919597   -0.00000008    0.00000012    0.00122750    0.00000000    0.00170216    0.00000003   -0.00000000   -0.00000004   -0.00000001   -0.00000000    0.00000037    0.00000022    0.48796050   -0.54192639    0.00000150    0.66585334    0.05115347   -0.00000004   -0.05787292    0.00000038    0.00000006   -0.00000008   -0.00826077    0.00000008   -0.00000007   -0.02523612   -0.00000013    0.00000014    0.00000001    0.00000018   -0.12058241    0.00000028   -0.00000010    0.00000003   -0.00000004    0.00000004   -0.00000003    0.00000003   -0.00000004    0.00000002   -0.00694224   -0.01654872   -0.00000002    0.00000002    0.00595340   -0.00000018   -0.00000001   -0.00635160   -0.00000005    0.00000003    0.00000003   -0.00000001    0.00000002    0.00000005    0.00074756    0.00469302   -0.00145043    0.00846676    0.00000000    0.00000000    0.00000001   -0.00000001    0.00000001   -0.00000000    0.00034726   -0.00045459   -0.00000000    0.00000000    0.00000005   -0.00000006   -0.00012795   -0.00096148   -0.00000001    0.00000001    0.00000006   -0.00000007   -0.00000003    0.00000002   -0.00000001   -0.00000000
  0.00047328    0.00048270   -0.00000002    0.00000002    0.01366300   -0.01354399    0.00000001    0.00000007    0.00000007   -0.00000005    0.00587394    0.00546070   -0.00000004   -0.00000013    0.03416685    0.03919567   -0.00000001   -0.00000002   -0.00122752    0.00000001    0.00170228   -0.00000004   -0.00000001   -0.00000001    0.00000001    0.00000004   -0.00000033   -0.00000033   -0.48796071    0.54192670    0.00000131    0.66585298    0.05115302   -0.00000025    0.05787315   -0.00000027    0.00000004    0.00000004    0.00826069   -0.00000007    0.00000002   -0.02523615   -0.00000013    0.00000012    0.00000001    0.00000011   -0.12058239    0.00000029   -0.00000005   -0.00000004    0.00000002   -0.00000001   -0.00000001    0.00000001    0.00000000    0.00000003    0.00694224   -0.01654875   -0.00000001    0.00000001   -0.00595343    0.00000020   -0.00000002   -0.00635164   -0.00000001    0.00000001   -0.00000002    0.00000001    0.00000002   -0.00000002   -0.00074754    0.00469301    0.00145044    0.00846677   -0.00000001   -0.00000001    0.00000001    0.00000002   -0.00000000    0.00000000   -0.00034727   -0.00045459    0.00000000   -0.00000000    0.00000001    0.00000002    0.00012795   -0.00096148   -0.00000001    0.00000001    0.00000000   -0.00000000   -0.00000001   -0.00000001   -0.00000000    0.00000001
 -0.00098469    0.00100594    0.00000001   -0.00000000    0.02639796    0.02591833    0.00000003    0.00000002    0.00000001   -0.00000002   -0.01058437    0.00946259    0.00000011    0.00000010    0.06459531   -0.07302588   -0.00000007    0.00000002    0.02657845    0.00000006    0.02689656   -0.00000003    0.00000005    0.00000003    0.00000001    0.00000001   -0.00000032   -0.00000043   -0.50711510   -0.44972768    0.00000166    0.14421387   -0.55117774    0.00000105    0.31386242   -0.00000424   -0.00000001    0.00000018    0.01784032   -0.00000016    0.00000009    0.08347322    0.00000018   -0.00000023    0.00000009   -0.00000024    0.31087482   -0.00000045    0.00000001    0.00000001   -0.00000008    0.00000005   -0.00000001    0.00000000   -0.00000002    0.00000003    0.00309182    0.02530805   -0.00000002    0.00000002    0.00195604   -0.00000007   -0.00000001   -0.00190132   -0.00000010    0.00000006    0.00000006   -0.00000002    0.00000000    0.00000010    0.00028954   -0.00573804    0.00378865   -0.01797869   -0.00000000    0.00000000    0.00000008   -0.00000006    0.00000000   -0.00000000    0.00027590    0.00256409   -0.00000003   -0.00000004    0.00000016   -0.00000015    0.00001400    0.00196142    0.00000000   -0.00000000    0.00000013   -0.00000011   -0.00000005    0.00000004   -0.00000000   -0.00000001
  0.00098458    0.00100609   -0.00000003    0.00000002    0.02639806   -0.02591856   -0.00000000    0.00000014   -0.00000010    0.00000013   -0.01058451   -0.00946274   -0.00000004   -0.00000026    0.06459488    0.07302548    0.00000005    0.00000010    0.02657846   -0.00000003   -0.02689645   -0.00000009    0.00000003   -0.00000000    0.00000002    0.00000006   -0.00000036   -0.00000046   -0.50711582   -0.44972800   -0.00000069   -0.14421381    0.55117616    0.00000028    0.31386350   -0.00000130    0.00000010    0.00000011    0.01784011   -0.00000008   -0.00000013   -0.08347346   -0.00000023    0.00000047   -0.00000008    0.00000007   -0.31087502    0.00000063   -0.00000015   -0.00000005    0.00000003   -0.00000005    0.00000000    0.00000004    0.00000002    0.00000005    0.00309179   -0.02530807    0.00000003    0.00000002    0.00195607   -0.00000007    0.00000000    0.00190134    0.00000005   -0.00000002   -0.00000000   -0.00000001    0.00000000    0.00000001    0.00028960    0.00573801    0.00378861    0.01797866   -0.00000001   -0.00000000    0.00000000    0.00000002   -0.00000000   -0.00000001    0.00027588   -0.00256408   -0.00000001    0.00000003   -0.00000001    0.00000001    0.00001399   -0.00196141   -0.00000002   -0.00000001    0.00000001    0.00000002   -0.00000002   -0.00000001   -0.00000002    0.00000002
 -0.00000000   -0.00000000   -0.00000000    0.00000000   -0.00000004    0.00000004    0.00000018   -0.00000017    0.01334711   -0.01358370   -0.00000005   -0.00000012   -0.00000009    0.00000009   -0.00000008   -0.00000007   -0.00000009   -0.00000012   -0.00000002   -0.03939952    0.00000006    0.00000004    0.04252133    0.00000001   -0.00000003    0.00000005    0.00000008    0.00000011    0.00000024    0.00000018   -0.72121912    0.00000176   -0.00000033    0.68970347    0.00000009   -0.00000423    0.00000032    0.00000058   -0.00000004   -0.00000003    0.01034360    0.00000003    0.00000036   -0.00000004    0.00786697    0.00000003    0.00000020   -0.00000028   -0.00000010    0.00000011    0.00000004    0.00000004    0.00858696    0.01000191    0.00000004    0.00000005   -0.00000004    0.00000004    0.00000002    0.00000004   -0.00000017   -0.00573207    0.00675197   -0.00000002   -0.00000008    0.00000008   -0.00000009    0.00166493    0.00214472   -0.00000010   -0.00000001    0.00000000   -0.00000003   -0.00000003    0.00024310    0.00015282    0.00000006    0.00000005   -0.00000000    0.00000000    0.00000003   -0.00000003    0.00000001   -0.00000001    0.00000014    0.00000015    0.00000000   -0.00000002   -0.00047437   -0.00051898    0.00000013    0.00000012   -0.00000005   -0.00000006    0.00000000    0.00000000
  0.00000000   -0.00000000   -0.00000000   -0.00000000    0.00000003    0.00000002    0.00000001   -0.00000000   -0.01334704   -0.01358351    0.00000001    0.00000002    0.00000003    0.00000005   -0.00000004    0.00000007    0.00000002   -0.00000002   -0.00000006    0.03939951   -0.00000003    0.00000002    0.04252127    0.00000002   -0.00000000   -0.00000004   -0.00000005    0.00000002    0.00000078    0.00000094    0.72121900   -0.00000160    0.00000116    0.68970361   -0.00000026   -0.00000192   -0.00000007    0.00000016    0.00000001    0.00000002   -0.01034344   -0.00000014    0.00000015   -0.00000001    0.00786687   -0.00000002   -0.00000042   -0.00000007    0.00000005   -0.00000002    0.00000006   -0.00000006   -0.00858706    0.01000185   -0.00000002    0.00000002    0.00000002    0.00000000    0.00000001   -0.00000001    0.00000021    0.00573208    0.00675198   -0.00000003    0.00000007   -0.00000003   -0.00000003   -0.00166492    0.00214469   -0.00000008    0.00000005    0.00000005   -0.00000004    0.00000007   -0.00024312    0.00015271   -0.00000005    0.00000004    0.00000001   -0.00000002   -0.00000004   -0.00000004    0.00000003    0.00000003   -0.00000006    0.00000006   -0.00000000    0.00000000    0.00047439   -0.00051902   -0.00000003    0.00000005    0.00000004   -0.00000004    0.00000002    0.00000002
 -0.00131515    0.00134864    0.00000006    0.00000003    0.03607990    0.03552220   -0.00000017   -0.00000017   -0.00000000   -0.00000003   -0.01073589    0.00978141    0.00000033    0.00000035    0.07997064   -0.08788635   -0.00000003   -0.00000009    0.04229405    0.00000002    0.04701991   -0.00000017   -0.00000000   -0.00000007    0.00000010    0.00000009   -0.00000024   -0.00000035   -0.36391405   -0.19079422    0.00000017    0.11270533    0.43697072    0.00000007   -0.64417622    0.00000653    0.00000010    0.00000006   -0.01733857   -0.00000042    0.00000023    0.15699508    0.00000031   -0.00000020    0.00000004   -0.00000009    0.40663619   -0.00000099    0.00000021    0.00000007   -0.00000023    0.00000017    0.00000009   -0.00000010    0.00000006   -0.00000005    0.00428842    0.03032486    0.00000000    0.00000001   -0.00181836    0.00000009    0.00000003    0.00164457   -0.00000003    0.00000005    0.00000004    0.00000002   -0.00000003   -0.00000000    0.00335558   -0.00561467    0.00285206   -0.01888330    0.00000003   -0.00000004    0.00000001   -0.00000000    0.00000001   -0.00000001   -0.00114831    0.00138597    0.00000002    0.00000001    0.00000001    0.00000001    0.00111514    0.00106229    0.00000002   -0.00000002   -0.00000005    0.00000007    0.00000004   -0.00000003   -0.00000001   -0.00000002
  0.00131500    0.00134884   -0.00000008    0.00000008    0.03608000   -0.03552246   -0.00000003    0.00000020    0.00000005    0.00000001   -0.01073614   -0.00978166   -0.00000010   -0.00000030    0.07997074    0.08788659   -0.00000006    0.00000001    0.04229404   -0.00000000   -0.04701987   -0.00000011    0.00000001    0.00000005    0.00000007   -0.00000001   -0.00000030   -0.00000035   -0.36391347   -0.19079396   -0.00000006   -0.11270514   -0.43696981    0.00000043   -0.64417742    0.00000411   -0.00000008    0.00000000   -0.01733857   -0.00000011   -0.00000016   -0.15699489   -0.00000017    0.00000033   -0.00000003    0.00000037   -0.40663593    0.00000081   -0.00000021   -0.00000009    0.00000007   -0.00000003    0.00000000    0.00000005   -0.00000006   -0.00000001    0.00428836   -0.03032483   -0.00000003   -0.00000001   -0.00181833    0.00000006   -0.00000002   -0.00164455    0.00000006   -0.00000004    0.00000000    0.00000001    0.00000003    0.00000001    0.00335556    0.00561468    0.00285210    0.01888333    0.00000000    0.00000002   -0.00000001    0.00000003    0.00000001    0.00000000   -0.00114835   -0.00138594   -0.00000002    0.00000001   -0.00000005   -0.00000002    0.00111511   -0.00106230   -0.00000000    0.00000001   -0.00000005   -0.00000004   -0.00000003   -0.00000002   -0.00000000    0.00000000
  0.00000004    0.00000002    0.00099460   -0.00101483   -0.00000025    0.00000025   -0.02780207    0.02734036   -0.00000006   -0.00000003    0.00000017    0.00000024    0.00000001   -0.00000001    0.00000021    0.00000014    0.08642476    0.09124369    0.00000013    0.00000008    0.00000003    0.02738486   -0.00000000   -0.04635112    0.00000001   -0.00000001   -0.02082464   -0.06162728    0.00000008   -0.00000019   -0.00000102    0.00000013   -0.00000169    0.00000264    0.00000538    0.64131991   -0.52534484    0.37287700    0.00000034    0.07645238   -0.00000086   -0.00000003    0.19540799   -0.00000003   -0.00000055   -0.00000011   -0.00000067   -0.22541696    0.02174412    0.22856970   -0.00000007   -0.00000004   -0.00000010   -0.00000012   -0.00000000   -0.00000002    0.00000003   -0.00000002   -0.00000001   -0.00000001    0.00000001   -0.00000005    0.00000005    0.00000001   -0.00737056   -0.00164544   -0.00268592   -0.00000003   -0.00000003   -0.03391659   -0.00000010   -0.00000003   -0.00000002   -0.00000000    0.00000002    0.00000002   -0.00119308   -0.01998700   -0.00000006    0.00000001    0.00000001    0.00000001    0.00000001   -0.00000000    0.00039360    0.00383953   -0.00000002   -0.00000002   -0.00000001   -0.00000003    0.00051318   -0.00222613   -0.00061669   -0.00650445   -0.00000001    0.00000000
  0.00000001   -0.00000000    0.00099487    0.00101461   -0.00000009   -0.00000007    0.02780260    0.02734055    0.00000003    0.00000008    0.00000015   -0.00000019    0.00000006    0.00000007    0.00000002   -0.00000010   -0.08642452    0.09124328   -0.00000007   -0.00000004    0.00000001   -0.02738490   -0.00000005   -0.04635104   -0.00000000    0.00000000    0.02082474   -0.06162736   -0.00000003    0.00000017    0.00000087   -0.00000003    0.00000175   -0.00000269   -0.00000524   -0.64132099   -0.52534048   -0.37288098   -0.00000015   -0.07645120    0.00000040    0.00000027    0.19540875   -0.00000008   -0.00000035   -0.00000009   -0.00000058   -0.22541727   -0.02174409    0.22856975   -0.00000006    0.00000001   -0.00000004    0.00000004   -0.00000002    0.00000001   -0.00000011   -0.00000011   -0.00000004    0.00000003   -0.00000003   -0.00000001   -0.00000002    0.00000002    0.00737063    0.00164535   -0.00268600   -0.00000001    0.00000004   -0.03391666   -0.00000016   -0.00000010   -0.00000002    0.00000001   -0.00000005    0.00000006    0.00119309   -0.01998702   -0.00000005   -0.00000002    0.00000012    0.00000012   -0.00000001   -0.00000001   -0.00039367    0.00383955    0.00000003   -0.00000003   -0.00000001   -0.00000000   -0.00051320   -0.00222612    0.00061668   -0.00650444   -0.00000001   -0.00000001
 -0.00000005    0.00000004   -0.00103033   -0.00106405   -0.00000001   -0.00000005   -0.03134483   -0.03070897   -0.00000023   -0.00000028    0.00000001    0.00000001   -0.00000005   -0.00000006   -0.00000006    0.00000016    0.08887951   -0.08950191    0.00000012    0.00000005    0.00000004    0.03556950    0.00000006    0.05854551    0.00000001    0.00000001   -0.00265445    0.03586716   -0.00000016   -0.00000021   -0.00000112    0.00000006   -0.00000108    0.00000256    0.00000370    0.44688038   -0.47001491   -0.60536981    0.00000029    0.01455863   -0.00000012   -0.00000070   -0.28812593   -0.00000008    0.00000054   -0.00000003    0.00000098    0.23949513    0.00078467   -0.21735584    0.00000008   -0.00000003   -0.00000012    0.00000013   -0.00000006    0.00000008   -0.00000007   -0.00000007   -0.00000001    0.00000002   -0.00000001   -0.00000002   -0.00000002   -0.00000001   -0.00497333   -0.00260213    0.00056532   -0.00000005    0.00000003    0.03022797    0.00000003   -0.00000001    0.00000006   -0.00000007   -0.00000003    0.00000003    0.00152195    0.01649394    0.00000007   -0.00000002    0.00000001    0.00000002   -0.00000002   -0.00000003    0.00033331   -0.00312718    0.00000001   -0.00000001   -0.00000004    0.00000007    0.00182387    0.00078921    0.00054943    0.00474135    0.00000001    0.00000001
  0.00000009    0.00000007    0.00103004   -0.00106426   -0.00000017    0.00000016   -0.03134415    0.03070870   -0.00000018    0.00000011    0.00000009    0.00000014   -0.00000008    0.00000007    0.00000003   -0.00000004    0.08887941    0.08950192    0.00000013    0.00000003    0.00000004    0.03556945    0.00000003   -0.05854546   -0.00000000    0.00000000   -0.00265431   -0.03586692   -0.00000008   -0.00000014   -0.00000070    0.00000002   -0.00000135    0.00000208    0.00000381    0.44688148    0.47001892   -0.60536555    0.00000093    0.01455941   -0.00000012    0.00000053    0.28812660   -0.00000014   -0.00000027   -0.00000004   -0.00000092   -0.23949519    0.00078466    0.21735602   -0.00000006   -0.00000004    0.00000005    0.00000004   -0.00000005   -0.00000005    0.00000000   -0.00000001   -0.00000002   -0.00000002   -0.00000002    0.00000001   -0.00000001   -0.00000002   -0.00497334   -0.00260210   -0.00056536    0.00000003    0.00000003   -0.03022800   -0.00000008   -0.00000002   -0.00000006   -0.00000004    0.00000001    0.00000001    0.00152199   -0.01649392   -0.00000005    0.00000001    0.00000002   -0.00000000   -0.00000001    0.00000001    0.00033329    0.00312720    0.00000006    0.00000005    0.00000001    0.00000004    0.00182384   -0.00078923    0.00054943   -0.00474135   -0.00000001    0.00000001
 -0.00030453    0.00030388   -0.00000002   -0.00000002    0.00458246    0.00430240    0.00000010    0.00000009   -0.00000002    0.00000001    0.00454343   -0.00497768    0.00000007    0.00000006    0.01237078   -0.01350179    0.00000002    0.00000001   -0.03182871   -0.00000003   -0.03363514    0.00000006   -0.00000001    0.00000005   -0.00000001   -0.00000001    0.00000002   -0.00000007   -0.03853966   -0.00429913    0.00000007    0.02435145    0.03484122   -0.00000005    0.02050042    0.00000002    0.00000037   -0.00000048   -0.71676944    0.00000240   -0.00000096   -0.66893259    0.00000188    0.00000010    0.00000015   -0.00000069    0.17976123   -0.00000061    0.00000046   -0.00000028    0.00000004   -0.00000005    0.00000004   -0.00000004    0.00000009   -0.00000008    0.00426953    0.00977281    0.00000004   -0.00000004   -0.00043270    0.00000003    0.00000001    0.00125436    0.00000004   -0.00000003   -0.00000004    0.00000002   -0.00000002   -0.00000005    0.00286747    0.00159657    0.00261606   -0.00468408    0.00000001   -0.00000002   -0.00000002    0.00000003   -0.00000001    0.00000001    0.00086318    0.00146864    0.00000003    0.00000002   -0.00000009    0.00000009   -0.00094855    0.00141763    0.00000001   -0.00000001   -0.00000006    0.00000007    0.00000001   -0.00000000    0.00000001    0.00000001
 -0.00030448   -0.00030390   -0.00000003    0.00000003   -0.00458258    0.00430252   -0.00000020    0.00000014   -0.00000003    0.00000002   -0.00454330   -0.00497766    0.00000000    0.00000009   -0.01237041   -0.01350144    0.00000007    0.00000012    0.03182875    0.00000001   -0.03363524   -0.00000006    0.00000001    0.00000002   -0.00000000    0.00000001   -0.00000006   -0.00000010    0.03853973    0.00429919   -0.00000001    0.02435149    0.03484148   -0.00000004   -0.02050052   -0.00000027    0.00000011    0.00000041    0.71676946   -0.00000119   -0.00000068   -0.66893258    0.00000135    0.00000124    0.00000036   -0.00000143    0.17976113    0.00000009   -0.00000007   -0.00000036   -0.00000016   -0.00000010   -0.00000005   -0.00000006    0.00000005    0.00000005   -0.00426956    0.00977286    0.00000000   -0.00000001    0.00043274   -0.00000002   -0.00000000    0.00125440    0.00000002    0.00000001    0.00000000   -0.00000003   -0.00000003    0.00000007   -0.00286753    0.00159663   -0.00261606   -0.00468407   -0.00000003   -0.00000003   -0.00000004   -0.00000002   -0.00000001   -0.00000001   -0.00086312    0.00146860   -0.00000001   -0.00000001   -0.00000001   -0.00000001    0.00094854    0.00141761   -0.00000000   -0.00000001   -0.00000006   -0.00000006    0.00000006    0.00000005   -0.00000002    0.00000003
  0.00000001    0.00000002   -0.00060335    0.00060914   -0.00000006    0.00000005    0.01060702   -0.01000572    0.00000004   -0.00000004    0.00000003   -0.00000003    0.00000003   -0.00000004   -0.00000002    0.00000000   -0.03489356   -0.04113001   -0.00000001   -0.00000001   -0.00000004    0.02694054   -0.00000004   -0.02070278    0.00000001   -0.00000001    0.00193375    0.01147685   -0.00000018   -0.00000003    0.00000014    0.00000000    0.00000040   -0.00000064   -0.00000124   -0.12296531   -0.05265789   -0.02094449    0.00000181    0.71926921   -0.00000318    0.00000198    0.58610077    0.00000005   -0.00000156    0.00000010   -0.00000019    0.30512348    0.00205319   -0.15104174    0.00000005    0.00000003   -0.00000010   -0.00000008    0.00000005    0.00000006   -0.00000005    0.00000003    0.00000002    0.00000003   -0.00000001   -0.00000004    0.00000003   -0.00000001    0.00550674   -0.00027302    0.00233052   -0.00000004   -0.00000003    0.01912483    0.00000000    0.00000008    0.00000001    0.00000003   -0.00000001   -0.00000000   -0.00235612    0.00708894    0.00000002   -0.00000002    0.00000005   -0.00000006    0.00000001   -0.00000002    0.00047528   -0.00087734   -0.00000002   -0.00000002   -0.00000003   -0.00000002    0.00001484    0.00133455    0.00092665    0.00374897    0.00000001   -0.00000001
 -0.00000001    0.00000001    0.00060349    0.00060899    0.00000003    0.00000005    0.01060731    0.01000584    0.00000005    0.00000005    0.00000006   -0.00000004    0.00000008    0.00000006   -0.00000023    0.00000022   -0.03489350    0.04112990   -0.00000001   -0.00000000    0.00000000    0.02694058    0.00000001    0.02070282   -0.00000000   -0.00000000    0.00193374   -0.01147688   -0.00000022   -0.00000005    0.00000011   -0.00000001    0.00000035   -0.00000042   -0.00000126   -0.12296518    0.05265883   -0.02094467    0.00000173    0.71926753   -0.00000301   -0.00000061   -0.58610305    0.00000011    0.00000128   -0.00000005    0.00000020   -0.30512294    0.00205276    0.15104176   -0.00000001   -0.00000002    0.00000005   -0.00000005    0.00000007   -0.00000008    0.00000006    0.00000009    0.00000004   -0.00000005    0.00000002    0.00000001    0.00000000   -0.00000000    0.00550672   -0.00027300   -0.00233048    0.00000003   -0.00000001   -0.01912480    0.00000000    0.00000001   -0.00000007    0.00000006    0.00000004   -0.00000004   -0.00235613   -0.00708893   -0.00000005    0.00000003   -0.00000003   -0.00000003    0.00000002    0.00000002    0.00047527    0.00087734   -0.00000001    0.00000001    0.00000002   -0.00000002    0.00001485   -0.00133456    0.00092664   -0.00374895    0.00000001    0.00000001
  0.00000000   -0.00000000   -0.00000000   -0.00000000    0.00000006    0.00000006   -0.00000014   -0.00000014   -0.00452295   -0.00480292    0.00000004   -0.00000002   -0.00000006   -0.00000005   -0.00000003    0.00000005    0.00000001   -0.00000004   -0.00000001    0.02755338    0.00000000    0.00000001    0.02866650   -0.00000000   -0.00000002   -0.00000002   -0.00000004    0.00000007   -0.00000003    0.00000003   -0.01127062    0.00000007   -0.00000004    0.00540951   -0.00000005   -0.00000031    0.00000036   -0.00000027    0.00000024   -0.00000327   -0.71622843    0.00000066   -0.00000168    0.00000057   -0.69649880   -0.00000014    0.00000019   -0.00000014   -0.00000003    0.00000007    0.00000007   -0.00000005   -0.00426719    0.00578915   -0.00000002    0.00000002   -0.00000005   -0.00000005   -0.00000000    0.00000000   -0.00000013   -0.00476517   -0.00492414   -0.00000001    0.00000002   -0.00000003   -0.00000003   -0.00158844    0.00150328   -0.00000003   -0.00000001   -0.00000000    0.00000000   -0.00000000   -0.00228496    0.00247726   -0.00000002    0.00000001    0.00000001   -0.00000001    0.00000003    0.00000003    0.00000001    0.00000001   -0.00000001    0.00000002    0.00000000   -0.00000000   -0.00223296    0.00238237   -0.00000003   -0.00000003   -0.00000000    0.00000000    0.00000001    0.00000001
 -0.00000000   -0.00000000    0.00000000   -0.00000000   -0.00000009    0.00000011    0.00000009   -0.00000005    0.00452259   -0.00480258   -0.00000004   -0.00000002   -0.00000015    0.00000015    0.00000010    0.00000010   -0.00000002   -0.00000002   -0.00000001   -0.02755341    0.00000002   -0.00000001    0.02866654    0.00000001   -0.00000003    0.00000003    0.00000003    0.00000005    0.00000004   -0.00000003    0.01127053   -0.00000000   -0.00000002    0.00540935    0.00000003    0.00000027   -0.00000002   -0.00000004   -0.00000004    0.00000299    0.71622880   -0.00000110   -0.00000134    0.00000010   -0.69649843    0.00000011    0.00000017   -0.00000043   -0.00000017    0.00000005    0.00000003    0.00000002    0.00426726    0.00578929   -0.00000002   -0.00000001    0.00000004   -0.00000004   -0.00000000   -0.00000000    0.00000013    0.00476517   -0.00492416   -0.00000001   -0.00000007    0.00000006   -0.00000006    0.00158842    0.00150327   -0.00000007    0.00000000   -0.00000000   -0.00000001   -0.00000000    0.00228411    0.00247803    0.00000003    0.00000002    0.00000000    0.00000000   -0.00000003    0.00000003    0.00000000   -0.00000000    0.00000006    0.00000007   -0.00000000   -0.00000001    0.00223298    0.00238238    0.00000002    0.00000005   -0.00000003   -0.00000003    0.00000000   -0.00000000
  0.00000000   -0.00000000   -0.00000000   -0.00000000   -0.00000004   -0.00000003    0.00000001    0.00000003    0.00000010    0.00000009    0.00000014   -0.00000012   -0.00706106   -0.00756834   -0.00000007    0.00000002    0.00000000   -0.00000000   -0.00000000    0.00000002   -0.00000001   -0.00000001    0.00000002   -0.00000001    0.03233821    0.03500169    0.00000002   -0.00000002   -0.00000010   -0.00000009    0.00000004   -0.00000002    0.00000020   -0.00000002    0.00000013   -0.00000001   -0.00000004    0.00000008    0.00000094    0.00000005   -0.00000036   -0.00000171   -0.00000007   -0.71301313   -0.00000035    0.69927808    0.00000040   -0.00000011    0.00000004   -0.00000001    0.01065839   -0.00722412    0.00000002   -0.00000002    0.00491796   -0.00579534    0.00000004    0.00000003    0.00237282   -0.00227743   -0.00000002    0.00000002    0.00000002    0.00000002    0.00000002   -0.00000001   -0.00000002    0.00000002   -0.00000002   -0.00000002    0.00000001   -0.00000000   -0.00000001    0.00000001   -0.00000001    0.00000001    0.00000000    0.00000000   -0.00186863    0.00171959   -0.00000000    0.00000002    0.00119435    0.00127755   -0.00000001    0.00000001   -0.00000002    0.00000001   -0.00000000    0.00000001   -0.00000001    0.00000001    0.00000002   -0.00000002    0.00050050    0.00053749
 -0.00000000   -0.00000000    0.00000000   -0.00000000    0.00000001    0.00000000   -0.00000004    0.00000010    0.00000008   -0.00000008   -0.00000007   -0.00000003    0.00706122   -0.00756863    0.00000007    0.00000007   -0.00000004   -0.00000004   -0.00000000    0.00000002   -0.00000001    0.00000000    0.00000000    0.00000001   -0.03233814    0.03500166   -0.00000003   -0.00000000    0.00000007    0.00000011    0.00000002   -0.00000010   -0.00000011    0.00000001    0.00000017    0.00000007   -0.00000009   -0.00000012   -0.00000020   -0.00000009    0.00000011   -0.00000012    0.00000005    0.71301375    0.00000032    0.69927744    0.00000107   -0.00000020   -0.00000007    0.00000003   -0.01065851   -0.00722422   -0.00000002   -0.00000001   -0.00491761   -0.00579563    0.00000010   -0.00000009   -0.00237284   -0.00227745    0.00000001    0.00000000   -0.00000001   -0.00000000   -0.00000000    0.00000000    0.00000000    0.00000001    0.00000000   -0.00000001    0.00000003   -0.00000005    0.00000004    0.00000003   -0.00000001   -0.00000000    0.00000000   -0.00000001    0.00186864    0.00171961   -0.00000009    0.00000010   -0.00119405    0.00127784    0.00000002    0.00000002   -0.00000005   -0.00000004   -0.00000001   -0.00000001    0.00000002    0.00000002   -0.00000001   -0.00000000   -0.00050050    0.00053750
 -0.00000004    0.00000003   -0.00127059   -0.00129068   -0.00000005   -0.00000008   -0.02219683   -0.02188958    0.00000002   -0.00000001    0.00000004   -0.00000004   -0.00000010   -0.00000011    0.00000012   -0.00000007    0.04384404   -0.04557140    0.00000003   -0.00000002    0.00000000    0.01210188   -0.00000002    0.02253128   -0.00000001   -0.00000001   -0.01843297    0.02834809    0.00000003    0.00000000   -0.00000000    0.00000003   -0.00000021    0.00000016    0.00000068    0.07327044   -0.02377898    0.00168375    0.00000001   -0.00726637   -0.00000020    0.00000020    0.11168280   -0.00000009    0.00000003   -0.00000012   -0.00000082   -0.50725425   -0.71535822   -0.45290268    0.00000001    0.00000002    0.00000003   -0.00000002   -0.00000006    0.00000006   -0.00000008   -0.00000009   -0.00000002    0.00000003   -0.00000000   -0.00000000    0.00000000   -0.00000002    0.00071953    0.00226882    0.00456750   -0.00000002    0.00000000    0.01981766    0.00000001   -0.00000002    0.00000001   -0.00000002    0.00000000   -0.00000000    0.00002773    0.01265818    0.00000005   -0.00000001    0.00000003    0.00000003   -0.00000000   -0.00000001    0.00087606   -0.00289955    0.00000004   -0.00000004    0.00000002    0.00000000    0.00140486    0.00023413    0.00075544    0.00304330   -0.00000000   -0.00000000
 -0.00000006   -0.00000004   -0.00127029    0.00129100   -0.00000007    0.00000009    0.02219668   -0.02188973   -0.00000014    0.00000019    0.00000027    0.00000026    0.00000004   -0.00000004    0.00000009    0.00000013   -0.04384409   -0.04557150   -0.00000006   -0.00000004   -0.00000001   -0.01210193   -0.00000000    0.02253136    0.00000001   -0.00000002    0.01843293    0.02834814   -0.00000004   -0.00000008    0.00000010    0.00000006    0.00000006   -0.00000045   -0.00000050   -0.07327034   -0.02377875   -0.00168375    0.00000053    0.00726716   -0.00000007    0.00000048    0.11168240    0.00000003   -0.00000018   -0.00000009   -0.00000150   -0.50725437    0.71535839   -0.45290238   -0.00000011   -0.00000011   -0.00000001    0.00000001   -0.00000007   -0.00000004   -0.00000002    0.00000001    0.00000001    0.00000001   -0.00000002   -0.00000002    0.00000002   -0.00000003   -0.00071939   -0.00226883    0.00456754   -0.00000001   -0.00000002    0.01981778    0.00000011   -0.00000002    0.00000001   -0.00000001   -0.00000001   -0.00000001   -0.00002773    0.01265819    0.00000006   -0.00000000    0.00000001   -0.00000002    0.00000000   -0.00000001   -0.00087611   -0.00289964   -0.00000005   -0.00000003    0.00000001   -0.00000002   -0.00140487    0.00023412   -0.00075545    0.00304331   -0.00000001    0.00000000
  0.00000000   -0.00000000   -0.00000000   -0.00000000    0.00000003    0.00000003    0.00000005    0.00000005    0.00000010    0.00000010    0.00000004   -0.00000003   -0.00757068   -0.00765560   -0.00000002   -0.00000004   -0.00000000    0.00000002   -0.00000002   -0.00000000   -0.00000002    0.00000001   -0.00000001    0.00000000    0.01177790    0.01378361   -0.00000001    0.00000001   -0.00000001   -0.00000002    0.00000004    0.00000000    0.00000003   -0.00000004    0.00000000    0.00000004   -0.00000001   -0.00000001    0.00000012   -0.00000002   -0.00000001   -0.00000011    0.00000004    0.01609737    0.00000004    0.01063216    0.00000012   -0.00000016    0.00000013    0.00000003    0.72322061    0.68488955   -0.00000022    0.00000003    0.03267377   -0.05495816    0.00000006   -0.00000006   -0.03370294    0.04266269    0.00000001    0.00000003    0.00000001    0.00000003    0.00000000   -0.00000002   -0.00000003    0.00000001   -0.00000001    0.00000000   -0.00000001   -0.00000002    0.00000000    0.00000001   -0.00000003    0.00000003    0.00000001   -0.00000000   -0.00179281    0.00258132    0.00000003    0.00000003   -0.00010794   -0.00020879    0.00000005   -0.00000005   -0.00000002    0.00000002   -0.00000001    0.00000001    0.00000006   -0.00000006   -0.00000000   -0.00000000   -0.00176558   -0.00210657
  0.00000001    0.00000001   -0.00000001    0.00000001    0.00000001   -0.00000002   -0.00000009    0.00000009    0.00000012   -0.00000014   -0.00000004   -0.00000006    0.00757071   -0.00765576    0.00000010    0.00000010   -0.00000006   -0.00000007    0.00000001   -0.00000000   -0.00000002   -0.00000001    0.00000002    0.00000002   -0.01177787    0.01378358   -0.00000002   -0.00000001    0.00000005    0.00000009    0.00000005   -0.00000008   -0.00000007    0.00000007    0.00000013    0.00000004   -0.00000001   -0.00000002   -0.00000005    0.00000002   -0.00000005   -0.00000013   -0.00000004   -0.01609727   -0.00000007    0.01063205   -0.00000026    0.00000006    0.00000000   -0.00000006   -0.72322074    0.68488941   -0.00000033   -0.00000024   -0.03267044   -0.05496016    0.00000023   -0.00000012    0.03370293    0.04266270    0.00000004    0.00000003   -0.00000000    0.00000002    0.00000006   -0.00000002    0.00000002    0.00000001   -0.00000000    0.00000004    0.00000003   -0.00000005    0.00000007    0.00000006   -0.00000002   -0.00000001   -0.00000001   -0.00000002    0.00179281    0.00258130   -0.00000009    0.00000010    0.00010786   -0.00020878   -0.00000000   -0.00000000   -0.00000005   -0.00000004   -0.00000000   -0.00000001   -0.00000000   -0.00000000    0.00000002    0.00000003    0.00176558   -0.00210658
 -0.00000002   -0.00000002    0.00000002   -0.00000002   -0.00000005    0.00000006   -0.00000001   -0.00000005    0.00154863   -0.00182001   -0.00000002   -0.00000000    0.00000001    0.00000004   -0.00000015   -0.00000009    0.00000005    0.00000006    0.00000002   -0.01046236   -0.00000001   -0.00000003    0.01108849    0.00000001   -0.00000000    0.00000001   -0.00000000   -0.00000001   -0.00000005   -0.00000001   -0.01215338    0.00000001    0.00000004   -0.01590569   -0.00000007    0.00000003    0.00000011    0.00000013   -0.00000004    0.00000007    0.00713098   -0.00000001    0.00000003   -0.00000003    0.00934691    0.00000002    0.00000013   -0.00000008   -0.00000003    0.00000007   -0.00000008   -0.00000017   -0.70682894    0.70669024    0.00000005    0.00000012    0.00000001   -0.00000006    0.00000002    0.00000004   -0.00000024   -0.00841120    0.00937202   -0.00000001    0.00000007   -0.00000004    0.00000005    0.00400337    0.00545955    0.00000006   -0.00000002    0.00000003   -0.00000002    0.00000002    0.00040747   -0.00034300   -0.00000003   -0.00000002    0.00000001    0.00000001   -0.00000000    0.00000001   -0.00000000    0.00000001   -0.00000009   -0.00000009   -0.00000001   -0.00000001    0.00003518    0.00012970   -0.00000008   -0.00000008    0.00000003    0.00000003    0.00000001   -0.00000001
  0.00000000   -0.00000000    0.00000000    0.00000000    0.00000003    0.00000003   -0.00000001    0.00000001   -0.00154856   -0.00181991   -0.00000000    0.00000000   -0.00000003   -0.00000004    0.00000006   -0.00000009    0.00000002   -0.00000002   -0.00000002    0.01046235   -0.00000001   -0.00000002    0.01108847   -0.00000002   -0.00000001   -0.00000001   -0.00000000   -0.00000001    0.00000002    0.00000001    0.01215337   -0.00000002    0.00000000   -0.01590567    0.00000001    0.00000014   -0.00000012    0.00000009    0.00000005    0.00000007   -0.00713110   -0.00000003    0.00000010    0.00000001    0.00934702    0.00000002    0.00000006    0.00000002    0.00000002    0.00000002   -0.00000019    0.00000042    0.70682317    0.70669601   -0.00000003    0.00000028   -0.00000031   -0.00000030   -0.00000002    0.00000000    0.00000023    0.00841116    0.00937199    0.00000001   -0.00000001   -0.00000002   -0.00000002   -0.00400336    0.00545950    0.00000001   -0.00000003   -0.00000002    0.00000003   -0.00000003   -0.00040741   -0.00034311    0.00000002   -0.00000002   -0.00000000    0.00000000    0.00000005    0.00000005   -0.00000001   -0.00000002    0.00000000    0.00000000    0.00000001   -0.00000000   -0.00003518    0.00012970   -0.00000001    0.00000001   -0.00000003    0.00000004    0.00000001    0.00000001
  0.00000000   -0.00000000    0.00000000    0.00000000    0.00000004    0.00000005   -0.00000005   -0.00000005    0.00000003    0.00000004    0.00000002    0.00000000   -0.00159948   -0.00183131    0.00000002   -0.00000003    0.00000003   -0.00000003   -0.00000001    0.00000000   -0.00000001   -0.00000002    0.00000000   -0.00000001    0.01095937    0.01222349    0.00000000   -0.00000000   -0.00000001   -0.00000000   -0.00000005    0.00000002    0.00000005    0.00000005    0.00000004   -0.00000004   -0.00000003    0.00000004    0.00000005    0.00000005   -0.00000001   -0.00000003    0.00000001   -0.00707285    0.00000002   -0.01029924    0.00000001    0.00000010   -0.00000006   -0.00000002    0.03414956   -0.06071136    0.00000007    0.00000023   -0.70601072   -0.70413915    0.00000063    0.00000029   -0.01320947    0.01624090    0.00000004    0.00000001   -0.00000002   -0.00000001    0.00000001    0.00000000   -0.00000001    0.00000002   -0.00000003   -0.00000004    0.00000004    0.00000004    0.00000000    0.00000001    0.00000002   -0.00000001   -0.00000001    0.00000001   -0.00226803    0.00299458   -0.00000002   -0.00000003    0.00026262   -0.00020270   -0.00000006    0.00000005   -0.00000001   -0.00000000    0.00000000   -0.00000001   -0.00000005    0.00000005    0.00000001   -0.00000001   -0.00060861   -0.00068975
 -0.00000002   -0.00000002    0.00000002   -0.00000002   -0.00000007    0.00000010   -0.00000003    0.00000000    0.00000005   -0.00000000   -0.00000011   -0.00000006   -0.00159962    0.00183146   -0.00000010   -0.00000011    0.00000001    0.00000005    0.00000001    0.00000001   -0.00000001   -0.00000002   -0.00000002    0.00000002    0.01095934   -0.01222347   -0.00000000   -0.00000001   -0.00000002    0.00000002   -0.00000001   -0.00000003    0.00000006   -0.00000002   -0.00000004   -0.00000002    0.00000006    0.00000006   -0.00000007    0.00000007    0.00000001   -0.00000010   -0.00000005   -0.00707284    0.00000002    0.01029924    0.00000006   -0.00000003    0.00000006    0.00000011    0.03414954    0.06071135   -0.00000015   -0.00000020   -0.70605370    0.70409606   -0.00000067    0.00000042   -0.01320946   -0.01624093   -0.00000004   -0.00000001    0.00000000   -0.00000000    0.00000000    0.00000002   -0.00000003   -0.00000002   -0.00000003    0.00000001   -0.00000002    0.00000002    0.00000003    0.00000002   -0.00000001   -0.00000001    0.00000000    0.00000001   -0.00226806   -0.00299461   -0.00000002    0.00000001    0.00026266    0.00020266   -0.00000001   -0.00000002    0.00000001    0.00000001   -0.00000000   -0.00000001   -0.00000002   -0.00000001    0.00000001    0.00000000   -0.00060862    0.00068976
 -0.00025413    0.00026816   -0.00000003   -0.00000003    0.00702823    0.00698426   -0.00000001   -0.00000002   -0.00000004   -0.00000004   -0.00107002    0.00054491   -0.00000005   -0.00000003    0.01490104   -0.01654646   -0.00000003    0.00000001    0.00049306   -0.00000001   -0.00016457    0.00000002   -0.00000001    0.00000003    0.00000001    0.00000002   -0.00000002   -0.00000004   -0.03381137   -0.00239421    0.00000006    0.01475280    0.00355110   -0.00000004   -0.00998220    0.00000012   -0.00000002    0.00000001   -0.00890762   -0.00000002    0.00000002   -0.00989304   -0.00000014    0.00000015   -0.00000006    0.00000020   -0.10533608    0.00000018   -0.00000006    0.00000005   -0.00000011    0.00000017   -0.00000005    0.00000004    0.00000036   -0.00000073   -0.70814903    0.69559005    0.00000002   -0.00000004   -0.01512305    0.00000039   -0.00000004    0.01409930   -0.00000014    0.00000001    0.00000004    0.00000001   -0.00000003    0.00000017   -0.00551425   -0.01662719    0.00524387   -0.02358561   -0.00000003    0.00000002    0.00000007   -0.00000006   -0.00000003    0.00000003    0.00042357    0.00272108   -0.00000000   -0.00000001    0.00000011   -0.00000010   -0.00046615    0.00242573   -0.00000001    0.00000001    0.00000012   -0.00000012   -0.00000006    0.00000005    0.00000002    0.00000002
 -0.00025404   -0.00026815   -0.00000002    0.00000002   -0.00702823    0.00698429   -0.00000010    0.00000011   -0.00000010    0.00000007    0.00107005    0.00054493    0.00000012   -0.00000008   -0.01490107   -0.01654656   -0.00000002   -0.00000002   -0.00049304   -0.00000000   -0.00016460    0.00000002    0.00000001   -0.00000001    0.00000001   -0.00000002    0.00000002    0.00000002    0.03381136    0.00239424   -0.00000001    0.01475278    0.00355110   -0.00000004    0.00998219   -0.00000013   -0.00000015   -0.00000012    0.00890757   -0.00000007   -0.00000006   -0.00989310   -0.00000005    0.00000009   -0.00000007    0.00000006   -0.10533609    0.00000018   -0.00000014   -0.00000008    0.00000006   -0.00000002    0.00000027    0.00000034    0.00000033    0.00000059    0.70814990    0.69558917   -0.00000004   -0.00000005    0.01512298   -0.00000040   -0.00000005    0.01409927    0.00000008   -0.00000007    0.00000009   -0.00000003   -0.00000001    0.00000007    0.00551413   -0.01662711   -0.00524378   -0.02358548    0.00000000    0.00000001   -0.00000001   -0.00000002    0.00000000    0.00000000   -0.00042353    0.00272106   -0.00000000   -0.00000003   -0.00000004   -0.00000005    0.00046615    0.00242573    0.00000002    0.00000002   -0.00000002   -0.00000002    0.00000001    0.00000001    0.00000000   -0.00000000
  0.00000001    0.00000001   -0.00000001    0.00000001    0.00000006   -0.00000009    0.00000004   -0.00000003   -0.00000010    0.00000006    0.00000011    0.00000004   -0.00422911    0.00423955    0.00000003    0.00000002    0.00000002   -0.00000000   -0.00000001   -0.00000001    0.00000001    0.00000001    0.00000001   -0.00000002    0.00570242   -0.00663450    0.00000001   -0.00000001    0.00000000   -0.00000003   -0.00000001    0.00000003   -0.00000002   -0.00000001    0.00000000   -0.00000002   -0.00000004   -0.00000003    0.00000004   -0.00000004   -0.00000000    0.00000004    0.00000005    0.00662603    0.00000000   -0.00471132    0.00000001   -0.00000001   -0.00000002   -0.00000002    0.05441684    0.06402326   -0.00000001    0.00000003   -0.01235254   -0.02340406    0.00000006   -0.00000003    0.71117758   -0.69732190   -0.00000051   -0.00000049    0.00000012   -0.00000024    0.00000015   -0.00000014    0.00000020   -0.00000001   -0.00000002    0.00000007    0.00000005    0.00000000   -0.00000003   -0.00000001    0.00000002    0.00000001   -0.00000002   -0.00000003   -0.00204416   -0.00346090    0.00000007   -0.00000006   -0.00047792    0.00059149   -0.00000004   -0.00000003    0.00000001    0.00000002    0.00000000   -0.00000001   -0.00000002   -0.00000001    0.00000000    0.00000001   -0.00213381    0.00288725
  0.00000000   -0.00000000    0.00000001    0.00000001    0.00000001    0.00000002   -0.00000003   -0.00000004    0.00000000   -0.00000003    0.00000002   -0.00000002    0.00422921    0.00423965    0.00000002    0.00000003    0.00000002   -0.00000003    0.00000000    0.00000000    0.00000001   -0.00000001    0.00000001   -0.00000001   -0.00570241   -0.00663449   -0.00000001    0.00000001   -0.00000001   -0.00000001   -0.00000002   -0.00000001    0.00000003    0.00000003    0.00000004   -0.00000002   -0.00000001    0.00000001   -0.00000000    0.00000002   -0.00000000    0.00000000    0.00000001   -0.00662604   -0.00000001   -0.00471135   -0.00000002    0.00000003    0.00000001   -0.00000005   -0.05441685    0.06402326   -0.00000005    0.00000000    0.01235399   -0.02340329    0.00000001   -0.00000007   -0.71117738   -0.69732209   -0.00000023   -0.00000057    0.00000005   -0.00000017   -0.00000014    0.00000009    0.00000010   -0.00000002    0.00000003    0.00000003    0.00000003    0.00000006    0.00000001   -0.00000003    0.00000004   -0.00000003   -0.00000002    0.00000000    0.00204424   -0.00346093   -0.00000004   -0.00000003    0.00047807    0.00059138   -0.00000005    0.00000004    0.00000001   -0.00000001    0.00000001   -0.00000001    0.00000000   -0.00000000   -0.00000003    0.00000002    0.00213380    0.00288725
  0.00000000   -0.00000000    0.00000000    0.00000001   -0.00000001   -0.00000002    0.00000003    0.00000003    0.00500464    0.00502741    0.00000000   -0.00000003   -0.00000001   -0.00000000    0.00000004   -0.00000006   -0.00000000   -0.00000000   -0.00000000   -0.00691689   -0.00000000   -0.00000001   -0.00733412   -0.00000001   -0.00000000   -0.00000000    0.00000000   -0.00000000    0.00000001   -0.00000002   -0.01947933    0.00000002    0.00000001    0.02194131    0.00000002   -0.00000010   -0.00000003    0.00000005   -0.00000000   -0.00000000   -0.00991624    0.00000002    0.00000007   -0.00000001    0.01025755   -0.00000001    0.00000001   -0.00000001    0.00000002    0.00000000   -0.00000000    0.00000001   -0.00950529    0.01145534    0.00000001    0.00000001   -0.00000006   -0.00000005   -0.00000001   -0.00000062    0.00002111    0.71058918   -0.70200069    0.00000041   -0.00000053    0.00000018    0.00000018    0.01264944   -0.02474268    0.00000013    0.00000011    0.00000010   -0.00000002    0.00000003   -0.00235421    0.00251194    0.00000002   -0.00000001    0.00000000   -0.00000000   -0.00000004   -0.00000004   -0.00000000    0.00000000    0.00000003   -0.00000003    0.00000000   -0.00000000   -0.00388030    0.00458247   -0.00000010   -0.00000003   -0.00000001    0.00000002    0.00000000   -0.00000000
  0.00000001    0.00000001   -0.00000001    0.00000001    0.00000003   -0.00000003    0.00000007   -0.00000000    0.00500457   -0.00502744    0.00000003    0.00000002   -0.00000005   -0.00000001    0.00000006    0.00000002   -0.00000001   -0.00000001   -0.00000001   -0.00691688   -0.00000000    0.00000001    0.00733413   -0.00000001    0.00000000   -0.00000000    0.00000000    0.00000001    0.00000001   -0.00000003   -0.01947934    0.00000004   -0.00000004   -0.02194131    0.00000003    0.00000007   -0.00000002   -0.00000004    0.00000002   -0.00000005   -0.00991622    0.00000001   -0.00000003    0.00000003   -0.01025754   -0.00000002   -0.00000003    0.00000001   -0.00000000   -0.00000001   -0.00000001   -0.00000001   -0.00950517   -0.01145539   -0.00000001   -0.00000002   -0.00000005    0.00000006   -0.00000007   -0.00000046    0.00002127    0.71058953    0.70200033   -0.00000029    0.00000025    0.00000003   -0.00000008    0.01264947    0.02474266   -0.00000006    0.00000004   -0.00000008    0.00000001   -0.00000001   -0.00235331   -0.00251273    0.00000002    0.00000001   -0.00000002   -0.00000004   -0.00000003    0.00000003    0.00000001   -0.00000000    0.00000004    0.00000004   -0.00000002    0.00000001   -0.00388029   -0.00458249    0.00000009    0.00000004   -0.00000001   -0.00000000   -0.00000000   -0.00000001
 -0.00010151    0.00010133   -0.00000001   -0.00000001    0.00099936    0.00089837   -0.00000003   -0.00000002    0.00000008    0.00000005   -0.00522260    0.00535743   -0.00000002    0.00000000    0.00068035   -0.00060992    0.00000001   -0.00000002    0.00289975   -0.00000000    0.00343400    0.00000000   -0.00000000    0.00000001    0.00000000    0.00000000    0.00000001    0.00000000    0.00799511   -0.02294307   -0.00000003   -0.02502880    0.00778461   -0.00000000    0.00429228   -0.00000003   -0.00000002    0.00000003    0.00096102   -0.00000001   -0.00000002   -0.00221137   -0.00000001    0.00000001    0.00000001   -0.00000000    0.00028005    0.00000001   -0.00000002    0.00000002   -0.00000002    0.00000001    0.00000000    0.00000001    0.00000002   -0.00000001    0.01653566    0.01839278   -0.00000017    0.00000059   -0.71090149    0.00002125   -0.00000026   -0.69820314    0.00000034   -0.00000013   -0.00000021    0.00000010   -0.00000006   -0.00000034    0.04329163    0.05591569    0.00115027    0.01114943    0.00000001   -0.00000000   -0.00000006    0.00000004   -0.00000002    0.00000001    0.00272660    0.00232261    0.00000002    0.00000002   -0.00000008    0.00000009    0.00015867    0.00004301    0.00000001   -0.00000001   -0.00000007    0.00000007    0.00000002   -0.00000002    0.00000001    0.00000001
  0.00010150    0.00010134   -0.00000000    0.00000000    0.00099936   -0.00089841    0.00000005   -0.00000005   -0.00000002   -0.00000004   -0.00522257   -0.00535748   -0.00000006    0.00000004    0.00068036    0.00060990    0.00000001    0.00000001    0.00289975   -0.00000001   -0.00343401   -0.00000000    0.00000002   -0.00000000   -0.00000000    0.00000000    0.00000001    0.00000000    0.00799512   -0.02294301    0.00000009    0.02502878   -0.00778461    0.00000004    0.00429228   -0.00000005    0.00000002    0.00000002    0.00096099    0.00000002   -0.00000001    0.00221132   -0.00000002    0.00000002   -0.00000001   -0.00000002   -0.00028007    0.00000000   -0.00000001   -0.00000002   -0.00000002   -0.00000002   -0.00000003   -0.00000001   -0.00000002   -0.00000001    0.01653568   -0.01839285   -0.00000011    0.00000017   -0.71090172    0.00002114    0.00000042    0.69820292   -0.00000000    0.00000005   -0.00000005    0.00000008    0.00000010   -0.00000005    0.04329139   -0.05591562    0.00115028   -0.01114937   -0.00000002   -0.00000003    0.00000001    0.00000002   -0.00000002   -0.00000002    0.00272663   -0.00232264    0.00000002    0.00000002   -0.00000001   -0.00000001    0.00015873   -0.00004296   -0.00000001    0.00000001   -0.00000002   -0.00000002    0.00000001    0.00000000    0.00000001   -0.00000000
 -0.00000000   -0.00000001    0.00047801   -0.00050668   -0.00000019    0.00000016   -0.01451370    0.01403109   -0.00000024    0.00000016    0.00000031    0.00000029   -0.00000003   -0.00000001   -0.00000008   -0.00000014    0.03720467    0.03748600    0.00000006    0.00000002    0.00000002    0.00623117    0.00000001   -0.01189774    0.00000001   -0.00000001   -0.00524382   -0.01457955   -0.00000001   -0.00000011   -0.00000022    0.00000008   -0.00000022    0.00000026    0.00000053    0.06242223    0.00272212   -0.01136265   -0.00000002   -0.01955333    0.00000011    0.00000006   -0.02634135    0.00000003    0.00000004   -0.00000001    0.00000025    0.07976776   -0.01067973   -0.16720730    0.00000002   -0.00000001    0.00000000    0.00000002    0.00000001    0.00000004   -0.00000016    0.00000013   -0.00000014   -0.00000006    0.00000025    0.00000019   -0.00000052    0.00000029    0.70991966   -0.07600301   -0.09391615    0.00000017    0.00000027   -0.65366541   -0.00000179   -0.00000051   -0.00000009    0.00000000   -0.00000002   -0.00000002   -0.00901854   -0.10038607   -0.00000043   -0.00000001    0.00000001   -0.00000001    0.00000004   -0.00000000    0.00178825    0.01537952   -0.00000006   -0.00000004    0.00000002   -0.00000011   -0.00173415   -0.01049972   -0.00406278   -0.02117575    0.00000001   -0.00000001
  0.00000004   -0.00000003    0.00047816    0.00050659   -0.00000014   -0.00000013    0.01451389    0.01403113    0.00000009    0.00000012    0.00000007   -0.00000006    0.00000000   -0.00000000   -0.00000011    0.00000005   -0.03720464    0.03748595   -0.00000001   -0.00000003    0.00000002   -0.00623118   -0.00000003   -0.01189774   -0.00000001   -0.00000001    0.00524381   -0.01457953   -0.00000002   -0.00000001    0.00000017   -0.00000005    0.00000018   -0.00000034   -0.00000057   -0.06242220    0.00272209    0.01136261   -0.00000001    0.01955322   -0.00000012    0.00000002   -0.02634138    0.00000001    0.00000007    0.00000002    0.00000014    0.07976765    0.01067993   -0.16720738   -0.00000002    0.00000006   -0.00000007    0.00000007   -0.00000000    0.00000003    0.00000008    0.00000006    0.00000018   -0.00000006   -0.00000011   -0.00000012    0.00000028   -0.00000011   -0.70991971    0.07600283   -0.09391582    0.00000027    0.00000050   -0.65366540   -0.00000225   -0.00000090    0.00000000   -0.00000013    0.00000002   -0.00000001    0.00901864   -0.10038612   -0.00000036    0.00000002    0.00000010    0.00000011   -0.00000004   -0.00000003   -0.00178824    0.01537937   -0.00000002    0.00000001    0.00000007   -0.00000007    0.00173421   -0.01049978    0.00406276   -0.02117571   -0.00000001   -0.00000001
  0.00000001   -0.00000001    0.00036929    0.00036611   -0.00000011   -0.00000010    0.00247753    0.00248037    0.00000006    0.00000006    0.00000005   -0.00000002   -0.00000002    0.00000001   -0.00000001    0.00000003   -0.00074595    0.00191722    0.00000001   -0.00000002    0.00000001    0.00386333   -0.00000002    0.00370710   -0.00000000   -0.00000000    0.00742997   -0.00743737   -0.00000001   -0.00000002    0.00000006   -0.00000002   -0.00000002   -0.00000005    0.00000002    0.00447809    0.00244445   -0.00317234    0.00000001    0.00193797   -0.00000006    0.00000002    0.00539774    0.00000000    0.00000004   -0.00000000   -0.00000005   -0.00586897    0.00567695   -0.00061899   -0.00000002    0.00000001   -0.00000004    0.00000003    0.00000002   -0.00000003    0.00000006    0.00000007    0.00000015   -0.00000017    0.00000004   -0.00000004   -0.00000009   -0.00000005    0.07731932    0.70464263   -0.69832340   -0.00000025    0.00000005    0.09762173   -0.00000057   -0.00000046    0.00000011   -0.00000014   -0.00000003    0.00000003    0.00441005   -0.00002140    0.00000002   -0.00000002    0.00000011    0.00000011   -0.00000002   -0.00000003   -0.00092260    0.00105759    0.00000003   -0.00000003    0.00000004   -0.00000004   -0.00031292    0.00042332   -0.00024662    0.00106564   -0.00000000   -0.00000000
 -0.00000001   -0.00000002    0.00036920   -0.00036620   -0.00000010    0.00000010   -0.00247741    0.00248034   -0.00000011    0.00000009    0.00000012    0.00000013   -0.00000012    0.00000005   -0.00000009   -0.00000013    0.00074597    0.00191722    0.00000001    0.00000000   -0.00000000   -0.00386335   -0.00000000    0.00370711   -0.00000001    0.00000001   -0.00742997   -0.00743739   -0.00000002   -0.00000005   -0.00000001    0.00000004    0.00000001   -0.00000004   -0.00000006   -0.00447804    0.00244452    0.00317244    0.00000003   -0.00193792    0.00000003    0.00000006    0.00539773    0.00000002    0.00000002   -0.00000001    0.00000003   -0.00586896   -0.00567693   -0.00061900   -0.00000003   -0.00000002   -0.00000003   -0.00000001    0.00000001   -0.00000001   -0.00000000    0.00000001   -0.00000005   -0.00000012    0.00000013    0.00000015   -0.00000014    0.00000014   -0.07731967   -0.70464296   -0.69832301   -0.00000057   -0.00000017    0.09762186    0.00000008    0.00000007    0.00000001    0.00000002   -0.00000001   -0.00000002   -0.00440992   -0.00002129   -0.00000006   -0.00000002    0.00000004   -0.00000004    0.00000000   -0.00000000    0.00092261    0.00105762   -0.00000004   -0.00000005   -0.00000002   -0.00000000    0.00031295    0.00042335    0.00024661    0.00106562    0.00000001   -0.00000000
 -0.00000001   -0.00000001    0.00000001   -0.00000001    0.00000001    0.00000003    0.00000003   -0.00000001    0.00335545   -0.00334616   -0.00000005    0.00000000    0.00000003   -0.00000001   -0.00000008   -0.00000005    0.00000002    0.00000003    0.00000001   -0.00957193   -0.00000001   -0.00000001    0.01039256    0.00000000   -0.00000000    0.00000000   -0.00000001   -0.00000000   -0.00000001    0.00000000   -0.00688172   -0.00000000    0.00000002   -0.00858699   -0.00000003    0.00000003    0.00000005    0.00000005   -0.00000003    0.00000004    0.00471361   -0.00000001    0.00000001   -0.00000002    0.00567055    0.00000002    0.00000002   -0.00000001    0.00000001    0.00000003    0.00000001    0.00000001   -0.00536138   -0.00703511   -0.00000003   -0.00000002   -0.00000002    0.00000002    0.00000003    0.00000001    0.00000034    0.01398653   -0.02696577   -0.00000008    0.00000005    0.00000005    0.00000038   -0.70764981    0.70553119    0.00000013   -0.00000013   -0.00000010    0.00000001    0.00000001    0.00435512    0.00585136   -0.00000001   -0.00000002    0.00000003    0.00000002   -0.00000003    0.00000002   -0.00000002    0.00000002   -0.00000005   -0.00000005    0.00000000   -0.00000001    0.00179195    0.00158615   -0.00000006   -0.00000004    0.00000001    0.00000001   -0.00000000    0.00000001
 -0.00000000    0.00000000   -0.00000000    0.00000000    0.00000002    0.00000001   -0.00000003   -0.00000005    0.00335530    0.00334603   -0.00000003    0.00000000    0.00000003    0.00000000   -0.00000008    0.00000007   -0.00000000    0.00000000    0.00000002   -0.00957194    0.00000001    0.00000000   -0.01039257    0.00000002    0.00000000    0.00000001   -0.00000000    0.00000000   -0.00000001    0.00000001   -0.00688175    0.00000003   -0.00000002    0.00858700   -0.00000001   -0.00000007    0.00000005   -0.00000003   -0.00000003   -0.00000001    0.00471361    0.00000002   -0.00000004    0.00000001   -0.00567054    0.00000001   -0.00000002   -0.00000000   -0.00000001   -0.00000000   -0.00000000    0.00000000   -0.00536148    0.00703509    0.00000003   -0.00000002   -0.00000001   -0.00000002   -0.00000002    0.00000001    0.00000034    0.01398650    0.02696584    0.00000008   -0.00000012    0.00000028    0.00000037   -0.70764868   -0.70553231   -0.00000072    0.00000046    0.00000021   -0.00000019    0.00000015    0.00435715   -0.00584988   -0.00000009    0.00000007    0.00000003   -0.00000001   -0.00000003   -0.00000003    0.00000003    0.00000003   -0.00000003    0.00000002    0.00000001   -0.00000001    0.00179200   -0.00158619    0.00000003    0.00000001    0.00000002   -0.00000002    0.00000002    0.00000001
 -0.00035649   -0.00037106    0.00000003   -0.00000003   -0.00887844    0.00861105    0.00000009   -0.00000009    0.00000009   -0.00000011    0.00012279   -0.00013359   -0.00000010    0.00000016   -0.01646826   -0.01742597    0.00000003    0.00000002   -0.00575737   -0.00000001    0.00589867   -0.00000001    0.00000001    0.00000001   -0.00000002    0.00000001    0.00000001    0.00000002    0.02789367   -0.00148673    0.00000008    0.01467610    0.00232175    0.00000004    0.00696384   -0.00000004    0.00000008    0.00000007   -0.00131572    0.00000009   -0.00000002   -0.01479943   -0.00000010    0.00000004   -0.00000000    0.00000005   -0.06507687    0.00000013    0.00000002    0.00000005    0.00000001   -0.00000003   -0.00000004   -0.00000002   -0.00000006   -0.00000003    0.01022166   -0.03686835   -0.00000002   -0.00000002   -0.04804637    0.00000153   -0.00000013   -0.06384456    0.00000040   -0.00000065    0.00000082   -0.00000022   -0.00000046    0.00000278   -0.70709572   -0.67961072   -0.03716238   -0.15026500   -0.00000003   -0.00000004    0.00000013    0.00000006   -0.00000004    0.00000000    0.00422008    0.00238634   -0.00000001    0.00000001    0.00000006    0.00000004   -0.00113427    0.00313043   -0.00000003   -0.00000001   -0.00000001   -0.00000003    0.00000001   -0.00000000   -0.00000000    0.00000001
  0.00035650   -0.00037098   -0.00000003   -0.00000002   -0.00887841   -0.00861095    0.00000004    0.00000003    0.00000006    0.00000005    0.00012277    0.00013362   -0.00000007   -0.00000007   -0.01646834    0.01742602   -0.00000001    0.00000003   -0.00575736   -0.00000000   -0.00589868    0.00000003    0.00000000    0.00000002    0.00000000    0.00000000    0.00000001    0.00000004    0.02789364   -0.00148675   -0.00000003   -0.01467610   -0.00232169    0.00000000    0.00696392   -0.00000005    0.00000001   -0.00000000   -0.00131578   -0.00000006    0.00000002    0.01479948    0.00000002   -0.00000001    0.00000000   -0.00000001    0.06507684   -0.00000019    0.00000007   -0.00000001   -0.00000005    0.00000004    0.00000003   -0.00000002    0.00000003   -0.00000002    0.01022161    0.03686822    0.00000003   -0.00000001   -0.04804630    0.00000150    0.00000010    0.06384434    0.00000002   -0.00000005    0.00000024   -0.00000009   -0.00000011    0.00000142   -0.70709528    0.67961128   -0.03716211    0.15026472   -0.00000013    0.00000012    0.00000002   -0.00000000   -0.00000003    0.00000002    0.00421995   -0.00238646    0.00000002    0.00000003    0.00000004   -0.00000005   -0.00113421   -0.00313052   -0.00000002    0.00000002    0.00000009   -0.00000009    0.00000002   -0.00000002   -0.00000000   -0.00000001
  0.00027285   -0.00029338    0.00000001    0.00000001   -0.00803318   -0.00777198    0.00000001    0.00000003    0.00000002    0.00000003    0.00192884   -0.00179807    0.00000013    0.00000012   -0.01742372    0.01875089   -0.00000002    0.00000005   -0.00194930    0.00000001   -0.00096055    0.00000002    0.00000001   -0.00000001    0.00000001    0.00000000    0.00000004    0.00000002    0.03359929    0.01077578   -0.00000004   -0.00577820   -0.00487716    0.00000003    0.01004273   -0.00000006    0.00000003   -0.00000003    0.00815563   -0.00000003    0.00000002    0.00943296    0.00000011   -0.00000009    0.00000001   -0.00000012    0.08545355   -0.00000019    0.00000003    0.00000004    0.00000004   -0.00000006    0.00000000    0.00000001    0.00000005   -0.00000001    0.00879249    0.03849263    0.00000000   -0.00000004   -0.00085657    0.00000002   -0.00000002   -0.00171757    0.00000003   -0.00000006    0.00000009   -0.00000004   -0.00000008    0.00000016   -0.04081508   -0.16666929    0.70783414    0.67672223    0.00000004   -0.00000006   -0.00000015    0.00000014    0.00000009   -0.00000008   -0.00521820   -0.01520469    0.00000006    0.00000007   -0.00000003    0.00000002    0.00302102   -0.00950305   -0.00000002    0.00000002   -0.00000005    0.00000003    0.00000000    0.00000000   -0.00000001   -0.00000001
  0.00027283    0.00029343   -0.00000002    0.00000002    0.00803314   -0.00777198    0.00000018   -0.00000019   -0.00000003    0.00000007   -0.00192863   -0.00179787   -0.00000004    0.00000000    0.01742373    0.01875097   -0.00000005   -0.00000006    0.00194932    0.00000000   -0.00096055    0.00000004   -0.00000001   -0.00000003    0.00000001    0.00000000   -0.00000000   -0.00000001   -0.03359929   -0.01077581   -0.00000003   -0.00577819   -0.00487723   -0.00000002   -0.01004265    0.00000013   -0.00000002   -0.00000003   -0.00815563   -0.00000007    0.00000001    0.00943296    0.00000012   -0.00000004    0.00000002   -0.00000008    0.08545354   -0.00000011    0.00000003   -0.00000007   -0.00000003    0.00000002    0.00000005    0.00000001    0.00000002   -0.00000001   -0.00879254    0.03849275   -0.00000004   -0.00000001    0.00085658   -0.00000005    0.00000001   -0.00171752   -0.00000007    0.00000009   -0.00000007    0.00000016    0.00000015    0.00000007    0.04081470   -0.16666897   -0.70783456    0.67672189   -0.00000016   -0.00000011   -0.00000011   -0.00000007   -0.00000004   -0.00000007    0.00521798   -0.01520456    0.00000013    0.00000007   -0.00000002    0.00000001   -0.00302099   -0.00950303   -0.00000001   -0.00000001   -0.00000003   -0.00000002    0.00000003    0.00000002    0.00000000   -0.00000000
  0.00000001   -0.00000001    0.00000001    0.00000001    0.00000005    0.00000005   -0.00000007   -0.00000006   -0.00023867   -0.00011031   -0.00000002    0.00000002   -0.00000003   -0.00000004    0.00000001   -0.00000003    0.00000002   -0.00000003   -0.00000000    0.00354445   -0.00000000   -0.00000001    0.00393879   -0.00000000   -0.00000001   -0.00000001   -0.00000001    0.00000001   -0.00000000    0.00000001    0.00044012    0.00000001    0.00000001   -0.00097866    0.00000001   -0.00000002    0.00000001   -0.00000000    0.00000003   -0.00000002   -0.00512503   -0.00000002    0.00000001    0.00000000    0.00571080    0.00000000    0.00000001    0.00000002    0.00000001   -0.00000002   -0.00000001    0.00000001    0.00029090    0.00018942   -0.00000001    0.00000002   -0.00000001    0.00000000   -0.00000002    0.00000002    0.00000006    0.00273301    0.00332203    0.00000002    0.00000002   -0.00000002   -0.00000002    0.00499359   -0.00654546   -0.00000001   -0.00000003   -0.00000006   -0.00000012    0.00000014    0.70694337    0.70712984    0.00000010   -0.00000006   -0.00000006    0.00000006   -0.00000000   -0.00000000    0.00000003   -0.00000000    0.00000002   -0.00000000   -0.00000005    0.00000005   -0.00312204    0.00375883   -0.00000007   -0.00000003    0.00000000   -0.00000000   -0.00000001   -0.00000001
 -0.00000002   -0.00000001    0.00000001   -0.00000001   -0.00000004    0.00000005    0.00000005   -0.00000009    0.00023869   -0.00011034   -0.00000001    0.00000001   -0.00000009    0.00000013   -0.00000010   -0.00000005    0.00000003    0.00000003    0.00000001   -0.00354430   -0.00000000   -0.00000002    0.00393897    0.00000001   -0.00000001    0.00000002    0.00000001    0.00000001   -0.00000002   -0.00000001   -0.00044007    0.00000000    0.00000002   -0.00097866   -0.00000003    0.00000003    0.00000006    0.00000006   -0.00000002    0.00000006    0.00512482   -0.00000001   -0.00000002    0.00000000    0.00571105   -0.00000001    0.00000004   -0.00000001   -0.00000000    0.00000000   -0.00000003   -0.00000003   -0.00029092    0.00018936   -0.00000002   -0.00000002    0.00000002   -0.00000003   -0.00000003   -0.00000004   -0.00000008   -0.00273291    0.00332221   -0.00000001   -0.00000002   -0.00000003    0.00000002   -0.00499338   -0.00654577   -0.00000002    0.00000012   -0.00000014    0.00000008   -0.00000001   -0.70715578    0.70691742   -0.00000001   -0.00000001   -0.00000010   -0.00000011    0.00000009   -0.00000009   -0.00000003    0.00000001   -0.00000010   -0.00000010    0.00000002    0.00000001    0.00312191    0.00375899   -0.00000015   -0.00000010    0.00000001    0.00000001    0.00000000   -0.00000000
  0.00000003   -0.00000003   -0.00084193   -0.00086359   -0.00000004   -0.00000004   -0.01535779   -0.01496716    0.00000007    0.00000004    0.00000001    0.00000001    0.00000001   -0.00000001    0.00000002    0.00000002    0.02906475   -0.02831009   -0.00000001   -0.00000002   -0.00000003    0.01123825   -0.00000002    0.01663383   -0.00000000   -0.00000000   -0.00997601    0.01678187    0.00000001   -0.00000002    0.00000002    0.00000000   -0.00000011    0.00000007    0.00000031    0.03614156   -0.00433060   -0.00417694    0.00000008   -0.00278258   -0.00000004   -0.00000005    0.02367176   -0.00000001    0.00000001   -0.00000001   -0.00000007   -0.03914787   -0.01003661    0.09397322   -0.00000002    0.00000001   -0.00000003    0.00000002    0.00000000   -0.00000001    0.00000002    0.00000003    0.00000003   -0.00000005    0.00000003   -0.00000000   -0.00000004    0.00000001    0.01557366   -0.00723119   -0.02170539    0.00000002    0.00000008   -0.14868210   -0.00000034   -0.00000009   -0.00000010    0.00000011   -0.00000003   -0.00000002    0.70983332    0.67514782    0.00000251   -0.00000033    0.00000022    0.00000020   -0.00000013   -0.00000015    0.00925753   -0.03870687   -0.00000003    0.00000004   -0.00000002    0.00000009    0.00403139    0.01009879    0.00011887    0.02170535   -0.00000002   -0.00000002
 -0.00000001   -0.00000002    0.00084174   -0.00086382    0.00000009   -0.00000013   -0.01535773    0.01496725    0.00000005   -0.00000013   -0.00000015   -0.00000019   -0.00000008    0.00000007    0.00000005    0.00000003    0.02906472    0.02831010    0.00000001    0.00000001    0.00000004    0.01123824    0.00000002   -0.01663383   -0.00000001    0.00000001   -0.00997597   -0.01678189    0.00000006    0.00000006   -0.00000004   -0.00000003   -0.00000004    0.00000025    0.00000026    0.03614159    0.00433054   -0.00417702   -0.00000006   -0.00278268   -0.00000000   -0.00000004   -0.02367177    0.00000000    0.00000001    0.00000001    0.00000009    0.03914788   -0.01003659   -0.09397323    0.00000001   -0.00000002   -0.00000003   -0.00000001   -0.00000001   -0.00000000    0.00000006   -0.00000008   -0.00000002    0.00000001   -0.00000006   -0.00000002    0.00000002   -0.00000006    0.01557370   -0.00723126    0.02170553   -0.00000013   -0.00000017    0.14868217    0.00000051    0.00000016    0.00000014    0.00000019   -0.00000008   -0.00000008    0.70983341   -0.67514771   -0.00000246    0.00000020    0.00000002   -0.00000007   -0.00000002    0.00000009    0.00925718    0.03870697    0.00000011    0.00000009    0.00000007    0.00000006    0.00403135   -0.01009883    0.00011893   -0.02170532   -0.00000000    0.00000001
 -0.00000002   -0.00000002    0.00000001   -0.00000002   -0.00000006    0.00000004   -0.00000005   -0.00000007   -0.00000002   -0.00000000    0.00000001   -0.00000005   -0.00382343    0.00381452   -0.00000001    0.00000000   -0.00000001    0.00000000    0.00000001    0.00000000   -0.00000000   -0.00000001   -0.00000001    0.00000001    0.01268847   -0.01406235    0.00000001   -0.00000002   -0.00000000    0.00000001   -0.00000002   -0.00000000   -0.00000000   -0.00000001    0.00000001    0.00000001    0.00000003    0.00000003   -0.00000000    0.00000002    0.00000001   -0.00000003   -0.00000002   -0.00655586    0.00000001    0.00801347   -0.00000000   -0.00000000    0.00000000    0.00000001    0.00387047    0.00416640    0.00000001    0.00000000   -0.00340820   -0.00515876   -0.00000003    0.00000003    0.00257581    0.00510849   -0.00000002   -0.00000001   -0.00000001   -0.00000001    0.00000001   -0.00000004    0.00000001    0.00000002    0.00000002    0.00000001   -0.00000005    0.00000003   -0.00000008   -0.00000009    0.00000007    0.00000006   -0.00000009   -0.00000288    0.70809624   -0.70535075   -0.00000088    0.00000078    0.01226961   -0.01816216    0.00000009    0.00000007   -0.00000013   -0.00000010   -0.00000006   -0.00000005    0.00000000    0.00000003   -0.00000000   -0.00000000    0.00093103   -0.00058602
 -0.00000001    0.00000000   -0.00000000   -0.00000000    0.00000001    0.00000003   -0.00000005   -0.00000001    0.00000002   -0.00000000   -0.00000000    0.00000005   -0.00382347   -0.00381442   -0.00000002   -0.00000003    0.00000001   -0.00000001   -0.00000001   -0.00000001   -0.00000001   -0.00000001   -0.00000000   -0.00000001    0.01268847    0.01406234    0.00000001    0.00000000   -0.00000001    0.00000000    0.00000000   -0.00000000    0.00000001    0.00000000    0.00000001   -0.00000001   -0.00000000    0.00000000    0.00000001    0.00000001   -0.00000000   -0.00000001    0.00000001   -0.00655588    0.00000000   -0.00801348   -0.00000000    0.00000002   -0.00000001   -0.00000001    0.00387046   -0.00416639    0.00000001   -0.00000001   -0.00340854    0.00515859   -0.00000001    0.00000000    0.00257579   -0.00510841   -0.00000003    0.00000003    0.00000003    0.00000002    0.00000005   -0.00000005   -0.00000004    0.00000004   -0.00000001   -0.00000005   -0.00000002   -0.00000002   -0.00000006    0.00000005   -0.00000011    0.00000011    0.00000004   -0.00000233    0.70809615    0.70535085    0.00000004    0.00000025    0.01227401    0.01815930   -0.00000011    0.00000010    0.00000001   -0.00000002    0.00000003   -0.00000004   -0.00000002    0.00000001   -0.00000005    0.00000005    0.00093102    0.00058600
 -0.00010630   -0.00011499    0.00000005   -0.00000004   -0.00192117    0.00185902    0.00000029   -0.00000036    0.00000008   -0.00000007   -0.00003516   -0.00013884   -0.00000014    0.00000020   -0.00439791   -0.00469133   -0.00000001   -0.00000002    0.00502807    0.00000000   -0.00554654    0.00000001    0.00000000    0.00000000   -0.00000002    0.00000002    0.00000003    0.00000003    0.00756123    0.00423707    0.00000003   -0.00022197    0.00337619    0.00000004    0.00000521    0.00000009    0.00000009    0.00000008    0.00550609    0.00000003    0.00000003    0.00290380   -0.00000009    0.00000001    0.00000002    0.00000001   -0.01762520    0.00000008    0.00000003   -0.00000001   -0.00000002   -0.00000003   -0.00000004   -0.00000005   -0.00000003   -0.00000002    0.00135369   -0.00653580   -0.00000004   -0.00000004    0.00440710   -0.00000010   -0.00000003    0.00398584    0.00000009   -0.00000012    0.00000012   -0.00000003   -0.00000003    0.00000012    0.00369936   -0.00016356    0.00696857    0.02100856    0.00000000   -0.00000000   -0.00000020   -0.00000019   -0.00000006   -0.00000015    0.70763530    0.70562852   -0.00000176   -0.00000204    0.00000030    0.00000033    0.00785263    0.01244795   -0.00000008   -0.00000008   -0.00000015   -0.00000018   -0.00000003   -0.00000005    0.00000003   -0.00000003
  0.00010625   -0.00011491   -0.00000007   -0.00000007   -0.00192120   -0.00185902   -0.00000002   -0.00000001   -0.00000002   -0.00000001   -0.00003527    0.00013893   -0.00000015   -0.00000016   -0.00439800    0.00469139    0.00000001   -0.00000001    0.00502811   -0.00000000    0.00554654    0.00000002   -0.00000001    0.00000003    0.00000000    0.00000001   -0.00000000    0.00000001    0.00756125    0.00423707    0.00000003    0.00022197   -0.00337617   -0.00000003    0.00000520   -0.00000001   -0.00000000    0.00000001    0.00550608   -0.00000007    0.00000002   -0.00290375   -0.00000002    0.00000009   -0.00000002    0.00000007    0.01762507   -0.00000005   -0.00000000    0.00000003   -0.00000010    0.00000009   -0.00000001    0.00000001   -0.00000002    0.00000001    0.00135369    0.00653574   -0.00000006    0.00000008    0.00440715   -0.00000010    0.00000003   -0.00398584   -0.00000002    0.00000004    0.00000004   -0.00000003    0.00000003   -0.00000002    0.00369950    0.00016364    0.00696847   -0.02100822    0.00000009   -0.00000008   -0.00000005    0.00000003    0.00000083   -0.00000089    0.70763789   -0.70562595    0.00000619    0.00000661   -0.00000010    0.00000005    0.00785271   -0.01244789   -0.00000009    0.00000008    0.00000003   -0.00000002    0.00000009   -0.00000008    0.00000004    0.00000005
 -0.00000001    0.00000001   -0.00000001   -0.00000001   -0.00000004   -0.00000004    0.00000004    0.00000004   -0.00000001   -0.00000002    0.00000003   -0.00000004    0.00053003    0.00043489   -0.00000006    0.00000007   -0.00000001    0.00000001    0.00000001   -0.00000000    0.00000001    0.00000001   -0.00000000    0.00000001   -0.00383900   -0.00431973    0.00000000   -0.00000000   -0.00000002   -0.00000002    0.00000001   -0.00000001    0.00000001   -0.00000001   -0.00000000    0.00000000    0.00000001   -0.00000001   -0.00000000   -0.00000002   -0.00000000   -0.00000001   -0.00000001    0.00329523    0.00000001    0.00373707   -0.00000001   -0.00000001   -0.00000000    0.00000001    0.00085028   -0.00095520   -0.00000001    0.00000000    0.00023617    0.00020766   -0.00000001   -0.00000002    0.00087877   -0.00128429    0.00000000   -0.00000000   -0.00000001   -0.00000000   -0.00000002    0.00000001    0.00000001   -0.00000002    0.00000002    0.00000002   -0.00000001    0.00000000    0.00000004   -0.00000003   -0.00000004    0.00000000    0.00000004   -0.00000000   -0.01300865    0.01916963    0.00000009   -0.00000037    0.70688351   -0.70690541    0.00000002   -0.00000001   -0.00000001    0.00000001    0.00000002   -0.00000002   -0.00000003    0.00000003    0.00000004   -0.00000004   -0.00061624   -0.00071519
  0.00000001    0.00000001   -0.00000001    0.00000001    0.00000000   -0.00000002    0.00000001    0.00000001   -0.00000009    0.00000007    0.00000007    0.00000003    0.00053007   -0.00043493    0.00000007    0.00000007   -0.00000001   -0.00000003   -0.00000001    0.00000000    0.00000001    0.00000001   -0.00000000   -0.00000001   -0.00383899    0.00431972    0.00000000    0.00000000    0.00000001   -0.00000001   -0.00000003    0.00000000   -0.00000004   -0.00000002    0.00000003    0.00000001   -0.00000002   -0.00000003    0.00000003   -0.00000002    0.00000001    0.00000003    0.00000001    0.00329522    0.00000001   -0.00373707   -0.00000002    0.00000001   -0.00000000   -0.00000001    0.00085031    0.00095523    0.00000002    0.00000001    0.00023621   -0.00020764    0.00000001   -0.00000001    0.00087878    0.00128430    0.00000002   -0.00000000   -0.00000000    0.00000003   -0.00000005    0.00000003   -0.00000003    0.00000003    0.00000003   -0.00000004   -0.00000000    0.00000001    0.00000001    0.00000001   -0.00000002   -0.00000001    0.00000011    0.00000021   -0.01300871   -0.01916969   -0.00000449    0.00000832    0.70705197    0.70673691   -0.00000032   -0.00000019    0.00000003    0.00000003   -0.00000002   -0.00000002   -0.00000006   -0.00000006    0.00000002    0.00000002   -0.00061624    0.00071520
 -0.00000006    0.00000006   -0.00004197   -0.00004485    0.00000015    0.00000015   -0.00140757   -0.00133705   -0.00000011   -0.00000011   -0.00000006    0.00000007   -0.00000008   -0.00000008    0.00000005   -0.00000006    0.00368889   -0.00345966    0.00000000    0.00000004    0.00000001    0.00232175    0.00000005    0.00290682   -0.00000000    0.00000000   -0.00246846    0.00362241    0.00000000    0.00000002   -0.00000015    0.00000002    0.00000000    0.00000017    0.00000008    0.00576876   -0.00048602   -0.00117219   -0.00000000    0.00031473    0.00000006    0.00000002    0.00414831    0.00000001   -0.00000007    0.00000001    0.00000000   -0.00429442   -0.00323254    0.01433132   -0.00000000   -0.00000001    0.00000009   -0.00000009    0.00000001   -0.00000001   -0.00000005   -0.00000004   -0.00000003    0.00000003    0.00000001    0.00000003    0.00000004   -0.00000001    0.00318436   -0.00174809   -0.00368197    0.00000006   -0.00000004   -0.01596146   -0.00000010   -0.00000006    0.00000001   -0.00000000    0.00000010   -0.00000010    0.01077749   -0.04941250   -0.00000011   -0.00000006    0.00000029    0.00000033   -0.00000025   -0.00000026   -0.70707529   -0.70483213    0.00000001   -0.00000001   -0.00000042    0.00000040   -0.00025292    0.00469124   -0.00085790    0.00672594    0.00000000    0.00000000
  0.00000000    0.00000000    0.00004190   -0.00004479   -0.00000023    0.00000024   -0.00140729    0.00133679   -0.00000024    0.00000025    0.00000041    0.00000043    0.00000008   -0.00000007   -0.00000005   -0.00000009    0.00368891    0.00345969    0.00000002   -0.00000000    0.00000000    0.00232175   -0.00000000   -0.00290682    0.00000002   -0.00000002   -0.00246848   -0.00362244   -0.00000006   -0.00000014   -0.00000007    0.00000009   -0.00000013   -0.00000003    0.00000011    0.00576877    0.00048606   -0.00117217    0.00000009    0.00031473    0.00000001    0.00000010   -0.00414834    0.00000001    0.00000002   -0.00000000    0.00000006    0.00429449   -0.00323246   -0.01433128    0.00000005    0.00000005    0.00000000    0.00000000    0.00000005    0.00000006   -0.00000011    0.00000011    0.00000004    0.00000006    0.00000008    0.00000003   -0.00000003    0.00000009    0.00318423   -0.00174804    0.00368193    0.00000003    0.00000002    0.01596130   -0.00000001    0.00000005   -0.00000002   -0.00000005    0.00000001    0.00000001    0.01077749    0.04941244    0.00000009   -0.00000013   -0.00000008    0.00000008   -0.00000005   -0.00000009   -0.70708201    0.70482540   -0.00000053   -0.00000050    0.00000000   -0.00000006   -0.00025302   -0.00469133   -0.00085791   -0.00672595    0.00000001   -0.00000000
  0.00008037    0.00009226   -0.00000005    0.00000005    0.00180778   -0.00171683    0.00000017   -0.00000007    0.00000001    0.00000004    0.00048605    0.00050763   -0.00000009    0.00000004    0.00442605    0.00472696   -0.00000000   -0.00000001   -0.00574371   -0.00000000    0.00643333    0.00000000   -0.00000001   -0.00000000   -0.00000000    0.00000000   -0.00000002   -0.00000000   -0.00890425   -0.00240331    0.00000001   -0.00237803   -0.00254301   -0.00000000   -0.00069030    0.00000003    0.00000003    0.00000002   -0.00633421    0.00000003   -0.00000000   -0.00356183    0.00000002   -0.00000002    0.00000001   -0.00000000    0.01851683   -0.00000001    0.00000005    0.00000002    0.00000001    0.00000003   -0.00000000   -0.00000001   -0.00000000   -0.00000001   -0.00165456    0.00657965    0.00000001    0.00000000   -0.00037805    0.00000002    0.00000001   -0.00059690   -0.00000000   -0.00000003    0.00000003    0.00000001    0.00000000   -0.00000002   -0.00026519   -0.00303188   -0.00475068   -0.01558691    0.00000005    0.00000005    0.00000004    0.00000005   -0.00000001   -0.00000002   -0.00913213    0.01511797   -0.00000010   -0.00000014   -0.00000000    0.00000002    0.70776550   -0.70556244   -0.00000045   -0.00000023   -0.00000133   -0.00000127    0.00000018    0.00000015   -0.00000007    0.00000008
  0.00008038   -0.00009224    0.00000001    0.00000001   -0.00180782   -0.00171692    0.00000002    0.00000006    0.00000002    0.00000001   -0.00048594    0.00050741    0.00000012    0.00000014   -0.00442591    0.00472681   -0.00000002    0.00000002    0.00574372   -0.00000000    0.00643336    0.00000002   -0.00000001    0.00000001    0.00000000   -0.00000000    0.00000003   -0.00000001    0.00890427    0.00240330    0.00000000   -0.00237803   -0.00254299   -0.00000000    0.00069033   -0.00000000    0.00000006   -0.00000005    0.00633419   -0.00000003   -0.00000001   -0.00356182    0.00000003   -0.00000005    0.00000001   -0.00000007    0.01851685   -0.00000003   -0.00000003    0.00000005    0.00000004   -0.00000004    0.00000001   -0.00000001   -0.00000000    0.00000002    0.00165457    0.00657965    0.00000001   -0.00000002    0.00037801   -0.00000001   -0.00000001   -0.00059684   -0.00000004    0.00000005    0.00000006    0.00000000   -0.00000001    0.00000005    0.00026528   -0.00303183    0.00475067   -0.01558688   -0.00000001    0.00000001    0.00000010   -0.00000014   -0.00000012    0.00000011    0.00913215    0.01511794   -0.00000003   -0.00000003    0.00000052   -0.00000050   -0.70776471   -0.70556323   -0.00000001   -0.00000001   -0.00000095    0.00000077    0.00000004    0.00000002   -0.00000005   -0.00000005
 -0.00000001    0.00000001    0.00000000    0.00000000   -0.00000003   -0.00000000   -0.00000001    0.00000003   -0.00040954   -0.00038402    0.00000002    0.00000003   -0.00000007   -0.00000005    0.00000004   -0.00000003    0.00000001   -0.00000001   -0.00000000    0.00670080    0.00000000   -0.00000001    0.00720735   -0.00000001   -0.00000000   -0.00000000    0.00000001   -0.00000000   -0.00000001   -0.00000000   -0.00302291    0.00000001    0.00000002    0.00199997    0.00000001   -0.00000001   -0.00000002    0.00000002    0.00000001   -0.00000002   -0.00956600    0.00000001    0.00000004    0.00000001    0.01045686    0.00000000   -0.00000001    0.00000002   -0.00000001    0.00000000   -0.00000001    0.00000001    0.00030632   -0.00090237   -0.00000001    0.00000000   -0.00000002   -0.00000002    0.00000000   -0.00000000    0.00000020    0.00672893    0.00787439   -0.00000001    0.00000002   -0.00000002   -0.00000002    0.00283075   -0.00243284   -0.00000003   -0.00000002   -0.00000002   -0.00000001    0.00000001    0.00393213   -0.00488117   -0.00000004    0.00000005    0.00000006   -0.00000005    0.00000008    0.00000008    0.00000002    0.00000002   -0.00000003    0.00000001    0.00000033   -0.00000035    0.70847464    0.70540138   -0.00001053   -0.00000159   -0.00000008    0.00000009   -0.00000000   -0.00000003
 -0.00000000   -0.00000000    0.00000000   -0.00000000    0.00000007   -0.00000002    0.00000005    0.00000003    0.00040969   -0.00038411    0.00000001    0.00000013   -0.00000004    0.00000001   -0.00000007   -0.00000008    0.00000001    0.00000001    0.00000001   -0.00670080   -0.00000002   -0.00000001    0.00720735    0.00000000   -0.00000000    0.00000000   -0.00000001    0.00000001   -0.00000001   -0.00000001    0.00302295   -0.00000002    0.00000002    0.00199999   -0.00000001   -0.00000000    0.00000003    0.00000004   -0.00000002    0.00000006    0.00956598   -0.00000002    0.00000003    0.00000000    0.01045685   -0.00000001    0.00000001   -0.00000003   -0.00000002   -0.00000001   -0.00000001   -0.00000001   -0.00030632   -0.00090237   -0.00000001   -0.00000000    0.00000001   -0.00000001   -0.00000000   -0.00000001   -0.00000020   -0.00672891    0.00787440   -0.00000002   -0.00000003    0.00000005   -0.00000004   -0.00283078   -0.00243290   -0.00000005    0.00000003   -0.00000000   -0.00000002   -0.00000002   -0.00393045   -0.00488252    0.00000002    0.00000004    0.00000004    0.00000004   -0.00000009    0.00000008    0.00000002   -0.00000002    0.00000038    0.00000040   -0.00000011    0.00000011   -0.70847519    0.70540084   -0.00001371   -0.00000612    0.00000019    0.00000018   -0.00000002   -0.00000000
  0.00000004    0.00000005   -0.00016630    0.00017139   -0.00000007    0.00000004    0.00283641   -0.00269159   -0.00000024    0.00000023    0.00000047    0.00000042    0.00000022   -0.00000021    0.00000006    0.00000004   -0.00670830   -0.00739252    0.00000001   -0.00000001   -0.00000001    0.00383517    0.00000000   -0.00297674    0.00000003   -0.00000003    0.00045412    0.00171793   -0.00000001   -0.00000011   -0.00000002    0.00000008   -0.00000011   -0.00000009    0.00000002   -0.00966713   -0.00130733    0.00018583    0.00000009    0.00640883   -0.00000004    0.00000006   -0.00051584    0.00000001   -0.00000001   -0.00000001   -0.00000005   -0.01279151    0.00039411    0.01930611    0.00000005    0.00000006   -0.00000001   -0.00000001    0.00000006    0.00000004   -0.00000012    0.00000011   -0.00000001    0.00000001    0.00000007   -0.00000001    0.00000000    0.00000008   -0.00473178    0.00008987   -0.00226574    0.00000000    0.00000001   -0.02053303   -0.00000017    0.00000006   -0.00000004   -0.00000002    0.00000000    0.00000000    0.00352294   -0.02097799   -0.00000011    0.00000000    0.00000003   -0.00000003   -0.00000003    0.00000003    0.00047085    0.00776631    0.00000082    0.00000090   -0.00000066   -0.00000832   -0.70754291    0.70454924    0.01121921    0.03302424    0.00000002   -0.00000004
  0.00000009   -0.00000009   -0.00016624   -0.00017124   -0.00000006   -0.00000007   -0.00283630   -0.00269140    0.00000010    0.00000010   -0.00000002    0.00000001    0.00000004    0.00000003   -0.00000008    0.00000008    0.00670832   -0.00739253   -0.00000003   -0.00000004   -0.00000005   -0.00383516   -0.00000005   -0.00297673   -0.00000000   -0.00000000   -0.00045409    0.00171792   -0.00000001   -0.00000001    0.00000011   -0.00000000   -0.00000006   -0.00000008    0.00000004    0.00966715   -0.00130735   -0.00018585    0.00000005   -0.00640880   -0.00000004   -0.00000009   -0.00051579   -0.00000002    0.00000007   -0.00000002   -0.00000003   -0.01279154   -0.00039411    0.01930613   -0.00000000    0.00000000   -0.00000008    0.00000007   -0.00000002    0.00000001    0.00000002    0.00000002    0.00000001   -0.00000001   -0.00000002   -0.00000002   -0.00000003    0.00000003    0.00473172   -0.00008984   -0.00226570   -0.00000003    0.00000004   -0.02053298   -0.00000008   -0.00000005   -0.00000002    0.00000000   -0.00000009    0.00000009   -0.00352289   -0.02097804   -0.00000009    0.00000003    0.00000015    0.00000019    0.00000006    0.00000007   -0.00047101    0.00776642    0.00000120   -0.00000139   -0.00000384    0.00001601    0.70754231    0.70454983   -0.01121957    0.03302453   -0.00000005   -0.00000005
 -0.00000006    0.00000006   -0.00024505   -0.00026909    0.00000004    0.00000002   -0.00518711   -0.00499229   -0.00000007   -0.00000006   -0.00000003    0.00000001    0.00000004    0.00000003   -0.00000005    0.00000006    0.01347855   -0.01429419    0.00000003    0.00000002    0.00000001   -0.00370346    0.00000002   -0.00212012    0.00000001    0.00000001   -0.00233888    0.00531699   -0.00000003   -0.00000002   -0.00000008    0.00000001   -0.00000007    0.00000014    0.00000017    0.02074162   -0.00112407   -0.00252840   -0.00000005   -0.01055549    0.00000007    0.00000000    0.00239374   -0.00000000   -0.00000002   -0.00000000   -0.00000010   -0.02405235   -0.00307267    0.04234067    0.00000002   -0.00000002    0.00000003   -0.00000003    0.00000001   -0.00000001   -0.00000001   -0.00000001   -0.00000001   -0.00000000    0.00000001    0.00000001   -0.00000000    0.00000000    0.00962474   -0.00054885   -0.00404358    0.00000002    0.00000001   -0.03891314   -0.00000011   -0.00000002    0.00000002   -0.00000001    0.00000001   -0.00000001    0.00148609   -0.04194452   -0.00000015    0.00000001    0.00000003    0.00000003   -0.00000002   -0.00000001   -0.00120266    0.01204503   -0.00000019    0.00000018    0.00000028   -0.00000019    0.01293960   -0.03943880    0.70836994    0.69966561    0.00000006    0.00000007
  0.00000009    0.00000008    0.00024489   -0.00026906   -0.00000004    0.00000007   -0.00518702    0.00499234   -0.00000008    0.00000008    0.00000015    0.00000023    0.00000005   -0.00000011    0.00000011    0.00000009    0.01347856    0.01429422    0.00000002    0.00000001   -0.00000001   -0.00370346    0.00000001    0.00212012    0.00000001   -0.00000001   -0.00233886   -0.00531696    0.00000002   -0.00000004   -0.00000008    0.00000002   -0.00000011    0.00000007    0.00000023    0.02074161    0.00112404   -0.00252842   -0.00000002   -0.01055550    0.00000004    0.00000001   -0.00239372    0.00000002   -0.00000001   -0.00000001    0.00000004    0.02405234   -0.00307266   -0.04234066    0.00000000    0.00000000    0.00000003    0.00000004    0.00000000    0.00000001   -0.00000006    0.00000005   -0.00000002   -0.00000003    0.00000003    0.00000002   -0.00000001    0.00000002    0.00962471   -0.00054881    0.00404356    0.00000001    0.00000000    0.03891310    0.00000014    0.00000003    0.00000001   -0.00000001   -0.00000000    0.00000000    0.00148611    0.04194456    0.00000020    0.00000003   -0.00000008    0.00000009   -0.00000004    0.00000004   -0.00120255   -0.01204502    0.00000006   -0.00000001   -0.00000007    0.00000052    0.01293987    0.03943915    0.70837028   -0.69966523    0.00000009   -0.00000013
 -0.00000000   -0.00000000    0.00000000   -0.00000000    0.00000000    0.00000002    0.00000004    0.00000003   -0.00000004    0.00000007   -0.00000002    0.00000004   -0.00052821    0.00052354   -0.00000002   -0.00000003    0.00000002    0.00000002   -0.00000001    0.00000000    0.00000000    0.00000001   -0.00000001   -0.00000001   -0.00169239    0.00176504   -0.00000000    0.00000002   -0.00000000   -0.00000001   -0.00000002    0.00000001    0.00000000   -0.00000002   -0.00000001   -0.00000001   -0.00000001   -0.00000000    0.00000001   -0.00000001    0.00000001    0.00000002    0.00000001    0.00315255    0.00000001   -0.00317673    0.00000001   -0.00000001    0.00000000    0.00000000    0.00774255    0.00774038   -0.00000001   -0.00000001   -0.00079025   -0.00152943    0.00000002   -0.00000001    0.00501781    0.00729208    0.00000001    0.00000001    0.00000000    0.00000001   -0.00000001    0.00000001   -0.00000000    0.00000002    0.00000001   -0.00000001   -0.00000000    0.00000001    0.00000001    0.00000001    0.00000001    0.00000001    0.00000002    0.00000003   -0.00138036   -0.00094743   -0.00000004    0.00000004    0.00083651   -0.00107615    0.00000001   -0.00000000   -0.00000005   -0.00000004    0.00000001    0.00000002    0.00000004    0.00000006   -0.00000005   -0.00000008    0.70757957    0.70646922
  0.00000000   -0.00000001   -0.00000000   -0.00000000    0.00000000   -0.00000001    0.00000005    0.00000002    0.00000003    0.00000004    0.00000004   -0.00000006   -0.00052814   -0.00052350   -0.00000002    0.00000003   -0.00000000    0.00000000   -0.00000000    0.00000000   -0.00000000    0.00000000   -0.00000000    0.00000000   -0.00169238   -0.00176503   -0.00000000   -0.00000000   -0.00000001   -0.00000001   -0.00000000    0.00000000    0.00000001   -0.00000000    0.00000001    0.00000001    0.00000000   -0.00000000    0.00000002   -0.00000001   -0.00000000   -0.00000003   -0.00000000    0.00315255    0.00000000    0.00317674    0.00000000   -0.00000001    0.00000000    0.00000001    0.00774256   -0.00774038    0.00000001   -0.00000000   -0.00079035    0.00152939   -0.00000000   -0.00000000    0.00501781   -0.00729209    0.00000000   -0.00000001    0.00000000   -0.00000001   -0.00000001    0.00000000    0.00000001   -0.00000000    0.00000001    0.00000001   -0.00000000   -0.00000000    0.00000000   -0.00000000    0.00000000   -0.00000000    0.00000001   -0.00000001   -0.00138037    0.00094744   -0.00000003   -0.00000002    0.00083677    0.00107595    0.00000001   -0.00000000    0.00000007   -0.00000007   -0.00000002   -0.00000000    0.00000003   -0.00000003   -0.00000010    0.00000011    0.70757815   -0.70647063
